"","DIC","xA","pH","p.CO2","stage","q","H","E"
"1",0.0430086494919877,0.975,7.17084568198838,0.15,"Oxidative Acidification",0,6.74767750568093e-08,0.0216775185611606
"2",0.0430086494919877,0.97025,7.1520752044157,0.155813445969364,"Oxidative Acidification",21.1343324418519,7.04571051662179e-08,0.0245291617121649
"3",0.0430086494919877,0.9655,7.133766889595,0.16166913186181,"Oxidative Acidification",42.2686648837032,7.34908229110639e-08,0.0270361278132196
"4",0.0430086494919877,0.96075,7.11590114747241,0.167563138466254,"Oxidative Acidification",63.4029973255551,7.65770889055398e-08,0.0292848140409495
"5",0.0430086494919877,0.956,7.09845810161204,0.173492195964229,"Oxidative Acidification",84.537329767407,7.97153391938175e-08,0.0313320860558348
"6",0.0430086494919877,0.95125,7.08141851597921,0.179453359802142,"Oxidative Acidification",105.671662209259,8.29051451541242e-08,0.0332174227765777
"7",0.0430086494919877,0.9465,7.06476386603573,0.185443976472903,"Oxidative Acidification",126.80599465111,8.6146201774651e-08,0.0349693985721563
"8",0.0430086494919877,0.94175,7.04847638145976,0.191461652621129,"Oxidative Acidification",147.940327092962,8.94383170474827e-08,0.0366093969455671
"9",0.0430086494919877,0.937,7.03253906716322,0.197504227290228,"Oxidative Acidification",169.074659534814,9.27814024428827e-08,0.0381538637610013
"10",0.0430086494919877,0.93225,7.01693570791992,0.203569747091407,"Oxidative Acidification",190.208991976665,9.6175464406539e-08,0.0396157394215173
"11",0.0430086494919877,0.9275,7.00165086081533,0.209656444052446,"Oxidative Acidification",211.343324418517,9.96205968091658e-08,0.0410054049173663
"12",0.0430086494919877,0.92275,6.98666983883031,0.215762715898913,"Oxidative Acidification",232.477656860369,1.03116974271953e-07,0.0423313273754644
"13",0.0430086494919877,0.918,6.9719786881449,0.22188710852618,"Oxidative Acidification",253.611989302221,1.0666484629032e-07,0.0436005129650715
"14",0.0430086494919877,0.91325,6.95756416116616,0.2280283004331,"Oxidative Acidification",274.746321744072,1.10264532080597e-07,0.0448188323837706
"15",0.0430086494919877,0.9085,6.94341368682087,0.234185088904329,"Oxidative Acidification",295.880654185924,1.13916416078288e-07,0.0459912597479097
"16",0.0430086494919877,0.90375,6.92951533928703,0.240356377746312,"Oxidative Acidification",317.014986627776,1.17620944021756e-07,0.0471220512158269
"17",0.0430086494919877,0.899,6.91585780604913,0.246541166400288,"Oxidative Acidification",338.149319069627,1.21378619560813e-07,0.0482148807757814
"18",0.0430086494919877,0.89425,6.90243035593575,0.252738540273679,"Oxidative Acidification",359.283651511479,1.25190001335476e-07,0.0492729450121784
"19",0.0430086494919877,0.8895,6.88922280762152,0.258947662148217,"Oxidative Acidification",380.417983953331,1.2905570047577e-07,0.0502990450243115
"20",0.0430086494919877,0.88475,6.87622549893826,0.265167764538999,"Oxidative Acidification",401.552316395183,1.32976378478819e-07,0.0512956512603004
"21",0.0430086494919877,0.88,6.8634292572345,0.271398142893046,"Oxidative Acidification",422.686648837034,1.36952745424448e-07,0.0522649553979802
"22",0.0430086494919877,0.87525,6.85082537094122,0.277638149529044,"Oxidative Acidification",443.820981278886,1.4098555849505e-07,0.0532089122809616
"23",0.0430086494919877,0.8705,6.8384055624401,0.283887188231556,"Oxidative Acidification",464.955313720738,1.45075620769653e-07,0.0541292741309622
"24",0.0430086494919877,0.86575,6.82616196228375,0.290144709423453,"Oxidative Acidification",486.08964616259,1.49223780265824e-07,0.0550276186975511
"25",0.0430086494919877,0.861,6.81408708478274,0.296410205849475,"Oxidative Acidification",507.223978604441,1.53430929206394e-07,0.0559053726024379
"26",0.0430086494919877,0.85625,6.80217380494847,0.302683208711989,"Oxidative Acidification",528.358311046293,1.57698003490973e-07,0.056763830840142
"27",0.0430086494919877,0.8515,6.7904153367626,0.308963284207137,"Oxidative Acidification",549.492643488145,1.62025982354872e-07,0.0576041731784333
"28",0.0430086494919877,0.84675,6.77880521273061,0.315250030415871,"Oxidative Acidification",570.626975929997,1.66415888200404e-07,0.0584274780385385
"29",0.0430086494919877,0.842,6.76733726466857,0.321543074509836,"Oxidative Acidification",591.761308371848,1.70868786587626e-07,0.0592347343116102
"30",0.0430086494919877,0.83725,6.75600560566616,0.327842070236933,"Oxidative Acidification",612.8956408137,1.75385786373437e-07,0.0600268514737137
"31",0.0430086494919877,0.8325,6.74480461316636,0.334146695655574,"Oxidative Acidification",634.029973255552,1.79968039989613e-07,0.0608046682890153
"32",0.0430086494919877,0.82775,6.73372891310062,0.340456651090347,"Oxidative Acidification",655.164305697404,1.84616743851789e-07,0.0615689603344977
"33",0.0430086494919877,0.823,6.72277336501835,0.34677165728506,"Oxidative Acidification",676.298638139255,1.89333138892775e-07,0.0623204465354123
"34",0.0430086494919877,0.81825,6.71193304815076,0.353091453731931,"Oxidative Acidification",697.432970581107,1.94118511214672e-07,0.063059794865886
"35",0.0430086494919877,0.8135,6.70120324835057,0.359415797158177,"Oxidative Acidification",718.567303022959,1.98974192855411e-07,0.0637876273414657
"36",0.0430086494919877,0.80875,6.69057944585154,0.365744460153456,"Oxidative Acidification",739.701635464811,2.03901562666204e-07,0.0645045244082905
"37",0.0430086494919877,0.804,6.68005730379392,0.372077229923463,"Oxidative Acidification",760.835967906662,2.08902047297303e-07,0.0652110288158043
"38",0.0430086494919877,0.79925,6.66963265746496,0.378413907156717,"Oxidative Acidification",781.970300348514,2.13977122290249e-07,0.0659076490455312
"39",0.0430086494919877,0.7945,6.65930150420614,0.384754304992965,"Oxidative Acidification",803.104632790366,2.19128313275496e-07,0.0665948623567265
"40",0.0430086494919877,0.78975,6.64905999394157,0.391098248083003,"Oxidative Acidification",824.238965232218,2.24357197274992e-07,0.0672731175001261
"41",0.0430086494919877,0.785,6.63890442028494,0.397445571730769,"Oxidative Acidification",845.373297674069,2.29665404109902e-07,0.0679428371431366
"42",0.0430086494919877,0.78025,6.62883121218479,0.403796121109619,"Oxidative Acidification",866.507630115921,2.35054617914272e-07,0.0686044200432859
"43",0.0430086494919877,0.7755,6.61883692607076,0.410149750545546,"Oxidative Acidification",887.641962557773,2.40526578755963e-07,0.0692582430013461
"44",0.0430086494919877,0.77075,6.60891823846566,0.416506322860892,"Oxidative Acidification",908.776294999624,2.46083084366766e-07,0.0699046626210201
"45",0.0430086494919877,0.766,6.59907193903065,0.422865708772783,"Oxidative Acidification",929.910627441476,2.51725991984086e-07,0.0705440168983073
"46",0.0430086494919877,0.76125,6.58929492401322,0.429227786341127,"Oxidative Acidification",951.044959883328,2.57457220307113e-07,0.0711766266604769
"47",0.0430086494919877,0.7565,6.57958419006928,0.43559244046157,"Oxidative Acidification",972.17929232518,2.63278751570932e-07,0.0718027968718963
"48",0.0430086494919877,0.75175,6.56993682843311,0.441959562399227,"Oxidative Acidification",993.313624767031,2.69192633742456e-07,0.0724228178216844
"49",0.0430086494919877,0.747,6.56035001941045,0.448329049359518,"Oxidative Acidification",1014.44795720888,2.75200982842647e-07,0.0730369662062223
"50",0.0430086494919877,0.74225,6.55082102717173,0.45470080409272,"Oxidative Acidification",1035.58228965073,2.81305985399964e-07,0.0736455061179075
"51",0.0430086494919877,0.7375,6.54134719482406,0.461074734529257,"Oxidative Acidification",1056.71662209259,2.87509901040489e-07,0.0742486899501165
"52",0.0430086494919877,0.73275,6.53192593974213,0.467450753442985,"Oxidative Acidification",1077.85095453444,2.93815065220767e-07,0.0748467592271349
"53",0.0430086494919877,0.728,6.52255474913937,0.473828778140062,"Oxidative Acidification",1098.98528697629,3.00223892109901e-07,0.0754399453667604
"54",0.0430086494919877,0.72325,6.51323117586201,0.480208730171172,"Oxidative Acidification",1120.11961941814,3.0673887762807e-07,0.0760284703823874
"55",0.0430086494919877,0.7185,6.50395283439006,0.486590535065099,"Oxidative Acidification",1141.25395185999,3.13362602649211e-07,0.0766125475305948
"56",0.0430086494919877,0.71375,6.49471739702979,0.492974122081875,"Oxidative Acidification",1162.38828430184,3.20097736376267e-07,0.077192381909583
"57",0.0430086494919877,0.709,6.48552259028395,0.49935942398384,"Oxidative Acidification",1183.5226167437,3.26947039898064e-07,0.0777681710132111
"58",0.0430086494919877,0.70425,6.47636619138624,0.505746376823133,"Oxidative Acidification",1204.65694918555,3.3391336993761e-07,0.0783401052448733
"59",0.0430086494919877,0.6995,6.46724602498772,0.512134919744286,"Oxidative Acidification",1225.7912816274,3.40999682802348e-07,0.078908368394998
"60",0.0430086494919877,0.69475,6.45815995998362,0.518524994800673,"Oxidative Acidification",1246.92561406925,3.48209038547719e-07,0.0794731380855609
"61",0.0430086494919877,0.69,6.44910590646949,0.524916546783716,"Oxidative Acidification",1268.0599465111,3.55544605366244e-07,0.0800345861846548
"62",0.0430086494919877,0.68525,6.44008181281651,0.531309523063833,"Oxidative Acidification",1289.19427895296,3.63009664215275e-07,0.0805928791938513
"63",0.0430086494919877,0.6805,6.43108566285616,0.537703873442193,"Oxidative Acidification",1310.32861139481,3.70607613697515e-07,0.0811481786108244
"64",0.0430086494919877,0.67575,6.4221154731651,0.544099550012465,"Oxidative Acidification",1331.46294383666,3.78341975209534e-07,0.0817006412694635
"65",0.0430086494919877,0.671,6.41316929044165,0.550496507031747,"Oxidative Acidification",1352.59727627851,3.86216398374588e-07,0.0822504196594956
"66",0.0430086494919877,0.66625,6.40424518896545,0.556894700800013,"Oxidative Acidification",1373.73160872036,3.94234666777319e-07,0.0827976622274497
"67",0.0430086494919877,0.6615,6.39534126813254,0.563294089547415,"Oxidative Acidification",1394.86594116221,4.02400704019237e-07,0.0833425136606313
"68",0.0430086494919877,0.65675,6.38645565005836,0.569694633328852,"Oxidative Acidification",1416.00027360407,4.10718580115324e-07,0.0838851151556279
"69",0.0430086494919877,0.652,6.37758647724132,0.576096293925273,"Oxidative Acidification",1437.13460604592,4.19192518253623e-07,0.0844256046727359
"70",0.0430086494919877,0.64725,6.36873191028021,0.582499034751214,"Oxidative Acidification",1458.26893848777,4.27826901941421e-07,0.0849641171775856
"71",0.0430086494919877,0.6425,6.35989012563856,0.588902820768118,"Oxidative Acidification",1479.40327092962,4.36626282563386e-07,0.0855007848711365
"72",0.0430086494919877,0.63775,6.35105931344967,0.59530761840301,"Oxidative Acidification",1500.53760337147,4.4559538737904e-07,0.0860357374091227
"73",0.0430086494919877,0.633,6.34223767535581,0.601713395472169,"Oxidative Acidification",1521.67193581332,4.54739127989103e-07,0.0865691021119515
"74",0.0430086494919877,0.62825,6.33342342237554,0.608120121109415,"Oxidative Acidification",1542.80626825518,4.64062609302526e-07,0.0871010041659807
"75",0.0430086494919877,0.6235,6.32461477279315,0.614527765698685,"Oxidative Acidification",1563.94060069703,4.73571139038632e-07,0.0876315668170405
"76",0.0430086494919877,0.61875,6.31580995006404,0.620936300810642,"Oxidative Acidification",1585.07493313888,4.83270237801524e-07,0.0881609115570082
"77",0.0430086494919877,0.614,6.30700718073042,0.627345699142982,"Oxidative Acidification",1606.20926558073,4.93165649766916e-07,0.0886891583041937
"78",0.0430086494919877,0.60925,6.29820469234122,0.633755934464213,"Oxidative Acidification",1627.34359802258,5.03263354024861e-07,0.0892164255782515
"79",0.0430086494919877,0.6045,6.28940071137035,0.640166981560676,"Oxidative Acidification",1648.47793046443,5.13569576625443e-07,0.0897428306702961
"80",0.0430086494919877,0.59975,6.28059346112751,0.646578816186567,"Oxidative Acidification",1669.61226290629,5.24090803378395e-07,0.0902684898088653
"81",0.0430086494919877,0.595,6.27178115965541,0.652991415016782,"Oxidative Acidification",1690.74659534814,5.34833793461964e-07,0.0907935183223486
"82",0.0430086494919877,0.59025,6.26296201760735,0.659404755602372,"Oxidative Acidification",1711.88092778999,5.45805593900975e-07,0.0913180307984738
"83",0.0430086494919877,0.5855,6.25413423609903,0.665818816328456,"Oxidative Acidification",1733.01526023184,5.57013554979278e-07,0.0918421412414241
"84",0.0430086494919877,0.58075,6.24529600452801,0.672233576374421,"Oxidative Acidification",1754.14959267369,5.68465346657389e-07,0.0923659632271479
"85",0.0430086494919877,0.576,6.23644549835447,0.678649015676247,"Oxidative Acidification",1775.28392511554,5.80168976072366e-07,0.0928896100574044
"86",0.0430086494919877,0.57125,6.22758087683627,0.685065114890846,"Oxidative Acidification",1796.4182575574,5.92132806203801e-07,0.0934131949130884
"87",0.0430086494919877,0.5665,6.21870028071126,0.691481855362256,"Oxidative Acidification",1817.55258999925,6.04365575797369e-07,0.0939368310073665
"88",0.0430086494919877,0.56175,6.20980182981957,0.697899219089582,"Oxidative Acidification",1838.6869224411,6.16876420645624e-07,0.0944606317391625
"89",0.0430086494919877,0.557,6.20088362065781,0.704317188696574,"Oxidative Acidification",1859.82125488295,6.29674896334944e-07,0.0949847108475273
"90",0.0430086494919877,0.55225,6.19194372385735,0.710735747402718,"Oxidative Acidification",1880.9555873248,6.42771002577601e-07,0.0955091825674403
"91",0.0430086494919877,0.5475,6.18298018157773,0.717154878995773,"Oxidative Acidification",1902.08991976666,6.5617520925915e-07,0.0960341617875956
"92",0.0430086494919877,0.54275,6.17399100480621,0.723574567805622,"Oxidative Acidification",1923.22425220851,6.69898484343645e-07,0.0965597642107424
"93",0.0430086494919877,0.538,6.16497417055367,0.729994798679377,"Oxidative Acidification",1944.35858465036,6.83952323792982e-07,0.0970861065171676
"94",0.0430086494919877,0.53325,6.1559276189364,0.736415556957651,"Oxidative Acidification",1965.49291709221,6.98348783671834e-07,0.0976133065319286
"95",0.0430086494919877,0.5285,6.14684925013274,0.742836828451904,"Oxidative Acidification",1986.62724953406,7.13100514626536e-07,0.0981414833964737
"96",0.0430086494919877,0.52375,6.13773692120254,0.749258599422821,"Oxidative Acidification",2007.76158197591,7.28220798945128e-07,0.0986707577453164
"97",0.0430086494919877,0.519,6.12858844275667,0.755680856559607,"Oxidative Acidification",2028.89591441777,7.43723590426633e-07,0.0992012518884674
"98",0.0430086494919877,0.51425,6.11940157546272,0.76210358696018,"Oxidative Acidification",2050.03024685962,7.5962355731105e-07,0.0997330900003714
"99",0.0430086494919877,0.5095,6.11017402637196,0.768526778112165,"Oxidative Acidification",2071.16457930147,7.7593612854754e-07,0.10026639831614
"100",0.0430086494919877,0.50475,6.10090344505128,0.774950417874643,"Oxidative Acidification",2092.29891174332,7.92677543707505e-07,0.100801305335931
"101",0.0430086494919877,0.5,6.09158741950268,0.781374494460606,"Oxidative Acidification",2113.43324418517,8.09864906881805e-07,0.101337942038383
"102",0.0430086494919877,0.49525,6.08222347185111,0.787798996420028,"Oxidative Acidification",2134.56757662702,8.27516244938005e-07,0.101876442104082
"103",0.0430086494919877,0.4905,6.07280905377997,0.794223912623539,"Oxidative Acidification",2155.70190906888,8.45650570554599e-07,0.102416942150127
"104",0.0430086494919877,0.48575,6.0633415416914,0.800649232246624,"Oxidative Acidification",2176.83624151073,8.6428795049538e-07,0.102959581976925
"105",0.0430086494919877,0.481,6.05381823156677,0.807074944754297,"Oxidative Acidification",2197.97057395258,8.83449579639149e-07,0.103504504828484
"106",0.0430086494919877,0.47625,6.04423633350005,0.813501039886208,"Oxidative Acidification",2219.10490639443,9.03157861338701e-07,0.104051857667538
"107",0.0430086494919877,0.4715,6.03459296587426,0.819927507642122,"Oxidative Acidification",2240.23923883628,9.23436494749352e-07,0.104601791467009
"108",0.0430086494919877,0.46675,6.02488514914838,0.826354338267714,"Oxidative Acidification",2261.37357127813,9.44310569842405e-07,0.105154461519413
"109",0.0430086494919877,0.462,6.01510979921852,0.832781522240649,"Oxidative Acidification",2282.50790371999,9.65806670904091e-07,0.105710027766017
"110",0.0430086494919877,0.45725,6.00526372031357,0.839209050256874,"Oxidative Acidification",2303.64223616184,9.8795298941732e-07,0.10626865514769
"111",0.0430086494919877,0.4525,5.99534359738168,0.84563691321707,"Oxidative Acidification",2324.77656860369,1.0107794473336e-06,0.106830513979627
"112",0.0430086494919877,0.44775,5.98534598791857,0.8520651022132,"Oxidative Acidification",2345.91090104554,1.03431783186802e-06,0.107395780352352
"113",0.0430086494919877,0.443,5.97526731318421,0.858493608515128,"Oxidative Acidification",2367.04523348739,1.05860194309381e-06,0.107964636561629
"114",0.0430086494919877,0.43825,5.96510384874781,0.864922423557198,"Oxidative Acidification",2388.17956592924,1.08366775577659e-06,0.108537271570258
"115",0.0430086494919877,0.4335,5.95485171429469,0.87135153892473,"Oxidative Acidification",2409.3138983711,1.10955359707755e-06,0.109113881505018
"116",0.0430086494919877,0.42875,5.94450686262096,0.877780946340356,"Oxidative Acidification",2430.44823081295,1.13630034197024e-06,0.109694670192417
"117",0.0430086494919877,0.424,5.93406506773323,0.884210637650133,"Oxidative Acidification",2451.5825632548,1.16395162846595e-06,0.110279849737347
"118",0.0430086494919877,0.41925,5.92352191196076,0.890640604809308,"Oxidative Acidification",2472.71689569665,1.1925540950297e-06,0.110869641149195
"119",0.0430086494919877,0.4145,5.91287277197642,0.897070839867676,"Oxidative Acidification",2493.8512281385,1.22215764290253e-06,0.111464275020575
"120",0.0430086494919877,0.40975,5.90211280361004,0.903501334954406,"Oxidative Acidification",2514.98556058036,1.25281572643208e-06,0.112063992264423
"121",0.0430086494919877,0.405,5.89123692532304,0.909932082262222,"Oxidative Acidification",2536.11989302221,1.28458567496293e-06,0.112669044915982
"122",0.0430086494919877,0.40025,5.88023980019669,0.916363074030818,"Oxidative Acidification",2557.25422546406,1.31752905036223e-06,0.113279697007012
"123",0.0430086494919877,0.3955,5.86911581626717,0.922794302529323,"Oxidative Acidification",2578.38855790591,1.35171204486888e-06,0.113896225520551
"124",0.0430086494919877,0.39075,5.85785906501831,0.929225760037684,"Oxidative Acidification",2599.52289034776,1.38720592467301e-06,0.114518921435657
"125",0.0430086494919877,0.386,5.8464633178176,0.935657438826758,"Oxidative Acidification",2620.65722278961,1.42408752547652e-06,0.11514809087288
"126",0.0430086494919877,0.38125,5.83492200005144,0.942089331136867,"Oxidative Acidification",2641.79155523147,1.46243980728192e-06,0.115784056352693
"127",0.0430086494919877,0.3765,5.82322816268123,0.948521429154616,"Oxidative Acidification",2662.92588767332,1.50235247683408e-06,0.116427158180886
"128",0.0430086494919877,0.37175,5.81137445090216,0.954953724987594,"Oxidative Acidification",2684.06022011517,1.54392268753751e-06,0.117077755976979
"129",0.0430086494919877,0.367,5.79935306953984,0.961386210636707,"Oxidative Acidification",2705.19455255702,1.58725582833581e-06,0.11773623036407
"130",0.0430086494919877,0.36225,5.7871557447654,0.967818877965651,"Oxidative Acidification",2726.32888499887,1.63246641502771e-06,0.118402984841411
"131",0.0430086494919877,0.3575,5.77477368164563,0.974251718667118,"Oxidative Acidification",2747.46321744072,1.67967909987804e-06,0.119078447864259
"132",0.0430086494919877,0.35275,5.76219751696909,0.980684724225132,"Oxidative Acidification",2768.59754988258,1.72902981825014e-06,0.119763075159534
"133",0.0430086494919877,0.348,5.74941726669994,0.987117885872905,"Oxidative Acidification",2789.73188232443,1.78066709445187e-06,0.120457352310423
"134",0.0430086494919877,0.34325,5.73642226730507,0.993551194545364,"Oxidative Acidification",2810.86621476628,1.83475353319152e-06,0.121161797648651
"135",0.0430086494919877,0.3385,5.72320111007386,0.999984640825501,"Oxidative Acidification",2832.00054720813,1.8914675281611e-06,0.121876965499738
"136",0.0430086494919877,0.33375,5.70974156739873,1.00641821488335,"Oxidative Acidification",2853.13487964998,1.95100522553132e-06,0.122603449834553
"137",0.0430086494919877,0.329,5.6960305098034,1.01285190640632,"Oxidative Acidification",2874.26921209184,2.01358278784638e-06,0.123341888390019
"138",0.0430086494919877,0.32425,5.68205381228659,1.01928570451923,"Oxidative Acidification",2895.40354453369,2.07943901332319e-06,0.12409296733348
"139",0.0430086494919877,0.3195,5.6677962482841,1.02571959769204,"Oxidative Acidification",2916.53787697554,2.14883837737542e-06,0.124857426559298
"140",0.0430086494919877,0.31475,5.65324136922927,1.03215357363299,"Oxidative Acidification",2937.67220941739,2.22207457793149e-06,0.125636065723532
"141",0.0430086494919877,0.31,5.63837136729714,1.03858761916416,"Oxidative Acidification",2958.80654185924,2.29947468463015e-06,0.126429751143702
"142",0.0430086494919877,0.30525,5.62316691843219,1.04502172007564,"Oxidative Acidification",2979.94087430109,2.38140401535361e-06,0.127239423716757
"143",0.0430086494919877,0.3005,5.60760700215925,1.0514558609542,"Oxidative Acidification",3001.07520674295,2.46827189326217e-06,0.128066108040828
"144",0.0430086494919877,0.29575,5.59166869393096,1.05789002498047,"Oxidative Acidification",3022.2095391848,2.56053847548074e-06,0.128910922966797
"145",0.0430086494919877,0.291,5.57532692483137,1.06432419368778,"Oxidative Acidification",3043.34387162665,2.65872289350906e-06,0.129775093856615
"146",0.0430086494919877,0.28625,5.55855420227923,1.07075834667368,"Oxidative Acidification",3064.4782040685,2.76341300889167e-06,0.130659966889548
"147",0.0430086494919877,0.2815,5.54132028388397,1.07719246125287,"Oxidative Acidification",3085.61253651035,2.8752771706571e-06,0.131567025839442
"148",0.0430086494919877,0.27675,5.5235917947034,1.08362651203683,"Oxidative Acidification",3106.7468689522,2.9950784704131e-06,0.13249791185102
"149",0.0430086494919877,0.272,5.5053317757021,1.09006047042145,"Oxidative Acidification",3127.88120139406,3.12369213643816e-06,0.133454446878894
"150",0.0430086494919877,0.26725,5.48649914803069,1.09649430395805,"Oxidative Acidification",3149.01553383591,3.26212690335459e-06,0.1344386616297
"151",0.0430086494919877,0.2625,5.467048073585,1.10292797557544,"Oxidative Acidification",3170.14986627776,3.41155145867726e-06,0.135452829080077
"152",0.0430086494919877,0.25775,5.44692718680755,1.10936144261001,"Oxidative Acidification",3191.28419871961,3.57332743027258e-06,0.136499504951424
"153",0.0430086494919877,0.253,5.4260786653574,1.11579465558609,"Oxidative Acidification",3212.41853116146,3.74905088156902e-06,0.137581576935444
"154",0.0430086494919877,0.24825,5.40443709738031,1.12222755666809,"Oxidative Acidification",3233.55286360331,3.94060498696102e-06,0.138702325024001
"155",0.0430086494919877,0.2435,5.38192808960808,1.12866007767644,"Oxidative Acidification",3254.68719604517,4.15022756328928e-06,0.139865496063672
"156",0.0430086494919877,0.23875,5.35846654185971,1.13509213751674,"Oxidative Acidification",3275.82152848702,4.38059858096095e-06,0.1410753967194
"157",0.0430086494919877,0.234,5.33395448738618,1.14152363880928,"Oxidative Acidification",3296.95586092887,4.63495489973359e-06,0.142337010528371
"158",0.0430086494919877,0.22925,5.30827836136035,1.14795446341318,"Oxidative Acidification",3318.09019337072,4.91724263635094e-06,0.143656146861487
"159",0.0430086494919877,0.2245,5.28130550616994,1.1543844663981,"Oxidative Acidification",3339.22452581257,5.23232237309786e-06,0.145039632708381
"160",0.0430086494919877,0.21975,5.25287964332035,1.16081346779781,"Oxidative Acidification",3360.35885825442,5.58624985865358e-06,0.146495562775422
"161",0.0430086494919877,0.215,5.22281492359007,1.16724124113318,"Oxidative Acidification",3381.49319069628,5.98666665010157e-06,0.148033630268224
"162",0.0430086494919877,0.21025,5.19088798619604,1.17366749712833,"Oxidative Acidification",3402.62752313813,6.44335431927369e-06,0.149665571308179
"163",0.0430086494919877,0.2055,5.15682717421009,1.18009186010161,"Oxidative Acidification",3423.76185557998,6.96903789073117e-06,0.151405772579014
"164",0.0430086494919877,0.20075,5.12029759725097,1.18651383288867,"Oxidative Acidification",3444.89618802183,7.58057943118031e-06,0.153272118692687
"165",0.0430086494919877,0.196,5.08087997641568,1.19293274325284,"Oxidative Acidification",3466.03052046368,8.30080140514001e-06,0.155287200508789
"166",0.0430086494919877,0.19125,5.0380399112018,1.19934765934158,"Oxidative Acidification",3487.16485290554,9.16136294300507e-06,0.15748008259714
"167",0.0430086494919877,0.1865,4.99108190451854,1.20575725123718,"Oxidative Acidification",3508.29918534739,1.02074696071727e-05,0.159888965452999
"168",0.0430086494919877,0.18175,4.93907820623356,1.21215955405051,"Oxidative Acidification",3529.43351778924,1.15059317548717e-05,0.162565334183591
"169",0.0430086494919877,0.177,4.88075420572114,1.2185515407349,"Oxidative Acidification",3550.56785023109,1.31596941046929e-05,0.16558068655407
"170",0.0430086494919877,0.17225,4.8142949598434,1.22492830129509,"Oxidative Acidification",3571.70218267294,1.53357507062849e-05,0.169037969905352
"171",0.0430086494919877,0.1675,4.73699995416704,1.2312813372588,"Oxidative Acidification",3592.83651511479,1.83231461574324e-05,0.173092137186489
"172",0.0430086494919877,0.16275,4.64462603294733,1.23759465130239,"Oxidative Acidification",3613.97084755665,2.26659521216822e-05,0.177989580863114
"173",0.0430086494919877,0.158,4.53004763662648,1.24383458432894,"Oxidative Acidification",3635.1051799985,2.95088553399359e-05,0.184149332329751
"174",0.0430086494919877,0.15325,4.38040502379442,1.24991890951315,"Oxidative Acidification",3656.23951244035,4.16480791582133e-05,0.192338642699792
"175",0.0430086494919877,0.1485,4.17212642102128,1.25560664565232,"Oxidative Acidification",3677.3738448822,6.72780784547564e-05,0.203994307295331
"176",0.0430086494919877,0.14375,3.88096537717683,1.26015862631355,"Oxidative Acidification",3698.50817732405,0.000131532968872136,0.220719934542384
"177",0.0430086494919877,0.139,3.57237657142745,1.26259631348247,"Oxidative Acidification",3719.6425097659,0.000267684625763372,0.238914916597179
"178",0.0430086494919877,0.13425,3.34313875961791,1.26356475838162,"Oxidative Acidification",3740.77684220776,0.000453796602825862,0.252760036553823
"179",0.0430086494919877,0.1295,3.18169612120135,1.26399768676504,"Oxidative Acidification",3761.91117464961,0.000658118166039702,0.262736126529925
"180",0.0430086494919877,0.12475,3.0608721709533,1.26423132749165,"Oxidative Acidification",3783.04550709146,0.000869216234360458,0.270374214045513
"181",0.0430086494919877,0.12,2.96522655799611,1.26437535092358,"Oxidative Acidification",3804.17983953331,0.00108336161034549,0.276563009695357
"182",0.0430086494919877,0.11525,2.88635657780698,1.26447245202676,"Oxidative Acidification",3825.31417197516,0.00129910251095348,0.281790807115873
"183",0.0430086494919877,0.1105,2.81936530984998,1.26454216139401,"Oxidative Acidification",3846.44850441701,0.00151577482644115,0.286344228989758
"184",0.0430086494919877,0.10575,2.76119250184682,1.26459456329082,"Oxidative Acidification",3867.58283685887,0.00173303565616462,0.290403749843651
"185",0.0430086494919877,0.101,2.70981148856563,1.26463535889524,"Oxidative Acidification",3888.71716930072,0.00195069114007371,0.294090032208742
"186",0.0430086494919877,0.0962499999999999,2.66381578465654,1.2646680037344,"Oxidative Acidification",3909.85150174257,0.00216862377816537,0.297487917255147
"187",0.0430086494919877,0.0915,2.62219155124485,1.26469471024725,"Oxidative Acidification",3930.98583418442,0.00238675833983176,0.300659705044708
"188",0.0430086494919877,0.08675,2.58418485653212,1.26471695895245,"Oxidative Acidification",3952.12016662627,0.0026050444822787,0.303652962887117
"189",0.0430086494919877,0.082,2.54922031841,1.26473577721973,"Oxidative Acidification",3973.25449906812,0.00282344727141237,0.306505373432274
"190",0.0430086494919877,0.07725,2.51684911096316,1.26475189993158,"Oxidative Acidification",3994.38883150998,0.00304194171865501,0.309247905577403
"191",0.0430086494919877,0.0725,2.48671453224684,1.26476586645666,"Oxidative Acidification",4015.52316395183,0.00326050948365989,0.311907005007592
"192",0.0430086494919877,0.06775,2.45852849379211,1.26477808150116,"Oxidative Acidification",4036.65749639368,0.00347913680499061,0.314506207869848
"193",0.0430086494919877,0.0630000000000001,2.4320550366137,1.26478885460444,"Oxidative Acidification",4057.79182883553,0.00369781315724037,0.317067430757978
"194",0.0430086494919877,0.05825,2.40709850323573,1.26479842652218,"Oxidative Acidification",4078.92616127738,0.00391653035392518,0.319612116077754
"195",0.0430086494919877,0.0535,2.38349487603287,1.26480698730098,"Oxidative Acidification",4100.06049371923,0.00413528193277587,0.322162385015712
"196",0.0430086494919877,0.04875,2.36110531876618,1.26481468894823,"Oxidative Acidification",4121.19482616109,0.00435406272500227,0.324742362301553
"197",0.0430086494919877,0.044,2.33981128275559,1.26482165448897,"Oxidative Acidification",4142.32915860294,0.00457286854740967,0.327379895821377
"198",0.0430086494919877,0.03925,2.31951074468806,1.26482798454674,"Oxidative Acidification",4163.46349104479,0.00479169597838082,0.330109031456066
"199",0.0430086494919877,0.0345,2.30011527645566,1.26483376222142,"Oxidative Acidification",4184.59782348664,0.00501054219225132,0.33297390024586
"200",0.0430086494919877,0.0297500000000001,2.28154773590358,1.26483905673965,"Oxidative Acidification",4205.73215592849,0.00522940483507365,0.336035338494177
"201",0.0430086494919877,0.025,2.26374042724072,1.26484392623297,"Oxidative Acidification",4226.86648837034,0.00544828193019413,0.339383168225558
"202",0.0430086494919877,0.025,2.26374042724072,1.26484392623297,"CO2 Degassing",4226.86648837034,0.00544828193019413,0.339383168225558
"203",0.0340031281339686,0.025,2.26380642327227,1.00000000000064,"CO2 Degassing",0,0.00544745406412053,0.339379270361069
"204",0.0340031281339686,0.025,2.26380642327227,1.00000000000064,"Reductive Regeneration",0,0.00544745406412053,0.339379270361069
"205",0.0340031281339686,0.02975,2.28161936876294,0.999996148293195,"Reductive Regeneration",21.1343324418517,0.00522854236422674,0.336031107899442
"206",0.0340031281339686,0.0345,2.3001932998066,0.999991960224076,"Reductive Regeneration",42.2686648837035,0.00500964210212107,0.332969292460565
"207",0.0340031281339686,0.03925,2.31959605266946,0.999987389753755,"Reductive Regeneration",63.4029973255552,0.00479075484331247,0.330103993738207
"208",0.0340031281339686,0.044,2.33990494426994,0.999982382046841,"Reductive Regeneration",84.5373297674069,0.00457188245242182,0.327374365127126
"209",0.0340031281339686,0.04875,2.3612086223133,0.999976871269342,"Reductive Regeneration",105.671662209259,0.00435302716813441,0.324736262644291
"210",0.0340031281339686,0.0535,2.3836093890711,0.999970777680845,"Reductive Regeneration",126.80599465111,0.00413419170185607,0.322155623969932
"211",0.0340031281339686,0.05825,2.40722615186679,0.999964003777402,"Reductive Regeneration",147.940327092962,0.00391537936929472,0.31960458008694
"212",0.0340031281339686,0.063,2.4321982141849,0.999956429038625,"Reductive Regeneration",169.074659534814,0.00369659426852519,0.317058978741146
"213",0.0340031281339686,0.06775,2.45869021142035,0.999947902742196,"Reductive Regeneration",190.208991976666,0.00347784152486489,0.314496662362312
"214",0.0340031281339686,0.0725,2.48689863139471,0.999938233870292,"Reductive Regeneration",211.343324418517,0.00325912763370576,0.311896139653066
"215",0.0340031281339686,0.07725,2.51706057002622,0.999927176714248,"Reductive Regeneration",232.477656860369,0.00304046095019296,0.309235427094163
"216",0.0340031281339686,0.082,2.54946570551546,0.999914409837905,"Reductive Regeneration",253.611989302221,0.00282185240460216,0.306490894988481
"217",0.0340031281339686,0.08675,2.58447301659396,0.999899504541057,"Reductive Regeneration",274.746321744072,0.00260331657454361,0.303635963718371
"218",0.0340031281339686,0.0915,2.62253468131867,0.999881876201868,"Reductive Regeneration",295.880654185924,0.00238487333977588,0.300639467279004
"219",0.0340031281339686,0.09625,2.66423117870771,0.999860706572847,"Reductive Regeneration",317.014986627776,0.00216655052424001,0.297463423468706
"220",0.0340031281339686,0.101,2.71032449040847,0.999834814723088,"Reductive Regeneration",338.149319069628,0.00194838828477491,0.294059792160705
"221",0.0340031281339686,0.10575,2.76184176002527,0.999802432342997,"Reductive Regeneration",359.283651511479,0.00173044675168379,0.29036549239634
"222",0.0340031281339686,0.1105,2.82021271286445,0.999760789832227,"Reductive Regeneration",380.417983953331,0.00151282010359064,0.286294320230498
"223",0.0340031281339686,0.11525,2.88750748972267,0.999705299195457,"Reductive Regeneration",401.552316395183,0.00129566435265483,0.281723066782701
"224",0.0340031281339686,0.12,2.96687506284864,0.999627795100448,"Reductive Regeneration",422.686648837035,0.00107925715657111,0.276466069552308
"225",0.0340031281339686,0.12475,3.06341504416868,0.99951230405556,"Reductive Regeneration",443.820981278886,0.000864141685846552,0.270224880463428
"226",0.0340031281339686,0.1295,3.18606767058828,0.999323274159224,"Reductive Regeneration",464.955313720738,0.000651526867001859,0.262479957450676
"227",0.0340031281339686,0.13425,3.3519974706051,0.99896597846176,"Reductive Regeneration",486.08964616259,0.00044463385707451,0.252243007036909
"228",0.0340031281339686,0.139,3.59479770667228,0.998124197504507,"Reductive Regeneration",507.223978604441,0.000254215656023622,0.237618137358335
"229",0.0340031281339686,0.14375,3.93793023395937,0.995765992012532,"Reductive Regeneration",528.358311046293,0.000115363856602586,0.217500154888036
"230",0.0340031281339686,0.1485,4.25804027687381,0.99109380824461,"Reductive Regeneration",549.492643488145,5.52026241480133e-05,0.199329628279971
"231",0.0340031281339686,0.15325,4.47661802131752,0.985294625283716,"Reductive Regeneration",570.626975929997,3.33719803108668e-05,0.187338376246399
"232",0.0340031281339686,0.158,4.63025115331746,0.979146077650904,"Reductive Regeneration",591.761308371848,2.34287353529582e-05,0.17914778525971
"233",0.0340031281339686,0.16275,4.74690315550301,0.972867616408344,"Reductive Regeneration",612.8956408137,1.79100519058347e-05,0.17306503478398
"234",0.0340031281339686,0.1675,4.84064035190082,0.966529304329402,"Reductive Regeneration",634.029973255552,1.44331009122311e-05,0.168258774906853
"235",0.0340031281339686,0.17225,4.91898714921471,0.960158988388569,"Reductive Regeneration",655.164305697404,1.20507159794492e-05,0.164292261593855
"236",0.0340031281339686,0.177,4.98634446396408,0.95376970582509,"Reductive Regeneration",676.298638139255,1.03194258798374e-05,0.160914209899495
"237",0.0340031281339686,0.18175,5.04548444575183,0.947368323150869,"Reductive Regeneration",697.432970581107,9.00566015926901e-06,0.157968784203667
"238",0.0340031281339686,0.1865,5.09825817873996,0.940958786457537,"Reductive Regeneration",718.567303022959,7.9752043754855e-06,0.155353467697883
"239",0.0340031281339686,0.19125,5.14596007302325,0.934543520255447,"Reductive Regeneration",739.701635464811,7.14562016501662e-06,0.152997587269474
"240",0.0340031281339686,0.196,5.18952946992291,0.928124094887648,"Reductive Regeneration",760.835967906662,6.46354132855662e-06,0.150850545496858
"241",0.0340031281339686,0.20075,5.22966903661531,0.921701571840128,"Reductive Regeneration",781.970300348514,5.89292567268175e-06,0.148874974524773
"242",0.0340031281339686,0.2055,5.26691782275411,0.915276694429731,"Reductive Regeneration",803.104632790366,5.40856654214649e-06,0.147042550833949
"243",0.0340031281339686,0.21025,5.30169824939605,0.908849998891607,"Reductive Regeneration",824.238965232217,4.99231236063575e-06,0.145331328198931
"244",0.0340031281339686,0.215,5.33434741176569,0.902421882050688,"Reductive Regeneration",845.373297674069,4.63076335862412e-06,0.1437239772278
"245",0.0340031281339686,0.21975,5.36513856875153,0.895992644135825,"Reductive Regeneration",866.507630115921,4.31381415577285e-06,0.142206587724193
"246",0.0340031281339686,0.2245,5.39429628408231,0.889562516761897,"Reductive Regeneration",887.641962557773,4.03370112197244e-06,0.140767832363653
"247",0.0340031281339686,0.22925,5.42200733933607,0.883131681741107,"Reductive Regeneration",908.776294999624,3.78436189301176e-06,0.139398369181818
"248",0.0340031281339686,0.234,5.44842875804392,0.876700284045434,"Reductive Regeneration",929.910627441476,3.56099400027788e-06,0.138090405994297
"249",0.0340031281339686,0.23875,5.47369381092565,0.870268440935869,"Reductive Regeneration",951.044959883328,3.3597440158473e-06,0.13683737712913
"250",0.0340031281339686,0.2435,5.497916581689,0.863836248518165,"Reductive Regeneration",972.17929232518,3.17748433611045e-06,0.135633699641575
"251",0.0340031281339686,0.24825,5.52119548793721,0.85740378653333,"Reductive Regeneration",993.313624767031,3.01165009217944e-06,0.134474586802098
"252",0.0340031281339686,0.253,5.54361603123608,0.850971121913681,"Reductive Regeneration",1014.44795720888,2.86011811564989e-06,0.133355903531033
"253",0.0340031281339686,0.25775,5.56525297014529,0.844538311460476,"Reductive Regeneration",1035.58228965073,2.72111583643088e-06,0.132274053011113
"254",0.0340031281339686,0.2625,5.58617205551856,0.83810540388661,"Reductive Regeneration",1056.71662209259,2.59315182322233e-06,0.131225886786775
"255",0.0340031281339686,0.26725,5.60643142969918,0.831672441393674,"Reductive Regeneration",1077.85095453444,2.47496219967553e-06,0.130208632774907
"256",0.0340031281339686,0.272,5.62608276476147,0.825239460903069,"Reductive Regeneration",1098.98528697629,2.36546886025374e-06,0.129219837089893
"257",0.0340031281339686,0.27675,5.64517219606663,0.818806495026995,"Reductive Regeneration",1120.11961941814,2.26374656295394e-06,0.128257316634163
"258",0.0340031281339686,0.2815,5.66374109374905,0.812373572841646,"Reductive Regeneration",1141.25395185999,2.16899677486248e-06,0.127319120159169
"259",0.0340031281339686,0.28625,5.68182670475284,0.805940720508467,"Reductive Regeneration",1162.38828430184,2.08052670793285e-06,0.126403496050514
"260",0.0340031281339686,0.291,5.69946269063325,0.79950796177773,"Reductive Regeneration",1183.5226167437,1.99773238224805e-06,0.125508865495291
"261",0.0340031281339686,0.29575,5.71667958079215,0.7930753183999,"Reductive Regeneration",1204.65694918555,1.92008484239119e-06,0.124633799990803
"262",0.0340031281339686,0.3005,5.73350515662186,0.786642810464453,"Reductive Regeneration",1225.7912816274,1.8471188629016e-06,0.12377700238046
"263",0.0340031281339686,0.30525,5.74996477882827,0.780210456681035,"Reductive Regeneration",1246.92561406925,1.77842363389376e-06,0.122937290774666
"264",0.0340031281339686,0.31,5.76608166773708,0.773778274614516,"Reductive Regeneration",1268.0599465111,1.71363503342834e-06,0.12211358484647
"265",0.0340031281339686,0.31475,5.78187714446989,0.767346280882976,"Reductive Regeneration",1289.19427895296,1.65242918006269e-06,0.121304894093597
"266",0.0340031281339686,0.3195,5.7973708393773,0.760914491325671,"Reductive Regeneration",1310.32861139481,1.59451702486677e-06,0.120510307737875
"267",0.0340031281339686,0.32425,5.81258087293284,0.754482921146632,"Reductive Regeneration",1331.46294383666,1.53963979255295e-06,0.119728985995323
"268",0.0340031281339686,0.329,5.82752401335321,0.748051585038328,"Reductive Regeneration",1352.59727627851,1.48756512018099e-06,0.118960152499353
"269",0.0340031281339686,0.33375,5.84221581445944,0.741620497289005,"Reductive Regeneration",1373.73160872036,1.43808377203287e-06,0.118203087698665
"270",0.0340031281339686,0.3385,5.856670736691,0.735189671876602,"Reductive Regeneration",1394.86594116221,1.39100683280883e-06,0.11745712308269
"271",0.0340031281339686,0.34325,5.87090225369675,0.728759122551578,"Reductive Regeneration",1416.00027360407,1.34616329983386e-06,0.116721636112662
"272",0.0340031281339686,0.348,5.88492294653051,0.722328862910619,"Reductive Regeneration",1437.13460604592,1.30339800964243e-06,0.115996045756748
"273",0.0340031281339686,0.35275,5.89874458715476,0.715898906462791,"Reductive Regeneration",1458.26893848777,1.26256984600123e-06,0.115279808544294
"274",0.0340031281339686,0.3575,5.91237821268972,0.709469266689459,"Reductive Regeneration",1479.40327092962,1.22355018579556e-06,0.11457241506779
"275",0.0340031281339686,0.36225,5.92583419162595,0.703039957099086,"Reductive Regeneration",1500.53760337147,1.186221546747e-06,0.113873386872323
"276",0.0340031281339686,0.367,5.93912228303578,0.696610991277831,"Reductive Regeneration",1521.67193581332,1.15047640703509e-06,0.113182273681467
"277",0.0340031281339686,0.37175,5.95225168966811,0.69018238293673,"Reductive Regeneration",1542.80626825518,1.11621617186126e-06,0.112498650916235
"278",0.0340031281339686,0.3765,5.96523110568385,0.683754145956125,"Reductive Regeneration",1563.94060069703,1.08335026605094e-06,0.111822117470021
"279",0.0340031281339686,0.38125,5.9780687596834,0.677326294427938,"Reductive Regeneration",1585.07493313888,1.05179533512037e-06,0.111152293707817
"280",0.0340031281339686,0.386,5.9907724535877,0.67089884269625,"Reductive Regeneration",1606.20926558073,1.0214745399797e-06,0.110488819662421
"281",0.0340031281339686,0.39075,6.00334959785893,0.664471805396665,"Reductive Regeneration",1627.34359802258,9.92316932716382e-07,0.109831353404121
"282",0.0340031281339686,0.3955,6.01580724348285,0.658045197494826,"Reductive Regeneration",1648.47793046443,9.64256902790446e-07,0.109179569563497
"283",0.0340031281339686,0.40025,6.02815211107974,0.651619034324435,"Reductive Regeneration",1669.61226290629,9.37233684547979e-07,0.108533157989708
"284",0.0340031281339686,0.405,6.04039061746494,0.645193331625088,"Reductive Regeneration",1690.74659534814,9.11190918276666e-07,0.107891822528873
"285",0.0340031281339686,0.40975,6.0525288999394,0.638768105580229,"Reductive Regeneration",1711.88092778999,8.86076258134323e-07,0.107255279909154
"286",0.0340031281339686,0.4145,6.06457283855717,0.632343372855474,"Reductive Regeneration",1733.01526023184,8.61841021213902e-07,0.106623258720782
"287",0.0340031281339686,0.41925,6.07652807658652,0.625919150637593,"Reductive Regeneration",1754.14959267369,8.38439872797056e-07,0.105995498480743
"288",0.0340031281339686,0.424,6.08840003935659,0.619495456674352,"Reductive Regeneration",1775.28392511555,8.15830543516884e-07,0.105371748773035
"289",0.0340031281339686,0.42875,6.10019395165927,0.613072309315488,"Reductive Regeneration",1796.4182575574,7.93973574719286e-07,0.104751768456499
"290",0.0340031281339686,0.4335,6.11191485385668,0.606649727555042,"Reductive Regeneration",1817.55258999925,7.72832088797341e-07,0.104135324933135
"291",0.0340031281339686,0.43825,6.12356761682866,0.600227731075279,"Reductive Regeneration",1838.6869224411,7.52371581688046e-07,0.103522193470618
"292",0.0340031281339686,0.443,6.13515695587981,0.593806340292435,"Reductive Regeneration",1859.82125488295,7.32559735076583e-07,0.102912156573432
"293",0.0340031281339686,0.44775,6.14668744371314,0.587385576404537,"Reductive Regeneration",1880.9555873248,7.13366246159167e-07,0.102305003397599
"294",0.0340031281339686,0.4525,6.15816352256684,0.580965461441538,"Reductive Regeneration",1902.08991976666,6.94762673079293e-07,0.101700529204576
"295",0.0340031281339686,0.45725,6.16958951560057,0.574546018318041,"Reductive Regeneration",1923.22425220851,6.76722294380026e-07,0.101098534850285
"296",0.0340031281339686,0.462,6.18096963760967,0.568127270888857,"Reductive Regeneration",1944.35858465036,6.59219981012308e-07,0.100498826305678
"297",0.0340031281339686,0.46675,6.19230800513839,0.56170924400772,"Reductive Regeneration",1965.49291709221,6.42232079610605e-07,0.09990121420558
"298",0.0340031281339686,0.4715,6.2036086460566,0.55529196358943,"Reductive Regeneration",1986.62724953406,6.25736305896201e-07,0.099305513422861
"299",0.0340031281339686,0.47625,6.21487550865911,0.548875456675786,"Reductive Regeneration",2007.76158197591,6.09711647198384e-07,0.0987115426652513
"300",0.0340031281339686,0.481,6.22611247034172,0.542459751505613,"Reductive Regeneration",2028.89591441777,5.94138273197265e-07,0.0981191240923542
"301",0.0340031281339686,0.48575,6.23732334590385,0.536044877589317,"Reductive Regeneration",2050.03024685962,5.7899745409134e-07,0.097528082950615
"302",0.0340031281339686,0.4905,6.248511895524,0.529630865788322,"Reductive Regeneration",2071.16457930147,5.64271485480007e-07,0.0969382472241835
"303",0.0340031281339686,0.49525,6.25968183245103,0.523217748399862,"Reductive Regeneration",2092.29891174332,5.49943619327876e-07,0.096349447299762
"304",0.0340031281339686,0.5,6.27083683045141,0.516805559247602,"Reductive Regeneration",2113.43324418517,5.35998000445095e-07,0.0957615156436709
"305",0.0340031281339686,0.50475,6.28198053105046,0.5103943337786,"Reductive Regeneration",2134.56757662702,5.22419607977339e-07,0.0951742864894763
"306",0.0340031281339686,0.5095,6.29311655060333,0.503984109167201,"Reductive Regeneration",2155.70190906888,5.09194201451726e-07,0.0945875955346278
"307",0.0340031281339686,0.51425,6.30424848723012,0.497574924426457,"Reductive Regeneration",2176.83624151073,4.96308270971292e-07,0.0940012796446397
"308",0.0340031281339686,0.519,6.31537992764789,0.491166820527797,"Reductive Regeneration",2197.97057395258,4.8374899119198e-07,0.0934151765634205
"309",0.0340031281339686,0.52375,6.32651445393163,0.484759840529659,"Reductive Regeneration",2219.10490639443,4.715041787526e-07,0.0928291246284133
"310",0.0340031281339686,0.5285,6.33765565023503,0.478354029715935,"Reductive Regeneration",2240.23923883628,4.59562252860821e-07,0.0922429624892607
"311",0.0340031281339686,0.53325,6.34880710950187,0.471949435745122,"Reductive Regeneration",2261.37357127813,4.47912198767198e-07,0.0916565288287406
"312",0.0340031281339686,0.538,6.35997244019817,0.465546108811207,"Reductive Regeneration",2282.50790371999,4.36543533885143e-07,0.0910696620847475
"313",0.0340031281339686,0.54275,6.37115527309551,0.459144101817354,"Reductive Regeneration",2303.64223616184,4.25446276337802e-07,0.0904822001721081
"314",0.0340031281339686,0.5475,6.38235926813596,0.452743470563657,"Reductive Regeneration",2324.77656860369,4.14610915733523e-07,0.089893980203029
"315",0.0340031281339686,0.55225,6.39358812140971,0.446344273950287,"Reductive Regeneration",2345.91090104554,4.04028385990102e-07,0.0893048382049678
"316",0.0340031281339686,0.557,6.404845572277,0.439946574197556,"Reductive Regeneration",2367.04523348739,3.93690040044643e-07,0.0887146088347088
"317",0.0340031281339686,0.56175,6.41613541066706,0.433550437084566,"Reductive Regeneration",2388.17956592924,3.83587626300802e-07,0.0881231250874016
"318",0.0340031281339686,0.5665,6.42746148458799,0.427155932208272,"Reductive Regeneration",2409.3138983711,3.73713266678647e-07,0.0875302179992885
"319",0.0340031281339686,0.57125,6.43882770788284,0.42076313326509,"Reductive Regeneration",2430.44823081295,3.64059436144534e-07,0.086935716342806
"320",0.0340031281339686,0.576,6.45023806826911,0.414372118357287,"Reductive Regeneration",2451.5825632548,3.54618943609305e-07,0.0863394463126955
"321",0.0340031281339686,0.58075,6.46169663570084,0.407982970326778,"Reductive Regeneration",2472.71689569665,3.45384914093091e-07,0.0857412312016911
"322",0.0340031281339686,0.5855,6.47320757109482,0.401595777119201,"Reductive Regeneration",2493.8512281385,3.36350772063945e-07,0.085140891064286
"323",0.0340031281339686,0.59025,6.48477513546538,0.39521063218149,"Reductive Regeneration",2514.98556058036,3.2751022586574e-07,0.0845382423669876
"324",0.0340031281339686,0.595,6.49640369951494,0.388827634896574,"Reductive Regeneration",2536.11989302221,3.18857253158154e-07,0.0839330976233762
"325",0.0340031281339686,0.59975,6.50809775373139,0.382446891059272,"Reductive Regeneration",2557.25422546406,3.10386087298364e-07,0.0833252650121708
"326",0.0340031281339686,0.6045,6.51986191904702,0.376068513397961,"Reductive Regeneration",2578.38855790591,3.02091204600302e-07,0.0827145479763785
"327",0.0340031281339686,0.60925,6.53170095811818,0.369692622147176,"Reductive Regeneration",2599.52289034776,2.93967312412941e-07,0.0821007448014619
"328",0.0340031281339686,0.614,6.5436197872898,0.36331934567697,"Reductive Regeneration",2620.65722278961,2.86009337964407e-07,0.0814836481703009
"329",0.0340031281339686,0.61875,6.5556234893142,0.356948821185606,"Reductive Regeneration",2641.79155523147,2.78212417923478e-07,0.0808630446925473
"330",0.0340031281339686,0.6235,6.56771732689978,0.350581195463059,"Reductive Regeneration",2662.92588767332,2.70571888634582e-07,0.0802387144057728
"331",0.0340031281339686,0.62825,6.57990675717188,0.344216625733768,"Reductive Regeneration",2684.06022011517,2.6308327698659e-07,0.0796104302455928
"332",0.0340031281339686,0.633,6.59219744713524,0.337855280588262,"Reductive Regeneration",2705.19455255702,2.55742291879617e-07,0.0789779574817057
"333",0.0340031281339686,0.63775,6.60459529023603,0.331497341014605,"Reductive Regeneration",2726.32888499887,2.48544816257864e-07,0.0783410531165195
"334",0.0340031281339686,0.6425,6.61710642412989,0.325143001542136,"Reductive Regeneration",2747.46321744072,2.41486899679995e-07,0.0776994652427445
"335",0.0340031281339686,0.64725,6.62973724977254,0.318792471511773,"Reductive Regeneration",2768.59754988258,2.34564751402098e-07,0.0770529323560073
"336",0.0340031281339686,0.652,6.64249445196009,0.312445976489204,"Reductive Regeneration",2789.73188232443,2.27774733951561e-07,0.0764011826181875
"337",0.0340031281339686,0.65675,6.65538502145763,0.306103759839702,"Reductive Regeneration",2810.86621476628,2.21113357173583e-07,0.0757439330667978
"338",0.0340031281339686,0.6615,6.66841627886745,0.299766084486082,"Reductive Regeneration",2832.00054720813,2.14577272735316e-07,0.0750808887653094
"339",0.0340031281339686,0.66625,6.68159590040129,0.293433234874588,"Reductive Regeneration",2853.13487964998,2.0816326907607e-07,0.0744117418888789
"340",0.0340031281339686,0.671,6.69493194573577,0.287105519177313,"Reductive Regeneration",2874.26921209184,2.01868266795481e-07,0.0737361707394555
"341",0.0340031281339686,0.67575,6.70843288814439,0.280783271764255,"Reductive Regeneration",2895.40354453369,1.95689314475264e-07,0.0730538386837465
"342",0.0340031281339686,0.6805,6.72210764711564,0.274466855983291,"Reductive Regeneration",2916.53787697554,1.89623584934019e-07,0.07236439300699
"343",0.0340031281339686,0.68525,6.7359656236817,0.268156667292628,"Reductive Regeneration",2937.67220941739,1.83668371918895e-07,0.0716674636749552
"344",0.0340031281339686,0.69,6.75001673869758,0.261853136797495,"Reductive Regeneration",2958.80654185924,1.77821087242473e-07,0.0709626619960582
"345",0.0340031281339686,0.69475,6.76427147432458,0.255556735251467,"Reductive Regeneration",2979.94087430109,1.72079258378493e-07,0.0702495791749757
"346",0.0340031281339686,0.6995,6.77874091898319,0.249267977593005,"Reductive Regeneration",3001.07520674295,1.66440526535807e-07,0.0695277847486988
"347",0.0340031281339686,0.70425,6.79343681604885,0.2429874280998,"Reductive Regeneration",3022.2095391848,1.6090264523658e-07,0.0687968248956223
"348",0.0340031281339686,0.709,6.80837161656528,0.23671570625778,"Reductive Regeneration",3043.34387162665,1.55463479432313e-07,0.0680562206080925
"349",0.0340031281339686,0.71375,6.82355853624312,0.230453493458586,"Reductive Regeneration",3064.4782040685,1.50121005199968e-07,0.067305465718914
"350",0.0340031281339686,0.7185,6.83901161699081,0.224201540659352,"Reductive Regeneration",3085.61253651035,1.44873310070558e-07,0.0665440247727725
"351",0.0340031281339686,0.72325,6.85474579318578,0.217960677162384,"Reductive Regeneration",3106.7468689522,1.39718594054252e-07,0.0657713307345207
"352",0.0340031281339686,0.728,6.87077696282759,0.211731820700438,"Reductive Regeneration",3127.88120139406,1.34655171439616e-07,0.0649867825280375
"353",0.0340031281339686,0.73275,6.88712206361243,0.205515989046434,"Reductive Regeneration",3149.01553383591,1.29681473460363e-07,0.0641897424021971
"354",0.0340031281339686,0.7375,6.9037991538145,0.199314313405351,"Reductive Regeneration",3170.14986627776,1.24796051941182e-07,0.0633795331247888
"355",0.0340031281339686,0.74225,6.92082749763643,0.193128053891464,"Reductive Regeneration",3191.28419871961,1.19997584055134e-07,0.0625554350115629
"356",0.0340031281339686,0.747,6.93822765437333,0.186958617446642,"Reductive Regeneration",3212.41853116146,1.15284878348884e-07,0.0617166828066674
"357",0.0340031281339686,0.75175,6.95602157028917,0.180807578615502,"Reductive Regeneration",3233.55286360331,1.10656882218736e-07,0.0608624624435547
"358",0.0340031281339686,0.7565,6.97423267148741,0.174676703660702,"Reductive Regeneration",3254.68719604517,1.0611269104972e-07,0.0599919077332543
"359",0.0340031281339686,0.76125,6.99288595521251,0.168567978575738,"Reductive Regeneration",3275.82152848702,1.01651559261186e-07,0.0591040970513874
"360",0.0340031281339686,0.766,7.01200807587193,0.162483641630841,"Reductive Regeneration",3296.95586092887,9.72729135338621e-08,0.0581980501285839
"361",0.0340031281339686,0.77075,7.0316274205251,0.156426221165722,"Reductive Regeneration",3318.09019337072,9.2976368522672e-08,0.0572727250937881
"362",0.0340031281339686,0.7755,7.05177416652988,0.150398579413039,"Reductive Regeneration",3339.22452581257,8.87617453822444e-08,0.0563270159797112
"363",0.0340031281339686,0.78025,7.07248031132342,0.144403963186049,"Reductive Regeneration",3360.35885825442,8.46290934412891e-08,0.0553597509785609
"364",0.0340031281339686,0.785,7.09377966077488,0.138446062273084,"Reductive Regeneration",3381.49319069628,8.05787153473627e-08,0.0543696918390178
"365",0.0340031281339686,0.78975,7.11570775799297,0.132529076320348,"Reductive Regeneration",3402.62752313813,7.66111959497335e-08,0.0533555349276011
"366",0.0340031281339686,0.7945,7.13830172871098,0.126657790809411,"Reductive Regeneration",3423.76185557998,7.27274350731501e-08,0.0523159146444411
"367",0.0340031281339686,0.79925,7.16160001225059,0.12083766238464,"Reductive Regeneration",3444.89618802183,6.89286841288429e-08,0.0512494100892409
"368",0.0340031281339686,0.804,7.1856419385301,0.115074913173651,"Reductive Regeneration",3466.03052046368,6.52165861701658e-08,0.0501545561188695
"369",0.0340031281339686,0.80875,7.21046710180283,0.109376632759168,"Reductive Regeneration",3487.16485290554,6.15932184764554e-08,0.0490298602178312
"370",0.0340031281339686,0.8135,7.23611447137127,0.103750884964494,"Reductive Regeneration",3508.29918534739,5.80611359766083e-08,0.0478738268985319
"371",0.0340031281339686,0.81825,7.26262116971404,0.0982068144488319,"Reductive Regeneration",3529.43351778924,5.46234127344075e-08,0.0466849916204865
"372",0.0340031281339686,0.823,7.29002084168803,0.0927547451176995,"Reductive Regeneration",3550.56785023109,5.12836772487106e-08,0.0454619663939668
"373",0.0340031281339686,0.82775,7.31834153874711,0.0874062584355424,"Reductive Regeneration",3571.70218267294,4.80461354445169e-08,0.0442034991940697
"374",0.0340031281339686,0.8325,7.34760305557235,0.0821742349242542,"Reductive Regeneration",3592.83651511479,4.49155729962953e-08,0.0429085488741211
"375",0.0340031281339686,0.83725,7.37781369156416,0.0770728367750874,"Reductive Regeneration",3613.97084755665,4.18973262341036e-08,0.0415763761843544
"376",0.0340031281339686,0.842,7.40896647640853,0.0721174044164641,"Reductive Regeneration",3635.1051799985,3.89972087819764e-08,0.0402066494776545
"377",0.0340031281339686,0.84675,7.44103500686196,0.067324236602852,"Reductive Regeneration",3656.23951244035,3.62213800533467e-08,0.0387995604467422
"378",0.0340031281339686,0.8515,7.47396919482695,0.0627102244984142,"Reductive Regeneration",3677.3738448822,3.3576142947098e-08,0.0373559406867279
"379",0.0340031281339686,0.85625,7.50769141471662,0.0582923183710084,"Reductive Regeneration",3698.50817732405,3.10676629781256e-08,0.0358773643272758
"380",0.0340031281339686,0.861,7.54209372730613,0.0540868238356516,"Reductive Regeneration",3719.6425097659,2.87016109108251e-08,0.0343662164458254
"381",0.0340031281339686,0.86575,7.57703698378221,0.0501085543584534,"Reductive Regeneration",3740.77684220776,2.64827460642561e-08,0.0328257033576611
"382",0.0340031281339686,0.8705,7.61235258970538,0.0463699053358789,"Reductive Regeneration",3761.91117464961,2.44144761515826e-08,0.0312597817602944
"383",0.0340031281339686,0.87525,7.64784745156847,0.0428799541880075,"Reductive Regeneration",3783.04550709146,2.24984473794667e-08,0.0296729914712806
"384",0.0340031281339686,0.88,7.68331211329788,0.0396437169431997,"Reductive Regeneration",3804.17983953331,2.07342288039635e-08,0.0280701917881102
"385",0.0340031281339686,0.88475,7.71853140087053,0.0366616901093845,"Reductive Regeneration",3825.31417197516,1.9119150820735e-08,0.0264562217043828
"386",0.0340031281339686,0.8895,7.75329623402831,0.0339297691817068,"Reductive Regeneration",3846.44850441701,1.76483360986797e-08,0.0248355232365045
"387",0.0340031281339686,0.89425,7.78741488933846,0.0314395674983509,"Reductive Regeneration",3867.58283685887,1.63149260891469e-08,0.0232117774413974
"388",0.0340031281339686,0.899,7.82072208383836,0.0291790812128027,"Reductive Regeneration",3888.71716930072,1.51104680238778e-08,0.0215875992668707
"389",0.0340031281339686,0.90375,7.85308477920301,0.0271335839053347,"Reductive Regeneration",3909.85150174257,1.40253988616138e-08,0.0199643207254349
"390",0.0340031281339686,0.9085,7.88440437652877,0.0252866070659586,"Reductive Regeneration",3930.98583418442,1.30495526359926e-08,0.0183418681775704
"391",0.0340031281339686,0.91325,7.91461569718973,0.0236208739308241,"Reductive Regeneration",3952.12016662627,1.21726266767742e-08,0.0167187170585381
"392",0.0340031281339686,0.918,7.94368361136365,0.022119092543237,"Reductive Regeneration",3973.25449906812,1.13845636263642e-08,0.0150918922572735
"393",0.0340031281339686,0.92275,7.97159831883347,0.0207645614432611,"Reductive Regeneration",3994.38883150998,1.06758307773654e-08,0.0134569760396442
"394",0.0340031281339686,0.9275,7.99837017424992,0.019541582781517,"Reductive Regeneration",4015.52316395183,1.00375986309418e-08,0.0118080853500994
"395",0.0340031281339686,0.93225,8.02402470531881,0.0184357051582984,"Reductive Regeneration",4036.65749639368,9.46183335156137e-09,0.0101377820621892
"396",0.0340031281339686,0.937,8.04859820852896,0.0174338315339216,"Reductive Regeneration",4057.79182883553,8.94132315804133e-09,0.0084368787012691
"397",0.0340031281339686,0.94175,8.07213408927255,0.0165242296666317,"Reductive Regeneration",4078.92616127738,8.46965871393814e-09,0.00669409408439885
"398",0.0340031281339686,0.9465,8.09467996406972,0.0156964782599824,"Reductive Regeneration",4100.06049371923,8.04118466815528e-09,0.00489549327479551
"399",0.0340031281339686,0.95125,8.11628545710537,0.0149413751001955,"Reductive Regeneration",4121.19482616109,7.65093553815983e-09,0.00302360607536518
"400",0.0340031281339686,0.956,8.13700058511428,0.0142508263361296,"Reductive Regeneration",4142.32915860294,7.29456527475059e-09,0.00105604156928725
"401",0.0340031281339686,0.96075,8.15687461653396,0.0136177299001895,"Reductive Regeneration",4163.46349104479,6.96827663469809e-09,-0.00103673289903756
"402",0.0340031281339686,0.9655,8.17595529908132,0.0130358612826602,"Reductive Regeneration",4184.59782348664,6.66875405612283e-09,-0.00329508470020071
"403",0.0340031281339686,0.97025,8.19428836528468,0.012499766412246,"Reductive Regeneration",4205.73215592849,6.39310201751277e-09,-0.00577668640887463
"404",0.0340031281339686,0.975,8.21191724256965,0.012004664035991,"Reductive Regeneration",4226.86648837034,6.13878972357129e-09,-0.00856868018202706
"405",0.0340031281339686,0.975,8.21191724256965,0.012004664035991,"CO2 Capture",4226.86648837034,6.13878972357129e-09,-0.00856868018202706
"406",0.0430086494919877,0.975,7.17084568198838,0.15,"CO2 Capture",0,6.74767750568093e-08,0.0216775185611606
