"","marg.p","marg.s","marg.var","marg.name","marg.typ"
"1",2.52069492291175e-05,1.45579591546225e-09,2,"pka2","+Base"
"2",1.24615556823603e-05,5.75565705240926e-10,2.22972972972973,"pka2","+Base"
"3",4.08259491324571e-06,1.83899408827956e-10,2.45945945945946,"pka2","+Base"
"4",8.85042393618759e-07,1.1561547223892e-10,2.68918918918919,"pka2","+Base"
"5",4.49326789834241e-07,6.08680681148864e-11,2.91891891891892,"pka2","+Base"
"6",1.13791193202447e-07,5.01099264215277e-11,3.14864864864865,"pka2","+Base"
"7",1.66513691929772e-08,3.10970607102517e-11,3.37837837837838,"pka2","+Base"
"8",7.27089740126934e-07,1.9186213082744e-11,3.60810810810811,"pka2","+Base"
"9",3.5679562636456e-09,1.6715514193002e-11,3.83783783783784,"pka2","+Base"
"10",1.1097871966696e-10,1.56979981461035e-11,4.06756756756757,"pka2","+Base"
"11",4.30346816428268e-09,1.89761343183754e-11,4.2972972972973,"pka2","+Base"
"12",4.53468496875954e-10,1.76706178005805e-11,4.52702702702703,"pka2","+Base"
"13",3.22555716210745e-11,1.83842141238851e-11,4.75675675675676,"pka2","+Base"
"14",5.47211364553862e-10,1.97176009459766e-11,4.98648648648649,"pka2","+Base"
"15",4.07391489403785e-12,1.8215245556396e-11,5.21621621621622,"pka2","+Base"
"16",1.92429775872201e-12,3.43719539555297e-11,5.44594594594595,"pka2","+Base"
"17",5.43603741115391e-12,3.38949235312115e-11,5.67567567567568,"pka2","+Base"
"18",5.20404651108696e-12,4.98634830023839e-11,5.90540540540541,"pka2","+Base"
"19",1.44108498159933e-09,8.21039972546042e-11,6.13513513513514,"pka2","+Base"
"20",2.44564019015838e-09,1.21605069828167e-10,6.36486486486486,"pka2","+Base"
"21",5.39267303380345e-16,4.43532285688566e-10,6.59459459459459,"pka2","+Base"
"22",2.63889747346175e-14,9.95971027948914e-10,6.82432432432432,"pka2","+Base"
"23",1.76767285481014e-10,3.55903289226379e-09,7.05405405405405,"pka2","+Base"
"24",8.40263972516535e-15,1.54186698615045e-09,7.28378378378378,"pka2","+Base"
"25",9.6449998192092e-16,1.10626385896164e-08,7.51351351351351,"pka2","+Base"
"26",1.14299847002588e-15,4.8915297748198e-08,7.74324324324324,"pka2","+Base"
"27",7.18570325927841e-10,2.47184163301907e-07,7.97297297297297,"pka2","+Base"
"28",3.35871815826899e-09,1.24475154033392e-06,8.2027027027027,"pka2","+Base"
"29",3.51402311704309e-09,4.81742859299957e-06,8.43243243243243,"pka2","+Base"
"30",2.88341626458972e-09,1.59386675511715e-05,8.66216216216216,"pka2","+Base"
"31",5.2159908496188e-09,4.51916965301002e-05,8.89189189189189,"pka2","+Base"
"32",6.76181901426581e-06,6.55767545762173e-05,9.12162162162162,"pka2","+Base"
"33",5.90624205076215e-06,0.000519283485285865,9.35135135135135,"pka2","+Base"
"34",0.000114949833620772,0.00114068224476773,9.58108108108108,"pka2","+Base"
"35",5.56024340764601e-05,0.00285291148023835,9.81081081081081,"pka2","+Base"
"36",0.00142366797619425,0.00608285975931925,10.0405405405405,"pka2","+Base"
"37",0.00320006992950072,0.00407971773189935,10.2702702702703,"pka2","+Base"
"38",0.00710906863569694,0.0108110217705828,10.5,"pka2","+Base"
"39",0.00914514371844362,0.00740361538790672,10.7297297297297,"pka2","+Base"
"40",0.00993521079917527,0.00690534757217852,10.9594594594595,"pka2","+Base"
"41",0.0127020128206193,0.00634578242086245,11.1891891891892,"pka2","+Base"
"42",0.0126761074447688,0.00323035329894476,11.4189189189189,"pka2","+Base"
"43",0.0187088415265509,0.0107088023514593,11.6486486486486,"pka2","+Base"
"44",0.0143103338221379,0.00702232893016485,11.8783783783784,"pka2","+Base"
"45",0.015591691774048,0.0101296873338807,12.1081081081081,"pka2","+Base"
"46",0.0161313232006364,0.00820804778241821,12.3378378378378,"pka2","+Base"
"47",0.0183916582368629,0.00826837704110919,12.5675675675676,"pka2","+Base"
"48",0.0138067356542964,0.0090265393703698,12.7972972972973,"pka2","+Base"
"49",0.0198002296205821,0.00776177481489299,13.027027027027,"pka2","+Base"
"50",0.0228645588329738,0.00950701670782129,13.2567567567568,"pka2","+Base"
"51",0.0220058644017878,0.00972890267594943,13.4864864864865,"pka2","+Base"
"52",0.023802938242351,0.0106296684280675,13.7162162162162,"pka2","+Base"
"53",0.041918856208908,0.00861598461123198,13.9459459459459,"pka2","+Base"
"54",0.038617027070187,0.00783890851951598,14.1756756756757,"pka2","+Base"
"55",0.0429149182536927,0.00920503719010545,14.4054054054054,"pka2","+Base"
"56",0.0479838342010805,0.00621676952517203,14.6351351351351,"pka2","+Base"
"57",0.0570412395422816,0.00828370128615,14.8648648648649,"pka2","+Base"
"58",0.0521103309489187,0.00596619223105754,15.0945945945946,"pka2","+Base"
"59",0.0620578103063722,0.00670603470775144,15.3243243243243,"pka2","+Base"
"60",0.0588467469083174,0.0053915989025565,15.5540540540541,"pka2","+Base"
"61",0.065548502831357,0.00555147541045002,15.7837837837838,"pka2","+Base"
"62",0.0740432553537941,0.00690265623836355,16.0135135135135,"pka2","+Base"
"63",0.0745379103558577,0.00608443396440959,16.2432432432432,"pka2","+Base"
"64",0.0683169405684669,0.00553480046160395,16.472972972973,"pka2","+Base"
"65",0.0883712103399434,0.00479289147833537,16.7027027027027,"pka2","+Base"
"66",0.0608496417364137,0.00433974249662933,16.9324324324324,"pka2","+Base"
"67",0.0801097321971885,0.00539115484464251,17.1621621621622,"pka2","+Base"
"68",0.0687918040548201,0.0090750283301803,17.3918918918919,"pka2","+Base"
"69",0.0779630161663279,0.00750059771640341,17.6216216216216,"pka2","+Base"
"70",0.0763010722302521,0.0110979641802204,17.8513513513514,"pka2","+Base"
"71",0.0694849865345761,0.00489653667268866,18.0810810810811,"pka2","+Base"
"72",0.0738231470988018,0.00933632186674315,18.3108108108108,"pka2","+Base"
"73",0.074596197742242,0.0119151539527918,18.5405405405405,"pka2","+Base"
"74",0.0595640817803188,0.0083115697874773,18.7702702702703,"pka2","+Base"
"75",0.0535949136384619,0.00967084677322307,19,"pka2","+Base"
"76",1.37301280682894e-09,5.43851864407117e-05,2,"pka2","+Acid"
"77",5.04976388191611e-10,2.67238183955821e-05,2.22972972972973,"pka2","+Acid"
"78",1.80489901785302e-10,7.65154660617055e-06,2.45945945945946,"pka2","+Acid"
"79",1.18352432314334e-10,1.92906722979955e-06,2.68918918918919,"pka2","+Acid"
"80",5.42661306981086e-11,9.71211025116854e-07,2.91891891891892,"pka2","+Acid"
"81",3.41880379089663e-11,1.97482091834851e-07,3.14864864864865,"pka2","+Acid"
"82",2.06945589444617e-11,2.70762822224981e-08,3.37837837837838,"pka2","+Acid"
"83",1.29762684314728e-11,1.62347902779183e-06,3.60810810810811,"pka2","+Acid"
"84",1.18268643154784e-11,7.6642206165653e-09,3.83783783783784,"pka2","+Acid"
"85",1.04714715643139e-11,1.91439483792458e-10,4.06756756756757,"pka2","+Acid"
"86",1.24374993566869e-11,9.51186967247259e-09,4.2972972972973,"pka2","+Acid"
"87",1.14801075601762e-11,1.01267780841443e-09,4.52702702702703,"pka2","+Acid"
"88",1.25482347447333e-11,6.82663794758919e-11,4.75675675675676,"pka2","+Acid"
"89",1.39546684749798e-11,1.22341721912399e-09,4.98648648648649,"pka2","+Acid"
"90",1.48662582715373e-11,9.10756885033793e-12,5.21621621621622,"pka2","+Acid"
"91",2.56212672428097e-11,4.30202772588213e-12,5.44594594594595,"pka2","+Acid"
"92",2.99925599425248e-11,1.21552415970488e-11,5.67567567567568,"pka2","+Acid"
"93",4.19476887651785e-11,1.16365969142345e-11,5.90540540540541,"pka2","+Acid"
"94",6.50342296192439e-11,3.22236398021014e-09,6.13513513513514,"pka2","+Acid"
"95",1.22472068900694e-10,5.46861771369964e-09,6.36486486486486,"pka2","+Acid"
"96",2.84809203422692e-10,1.20583834840145e-15,6.59459459459459,"pka2","+Acid"
"97",5.69648515226081e-10,5.90075413631293e-14,6.82432432432432,"pka2","+Acid"
"98",1.80978657444323e-09,3.95263666533659e-10,7.05405405405405,"pka2","+Acid"
"99",1.09106629992385e-09,1.87888736159099e-14,7.28378378378378,"pka2","+Acid"
"100",6.11813191697582e-09,2.15668752184321e-15,7.51351351351351,"pka2","+Acid"
"101",3.98098718520206e-08,2.55582227715613e-15,7.74324324324324,"pka2","+Acid"
"102",2.24545761202188e-07,1.60677209530918e-09,7.97297297297297,"pka2","+Acid"
"103",1.38893887843704e-06,7.51032207525838e-09,8.2027027027027,"pka2","+Acid"
"104",4.15771790353219e-06,7.85742572104708e-09,8.43243243243243,"pka2","+Acid"
"105",1.57671561134132e-05,6.44748721201555e-09,8.66216216216216,"pka2","+Acid"
"106",5.83022550049607e-05,1.04815885308137e-08,8.89189189189189,"pka2","+Acid"
"107",0.000119744844333237,1.08409231620269e-05,9.12162162162162,"pka2","+Acid"
"108",0.000665791136764049,1.08992432035383e-05,9.35135135135135,"pka2","+Acid"
"109",0.00130348391363846,0.000131982212621923,9.58108108108108,"pka2","+Acid"
"110",0.00303318757042478,0.000105206367184323,9.81081081081081,"pka2","+Acid"
"111",0.00594779558034992,0.00224970620247266,10.0405405405405,"pka2","+Acid"
"112",0.00689353836404676,0.00297266892022238,10.2702702702703,"pka2","+Acid"
"113",0.0128310456382941,0.00820222714393756,10.5,"pka2","+Acid"
"114",0.0145974957897527,0.00795711538922446,10.7297297297297,"pka2","+Acid"
"115",0.0166734977211201,0.00880153393594784,10.9594594594595,"pka2","+Acid"
"116",0.0184268930827134,0.0139687214007053,11.1891891891892,"pka2","+Acid"
"117",0.0203072169667542,0.00911263071749881,11.4189189189189,"pka2","+Acid"
"118",0.0288118743573458,0.00961026166558841,11.6486486486486,"pka2","+Acid"
"119",0.0236814672391855,0.00884906157675071,11.8783783783784,"pka2","+Acid"
"120",0.0290192828512177,0.00809760062301491,12.1081081081081,"pka2","+Acid"
"121",0.0288739377858164,0.00111841164174318,12.3378378378378,"pka2","+Acid"
"122",0.032142298505726,0.00828911152091722,12.5675675675676,"pka2","+Acid"
"123",0.0322639618170794,0.00293384067918927,12.7972972972973,"pka2","+Acid"
"124",0.0363447953685294,0.00380313390286729,13.027027027027,"pka2","+Acid"
"125",0.0385410779263155,0.00579862085006596,13.2567567567568,"pka2","+Acid"
"126",0.0353394512094473,0.0052607536171892,13.4864864864865,"pka2","+Acid"
"127",0.0394837768379091,0.00632888780641852,13.7162162162162,"pka2","+Acid"
"128",0.0445934932369033,0.00741959042430133,13.9459459459459,"pka2","+Acid"
"129",0.0447037675084875,0.00648114658348797,14.1756756756757,"pka2","+Acid"
"130",0.0415753579273719,0.00757715729733152,14.4054054054054,"pka2","+Acid"
"131",0.0384646033863016,0.00794128963650858,14.6351351351351,"pka2","+Acid"
"132",0.0446297226563027,0.00868127143085638,14.8648648648649,"pka2","+Acid"
"133",0.0377280102877875,0.00787698596494842,15.0945945945946,"pka2","+Acid"
"134",0.0366443667060977,0.0119083164832685,15.3243243243243,"pka2","+Acid"
"135",0.0395201489532194,0.00929014819237771,15.5540540540541,"pka2","+Acid"
"136",0.0370557875725652,0.0108316531323025,15.7837837837838,"pka2","+Acid"
"137",0.045064066494294,0.0126174760005783,16.0135135135135,"pka2","+Acid"
"138",0.0437563689983247,0.0117594937553756,16.2432432432432,"pka2","+Acid"
"139",0.0422891964086374,0.0102477098701653,16.472972972973,"pka2","+Acid"
"140",0.0506616273991491,0.0186120258136065,16.7027027027027,"pka2","+Acid"
"141",0.0384983951004356,0.0112187840291701,16.9324324324324,"pka2","+Acid"
"142",0.0379372842069116,0.0225789875524008,17.1621621621622,"pka2","+Acid"
"143",0.0383752984808038,0.0114960455449722,17.3918918918919,"pka2","+Acid"
"144",0.0407672307577712,0.0129676109241628,17.6216216216216,"pka2","+Acid"
"145",0.0439533077228197,0.0101370905609018,17.8513513513514,"pka2","+Acid"
"146",0.0327234282064991,0.0100990752249722,18.0810810810811,"pka2","+Acid"
"147",0.0383843892920521,0.00960633276035547,18.3108108108108,"pka2","+Acid"
"148",0.0421773518645548,0.0115537457920465,18.5405405405405,"pka2","+Acid"
"149",0.0303863646362834,0.0184362722720789,18.7702702702703,"pka2","+Acid"
"150",0.0273976464887266,0.0174397628116633,19,"pka2","+Acid"
"151",0.0730768385679094,0.0129265326115339,10.5135135135135,"pka1","+Base"
"152",0.0790192877520874,0.0119465562168928,10.5538714390066,"pka1","+Base"
"153",0.0776278303116905,0.015976934565178,10.5942293644996,"pka1","+Base"
"154",0.0732695286995875,0.0127725496984056,10.6345872899927,"pka1","+Base"
"155",0.0712144048302951,0.0111135344217852,10.6749452154858,"pka1","+Base"
"156",0.0814879491004984,0.0161063747366988,10.7153031409788,"pka1","+Base"
"157",0.0831722830509977,0.0155704273308718,10.7556610664719,"pka1","+Base"
"158",0.0709572686613717,0.0105667487125219,10.7960189919649,"pka1","+Base"
"159",0.0609350130243701,0.00755996681353523,10.836376917458,"pka1","+Base"
"160",0.0750659280771132,0.013633211206981,10.8767348429511,"pka1","+Base"
"161",0.0704684691558175,0.00977358395755789,10.9170927684441,"pka1","+Base"
"162",0.0935739178473577,0.0149787286936743,10.9574506939372,"pka1","+Base"
"163",0.0652768034770321,0.010273132799027,10.9978086194302,"pka1","+Base"
"164",0.0858036833390158,0.0142822934680791,11.0381665449233,"pka1","+Base"
"165",0.0620944889229301,0.0129350213961935,11.0785244704164,"pka1","+Base"
"166",0.0595510483661269,0.0108879053688887,11.1188823959094,"pka1","+Base"
"167",0.0766005971973271,0.00971376867159747,11.1592403214025,"pka1","+Base"
"168",0.0568009644292808,0.0102100265279261,11.1995982468955,"pka1","+Base"
"169",0.0565922497547839,0.0107312544611617,11.2399561723886,"pka1","+Base"
"170",0.0695187704472264,0.0120012889369989,11.2803140978817,"pka1","+Base"
"171",0.0855853178939781,0.0150789982692267,11.3206720233747,"pka1","+Base"
"172",0.070017186796869,0.0123087970622716,11.3610299488678,"pka1","+Base"
"173",0.0688346934780533,0.0138646173087735,11.4013878743608,"pka1","+Base"
"174",0.0580621018101523,0.00961113643638164,11.4417457998539,"pka1","+Base"
"175",0.0695270387579223,0.0137120341209649,11.482103725347,"pka1","+Base"
"176",0.0679025763469075,0.0126587186779791,11.52246165084,"pka1","+Base"
"177",0.0767664586116841,0.0162304101614531,11.5628195763331,"pka1","+Base"
"178",0.076956214846175,0.0124498922528149,11.6031775018262,"pka1","+Base"
"179",0.0704118615508183,0.0151940174485111,11.6435354273192,"pka1","+Base"
"180",0.087030420362485,0.0179805860336076,11.6838933528123,"pka1","+Base"
"181",0.0765496443805835,0.0156124637276525,11.7242512783053,"pka1","+Base"
"182",0.0785583905690876,0.0117573022126741,11.7646092037984,"pka1","+Base"
"183",0.0683417367881331,0.0159223971703018,11.8049671292915,"pka1","+Base"
"184",0.0795455017119528,0.0169899526308536,11.8453250547845,"pka1","+Base"
"185",0.0728424955648732,0.00756638230902966,11.8856829802776,"pka1","+Base"
"186",0.068347429331865,0.00831890895177802,11.9260409057706,"pka1","+Base"
"187",0.0700495252878681,0.00620869003305871,11.9663988312637,"pka1","+Base"
"188",0.0737206079262333,0.0166817019158437,12.0067567567568,"pka1","+Base"
"189",0.0773886440074046,0.0154675877279928,12.0471146822498,"pka1","+Base"
"190",0.0735977665706768,0.0114713043592802,12.0874726077429,"pka1","+Base"
"191",0.0783461272847654,0.0129839406128593,12.1278305332359,"pka1","+Base"
"192",0.0616304354087876,0.0111590491709852,12.168188458729,"pka1","+Base"
"193",0.0795613476420187,0.0131392783716393,12.2085463842221,"pka1","+Base"
"194",0.078174710527172,0.0143882304841401,12.2489043097151,"pka1","+Base"
"195",0.0633195290503349,0.00690518036205933,12.2892622352082,"pka1","+Base"
"196",0.05706839160214,0.00966398415204355,12.3296201607012,"pka1","+Base"
"197",0.0787595077695413,0.00991521721912992,12.3699780861943,"pka1","+Base"
"198",0.0933060992871536,0.0146406012374928,12.4103360116874,"pka1","+Base"
"199",0.0636441344644852,0.00573133457677653,12.4506939371804,"pka1","+Base"
"200",0.0766313690298667,0.010651396483535,12.4910518626735,"pka1","+Base"
"201",0.0590735952043184,0.0111344097614095,12.5314097881665,"pka1","+Base"
"202",0.0771365166845927,0.0123907494356445,12.5717677136596,"pka1","+Base"
"203",0.0777860161294472,0.0159927533188754,12.6121256391527,"pka1","+Base"
"204",0.06451246615809,0.0123914861778702,12.6524835646457,"pka1","+Base"
"205",0.0600643014007208,0.0092281672138325,12.6928414901388,"pka1","+Base"
"206",0.0732451665409493,0.0127620790915326,12.7331994156318,"pka1","+Base"
"207",0.0586449951026516,0.0105259300749423,12.7735573411249,"pka1","+Base"
"208",0.0696240550822498,0.00453446878089878,12.813915266618,"pka1","+Base"
"209",0.0667664842340678,0.0128788864148321,12.854273192111,"pka1","+Base"
"210",0.0812112697955851,0.0128679948655101,12.8946311176041,"pka1","+Base"
"211",0.0807662792268495,0.0141620513190394,12.9349890430972,"pka1","+Base"
"212",0.0713217103708917,0.00681708121440465,12.9753469685902,"pka1","+Base"
"213",0.0610864017519783,0.00754805411032535,13.0157048940833,"pka1","+Base"
"214",0.0757892035789426,0.0112639121643342,13.0560628195763,"pka1","+Base"
"215",0.078131839213949,0.011294796032151,13.0964207450694,"pka1","+Base"
"216",0.0705271809598436,0.0114228384505118,13.1367786705625,"pka1","+Base"
"217",0.0624750131324481,0.0063072707240902,13.1771365960555,"pka1","+Base"
"218",0.0657621793152884,0.0106453544716719,13.2174945215486,"pka1","+Base"
"219",0.079351476205752,0.0132444002132946,13.2578524470416,"pka1","+Base"
"220",0.0805402203240489,0.0135910092886015,13.2982103725347,"pka1","+Base"
"221",0.0695337412842097,0.00958480840456672,13.3385682980278,"pka1","+Base"
"222",0.081731922493266,0.00943768172488908,13.3789262235208,"pka1","+Base"
"223",0.0678577326355335,0.00615544912067435,13.4192841490139,"pka1","+Base"
"224",0.0765948842677856,0.0121820214651257,13.4596420745069,"pka1","+Base"
"225",0.0684045093769823,0.010289324315696,13.5,"pka1","+Base"
"226",0.0414697550473827,0.00912977844413689,10.5135135135135,"pka1","+Acid"
"227",0.0477881319517839,0.00826890977676829,10.5538714390066,"pka1","+Acid"
"228",0.0440194704566578,0.00897126818522558,10.5942293644996,"pka1","+Acid"
"229",0.0380755953678816,0.00777073204257981,10.6345872899927,"pka1","+Acid"
"230",0.0409821784820236,0.00812574169375281,10.6749452154858,"pka1","+Acid"
"231",0.0467650326014043,0.010828660210097,10.7153031409788,"pka1","+Acid"
"232",0.0462106843921703,0.0109737631899368,10.7556610664719,"pka1","+Acid"
"233",0.0359866138824491,0.00794953812722711,10.7960189919649,"pka1","+Acid"
"234",0.0365429890572703,0.00597694569012685,10.836376917458,"pka1","+Acid"
"235",0.0442464218579975,0.00919214765789542,10.8767348429511,"pka1","+Acid"
"236",0.0410227092677907,0.00784591174281151,10.9170927684441,"pka1","+Acid"
"237",0.0458378475361607,0.0113040081207708,10.9574506939372,"pka1","+Acid"
"238",0.0375712739646857,0.00761220019249694,10.9978086194302,"pka1","+Acid"
"239",0.0505643260810187,0.00847941173784112,11.0381665449233,"pka1","+Acid"
"240",0.0327208084856979,0.0057682981039038,11.0785244704164,"pka1","+Acid"
"241",0.0349173608443033,0.00593952426372044,11.1188823959094,"pka1","+Acid"
"242",0.0432594575105031,0.00808324298124187,11.1592403214025,"pka1","+Acid"
"243",0.0380053397524302,0.00679701186589546,11.1995982468955,"pka1","+Acid"
"244",0.0395028228701564,0.00823907922292789,11.2399561723886,"pka1","+Acid"
"245",0.0412610575624748,0.00710290959543347,11.2803140978817,"pka1","+Acid"
"246",0.0478476057715999,0.00848338566645341,11.3206720233747,"pka1","+Acid"
"247",0.0396592423103347,0.00634173972093041,11.3610299488678,"pka1","+Acid"
"248",0.0400890660358047,0.00783830614211888,11.4013878743608,"pka1","+Acid"
"249",0.0420380031510329,0.00548369908456772,11.4417457998539,"pka1","+Acid"
"250",0.0386033840543237,0.00416267165825731,11.482103725347,"pka1","+Acid"
"251",0.0434873891250039,0.00801178769399354,11.52246165084,"pka1","+Acid"
"252",0.0388496957558903,0.00757183860982584,11.5628195763331,"pka1","+Acid"
"253",0.0426525894216661,0.00805633441969764,11.6031775018262,"pka1","+Acid"
"254",0.0408645137278875,0.00479730041538559,11.6435354273192,"pka1","+Acid"
"255",0.0492673979641964,0.00671146085902918,11.6838933528123,"pka1","+Acid"
"256",0.0457147612589292,0.00621962159173704,11.7242512783053,"pka1","+Acid"
"257",0.0473069360565686,0.00545328621418747,11.7646092037984,"pka1","+Acid"
"258",0.037286814184543,0.00554282853121204,11.8049671292915,"pka1","+Acid"
"259",0.042560472861255,0.00413450130382324,11.8453250547845,"pka1","+Acid"
"260",0.0391479482307678,0.00640635755649249,11.8856829802776,"pka1","+Acid"
"261",0.0391503142338773,0.00770485500154327,11.9260409057706,"pka1","+Acid"
"262",0.0361193673335502,0.00613485181219002,11.9663988312637,"pka1","+Acid"
"263",0.0401986619481896,0.00359257316312231,12.0067567567568,"pka1","+Acid"
"264",0.0423330359665794,0.00511139534031937,12.0471146822498,"pka1","+Acid"
"265",0.0484002055588174,0.00407569286381411,12.0874726077429,"pka1","+Acid"
"266",0.0447464951600223,0.00611972490990086,12.1278305332359,"pka1","+Acid"
"267",0.0352367692246288,0.00275134603435946,12.168188458729,"pka1","+Acid"
"268",0.0449705086742515,0.00539531698076467,12.2085463842221,"pka1","+Acid"
"269",0.0405532280244568,0.00817050524169573,12.2489043097151,"pka1","+Acid"
"270",0.0368631179851519,0.00697315703494864,12.2892622352082,"pka1","+Acid"
"271",0.0335195412627936,0.00606439051063731,12.3296201607012,"pka1","+Acid"
"272",0.0420486070314153,0.00650291334893788,12.3699780861943,"pka1","+Acid"
"273",0.0502992070513487,0.0100837625195819,12.4103360116874,"pka1","+Acid"
"274",0.0366792001773671,0.00450468391873582,12.4506939371804,"pka1","+Acid"
"275",0.0460508360040817,0.00787610525042919,12.4910518626735,"pka1","+Acid"
"276",0.0312747911640752,0.00450727130891786,12.5314097881665,"pka1","+Acid"
"277",0.0417636090853692,0.00797331002155822,12.5717677136596,"pka1","+Acid"
"278",0.0393998822870082,0.00633427652405831,12.6121256391527,"pka1","+Acid"
"279",0.035524007888466,0.00490563149610008,12.6524835646457,"pka1","+Acid"
"280",0.0317643795470522,0.00653246303407294,12.6928414901388,"pka1","+Acid"
"281",0.0431637541515873,0.00869528958941558,12.7331994156318,"pka1","+Acid"
"282",0.033852231619614,0.00459657222559234,12.7735573411249,"pka1","+Acid"
"283",0.0410832996890253,0.00889641595209538,12.813915266618,"pka1","+Acid"
"284",0.0399800236963106,0.00597672627571381,12.854273192111,"pka1","+Acid"
"285",0.0425821389383386,0.00671420848062439,12.8946311176041,"pka1","+Acid"
"286",0.0403690881564726,0.00649418681823173,12.9349890430972,"pka1","+Acid"
"287",0.0369578208639401,0.00777521050147637,12.9753469685902,"pka1","+Acid"
"288",0.0382503292837653,0.00517944009520029,13.0157048940833,"pka1","+Acid"
"289",0.0465907414714473,0.00837926243278904,13.0560628195763,"pka1","+Acid"
"290",0.0444175048942515,0.00653428877907776,13.0964207450694,"pka1","+Acid"
"291",0.0417667224030152,0.00540044550258966,13.1367786705625,"pka1","+Acid"
"292",0.0386005932779989,0.0056893664949754,13.1771365960555,"pka1","+Acid"
"293",0.0376525656793452,0.00759775955016771,13.2174945215486,"pka1","+Acid"
"294",0.0376290410510997,0.00871585074071891,13.2578524470416,"pka1","+Acid"
"295",0.0406937484300888,0.00940452032585451,13.2982103725347,"pka1","+Acid"
"296",0.0373391849616185,0.00777056638772254,13.3385682980278,"pka1","+Acid"
"297",0.0372802841718653,0.00450501082323432,13.3789262235208,"pka1","+Acid"
"298",0.0402126308640116,0.0091019528768074,13.4192841490139,"pka1","+Acid"
"299",0.0367412501113529,0.00967003632531095,13.4596420745069,"pka1","+Acid"
"300",0.0382169354249585,0.00924199815272792,13.5,"pka1","+Acid"
"301",7.27089055549623e-18,1.62582055390508e-17,-2,"logA","+Base"
"302",2.28421646196471e-19,5.10766328427716e-19,-1.96621621621622,"logA","+Base"
"303",2.79762461883375e-17,6.2556788232392e-17,-1.93243243243243,"logA","+Base"
"304",5.71089401849766e-18,1.27699472376577e-17,-1.89864864864865,"logA","+Base"
"305",8.4308997220207e-21,1.88520648899224e-20,-1.86486486486486,"logA","+Base"
"306",2.64466697230949e-22,5.91365512793257e-22,-1.83108108108108,"logA","+Base"
"307",4.67021593542051e-21,1.0442920301203e-20,-1.7972972972973,"logA","+Base"
"308",5.49688031960482e-18,1.22913980588171e-17,-1.76351351351351,"logA","+Base"
"309",6.70163111904326e-16,1.49853027423087e-15,-1.72972972972973,"logA","+Base"
"310",1.54456018996028e-14,3.45374158009118e-14,-1.69594594594595,"logA","+Base"
"311",1.6326800011172e-12,3.65078346800249e-12,-1.66216216216216,"logA","+Base"
"312",8.41657172566059e-12,1.88200265160798e-11,-1.62837837837838,"logA","+Base"
"313",1.37389862374309e-10,3.07213071688296e-10,-1.59459459459459,"logA","+Base"
"314",2.46788011154803e-10,5.51834768974115e-10,-1.56081081081081,"logA","+Base"
"315",4.52137828115181e-10,1.01101091886466e-09,-1.52702702702703,"logA","+Base"
"316",4.4149312833124e-09,9.8720864654769e-09,-1.49324324324324,"logA","+Base"
"317",6.49919368264231e-09,1.45326388695764e-08,-1.45945945945946,"logA","+Base"
"318",1.40469860910177e-08,3.14100157785097e-08,-1.42567567567568,"logA","+Base"
"319",2.32956652745572e-08,5.20906911349911e-08,-1.39189189189189,"logA","+Base"
"320",3.0310210186978e-08,6.7775690373648e-08,-1.35810810810811,"logA","+Base"
"321",7.39515660079528e-08,1.65360728484224e-07,-1.32432432432432,"logA","+Base"
"322",1.01814509586333e-07,2.27664164514262e-07,-1.29054054054054,"logA","+Base"
"323",1.45833632672771e-07,3.26093916056193e-07,-1.25675675675676,"logA","+Base"
"324",2.25117573888736e-07,5.03378195362069e-07,-1.22297297297297,"logA","+Base"
"325",2.09278972842749e-07,4.67962009376152e-07,-1.18918918918919,"logA","+Base"
"326",3.08347804190081e-07,6.89486647468118e-07,-1.15540540540541,"logA","+Base"
"327",2.93503231508786e-07,6.56293159509694e-07,-1.12162162162162,"logA","+Base"
"328",2.92670058887678e-07,6.54430139907931e-07,-1.08783783783784,"logA","+Base"
"329",3.04930838073816e-07,6.81846072524826e-07,-1.05405405405405,"logA","+Base"
"330",3.23962937866622e-07,7.24403133785494e-07,-1.02027027027027,"logA","+Base"
"331",4.16393428871482e-07,9.31083079925858e-07,-0.986486486486486,"logA","+Base"
"332",4.37860577176861e-07,9.79085350367138e-07,-0.952702702702703,"logA","+Base"
"333",5.93393404080366e-07,1.32686789987414e-06,-0.918918918918919,"logA","+Base"
"334",5.03261532672185e-07,1.12532627661781e-06,-0.885135135135135,"logA","+Base"
"335",1.32042727619188e-06,2.95256246376231e-06,-0.851351351351351,"logA","+Base"
"336",1.2358969263495e-06,2.76354873753556e-06,-0.817567567567568,"logA","+Base"
"337",2.24657105267411e-06,5.02348258150135e-06,-0.783783783783784,"logA","+Base"
"338",2.14339118614935e-06,4.79269492705394e-06,-0.75,"logA","+Base"
"339",2.56839675616287e-06,5.74284439405203e-06,-0.716216216216216,"logA","+Base"
"340",2.06972508819591e-06,4.62785866204958e-06,-0.682432432432432,"logA","+Base"
"341",2.97567322214963e-06,6.6536055190714e-06,-0.648648648648649,"logA","+Base"
"342",2.89418194902697e-06,6.46944062998943e-06,-0.614864864864865,"logA","+Base"
"343",4.80662189427162e-06,1.07470727917909e-05,-0.581081081081081,"logA","+Base"
"344",2.96108876055467e-06,6.61237930271923e-06,-0.547297297297297,"logA","+Base"
"345",4.61071616165003e-06,1.02638133958377e-05,-0.513513513513513,"logA","+Base"
"346",4.02896249061489e-06,8.96908558742477e-06,-0.47972972972973,"logA","+Base"
"347",4.64109561900739e-06,1.03217668301216e-05,-0.445945945945946,"logA","+Base"
"348",3.40586529381408e-06,7.40889578896154e-06,-0.412162162162162,"logA","+Base"
"349",6.64123625851744e-06,1.3599632011024e-05,-0.378378378378378,"logA","+Base"
"350",7.30839319816167e-06,1.25660554436323e-05,-0.344594594594595,"logA","+Base"
"351",1.64549560293008e-05,1.90293421385891e-05,-0.310810810810811,"logA","+Base"
"352",3.69817731704969e-05,4.09532263592372e-05,-0.277027027027027,"logA","+Base"
"353",9.79022925996678e-05,0.000118652752858843,-0.243243243243243,"logA","+Base"
"354",0.000233779809486507,0.000356626335630964,-0.209459459459459,"logA","+Base"
"355",0.000808604516254156,0.00133487375706169,-0.175675675675676,"logA","+Base"
"356",0.0012619379409489,0.00210552196049989,-0.141891891891892,"logA","+Base"
"357",0.00342836561984797,0.00577892769550709,-0.108108108108108,"logA","+Base"
"358",0.00906061467015619,0.0153943806832525,-0.0743243243243241,"logA","+Base"
"359",0.00748481639312908,0.00784556702819286,-0.0405405405405403,"logA","+Base"
"360",0.0252429703286918,0.0375411227952635,-0.00675675675675658,"logA","+Base"
"361",0.0491965775398722,0.0536468906022222,0.0270270270270272,"logA","+Base"
"362",0.0846401977096497,0.0575373413038617,0.060810810810811,"logA","+Base"
"363",0.161439562103168,0.0561417725142847,0.0945945945945947,"logA","+Base"
"364",0.291554845271999,0.0616224369894989,0.128378378378379,"logA","+Base"
"365",0.389235684447491,0.0530043063114842,0.162162162162162,"logA","+Base"
"366",0.4456757933884,0.0701416346520388,0.195945945945946,"logA","+Base"
"367",0.465684711137447,0.0798207945311621,0.22972972972973,"logA","+Base"
"368",0.463420714186379,0.0869848240229101,0.263513513513514,"logA","+Base"
"369",0.466920853844803,0.0885469195935961,0.297297297297297,"logA","+Base"
"370",0.474821597206032,0.082012804806833,0.331081081081081,"logA","+Base"
"371",0.496262466892278,0.0544376916759296,0.364864864864865,"logA","+Base"
"372",0.454821295300188,0.09266849255935,0.398648648648649,"logA","+Base"
"373",0.44039887557219,0.0894096879619636,0.432432432432432,"logA","+Base"
"374",0.441065762823245,0.0740127191040984,0.466216216216216,"logA","+Base"
"375",0.454188630209116,0.0507071540401799,0.5,"logA","+Base"
"376",1.61964202719406e-09,1.43551225450276e-09,-2,"logA","+Acid"
"377",1.10801046265573e-08,1.47325058738113e-08,-1.96621621621622,"logA","+Acid"
"378",1.48718452733663e-08,1.97079405297175e-08,-1.93243243243243,"logA","+Acid"
"379",1.9945609336665e-08,1.83367104124892e-08,-1.89864864864865,"logA","+Acid"
"380",3.86651009655805e-08,4.3570330332457e-08,-1.86486486486486,"logA","+Acid"
"381",5.09008875616383e-08,7.7995237173636e-08,-1.83108108108108,"logA","+Acid"
"382",8.95230739776085e-08,1.31502729792399e-07,-1.7972972972973,"logA","+Acid"
"383",1.80670063411127e-07,1.72114654536799e-07,-1.76351351351351,"logA","+Acid"
"384",4.93140316709355e-07,5.71252282034255e-07,-1.72972972972973,"logA","+Acid"
"385",6.30027992720386e-07,7.1584558570943e-07,-1.69594594594595,"logA","+Acid"
"386",1.64705499109302e-06,1.94931300724732e-06,-1.66216216216216,"logA","+Acid"
"387",2.1474306344415e-06,2.46368933792793e-06,-1.62837837837838,"logA","+Acid"
"388",2.6892804731112e-06,2.58211623495156e-06,-1.59459459459459,"logA","+Acid"
"389",3.66035775446927e-06,3.34053261773296e-06,-1.56081081081081,"logA","+Acid"
"390",6.35555766069716e-06,7.54032435543755e-06,-1.52702702702703,"logA","+Acid"
"391",1.08314812989609e-05,1.07400120211175e-05,-1.49324324324324,"logA","+Acid"
"392",1.25428503404818e-05,1.15051848382939e-05,-1.45945945945946,"logA","+Acid"
"393",2.20328358083895e-05,2.41256272331478e-05,-1.42567567567568,"logA","+Acid"
"394",3.77685135858334e-05,3.79468126287165e-05,-1.39189189189189,"logA","+Acid"
"395",4.72064858759384e-05,5.01258833282505e-05,-1.35810810810811,"logA","+Acid"
"396",5.72491707041501e-05,5.13361431171525e-05,-1.32432432432432,"logA","+Acid"
"397",7.35303155650083e-05,6.59371762379074e-05,-1.29054054054054,"logA","+Acid"
"398",0.000107784387790042,0.000120480406267542,-1.25675675675676,"logA","+Acid"
"399",0.000139688837639746,0.000141931376224469,-1.22297297297297,"logA","+Acid"
"400",0.00018490980652494,0.000178043643024619,-1.18918918918919,"logA","+Acid"
"401",0.00019608797057794,0.000184790009790969,-1.15540540540541,"logA","+Acid"
"402",0.000270901715783605,0.000273008216758603,-1.12162162162162,"logA","+Acid"
"403",0.000284910451648921,0.000290009544881012,-1.08783783783784,"logA","+Acid"
"404",0.000338557249441058,0.000311855373088314,-1.05405405405405,"logA","+Acid"
"405",0.000389550065802563,0.000342167588992556,-1.02027027027027,"logA","+Acid"
"406",0.000452570162692696,0.000397835029345077,-0.986486486486486,"logA","+Acid"
"407",0.00059949515485707,0.000577606776163902,-0.952702702702703,"logA","+Acid"
"408",0.000696861073773644,0.000722807417215047,-0.918918918918919,"logA","+Acid"
"409",0.000968768838948758,0.000901035570786751,-0.885135135135135,"logA","+Acid"
"410",0.0011318085121443,0.00103235670213023,-0.851351351351351,"logA","+Acid"
"411",0.00121764442834242,0.00098945168394758,-0.817567567567568,"logA","+Acid"
"412",0.00171305746250142,0.00154624113984976,-0.783783783783784,"logA","+Acid"
"413",0.00174704388842396,0.00158451344361637,-0.75,"logA","+Acid"
"414",0.00227056808842823,0.00188443658170015,-0.716216216216216,"logA","+Acid"
"415",0.00245788544764535,0.00231833565317774,-0.682432432432432,"logA","+Acid"
"416",0.00304256161105208,0.00280949256275306,-0.648648648648649,"logA","+Acid"
"417",0.00344486054502885,0.003196219142479,-0.614864864864865,"logA","+Acid"
"418",0.00420673605131559,0.00363420456284095,-0.581081081081081,"logA","+Acid"
"419",0.00436696680608773,0.00325864562833601,-0.547297297297297,"logA","+Acid"
"420",0.00573741887020444,0.00448340724085844,-0.513513513513513,"logA","+Acid"
"421",0.00702510818956987,0.00569653388294476,-0.47972972972973,"logA","+Acid"
"422",0.00793021008235356,0.00667643247826792,-0.445945945945946,"logA","+Acid"
"423",0.00952188909456035,0.00698411391942536,-0.412162162162162,"logA","+Acid"
"424",0.012548487655399,0.00982022502429627,-0.378378378378378,"logA","+Acid"
"425",0.0119160543823317,0.00696893713204952,-0.344594594594595,"logA","+Acid"
"426",0.0139556051119573,0.0130214021064779,-0.310810810810811,"logA","+Acid"
"427",0.0195968643424099,0.0119347653944902,-0.277027027027027,"logA","+Acid"
"428",0.0235665380287301,0.0140538310608632,-0.243243243243243,"logA","+Acid"
"429",0.0282120797618091,0.0149327426845371,-0.209459459459459,"logA","+Acid"
"430",0.0384998764997136,0.0221876652769493,-0.175675675675676,"logA","+Acid"
"431",0.0426747875684963,0.019673179386942,-0.141891891891892,"logA","+Acid"
"432",0.0526368870923698,0.0257411186308737,-0.108108108108108,"logA","+Acid"
"433",0.0544367228072999,0.0208159175479218,-0.0743243243243241,"logA","+Acid"
"434",0.0663142957119758,0.0221206102342906,-0.0405405405405403,"logA","+Acid"
"435",0.080350868912852,0.0329628963594008,-0.00675675675675658,"logA","+Acid"
"436",0.0994075126507027,0.0216691296201398,0.0270270270270272,"logA","+Acid"
"437",0.121000205920775,0.00870328092070367,0.060810810810811,"logA","+Acid"
"438",0.136012410549216,0.0252764378245981,0.0945945945945947,"logA","+Acid"
"439",0.146272664856272,0.0521665113162298,0.128378378378379,"logA","+Acid"
"440",0.166680871864325,0.0424380994382626,0.162162162162162,"logA","+Acid"
"441",0.171355723822926,0.0400652907979651,0.195945945945946,"logA","+Acid"
"442",0.179641320791722,0.0557184833541821,0.22972972972973,"logA","+Acid"
"443",0.171594269015295,0.0647349240555217,0.263513513513514,"logA","+Acid"
"444",0.191831202360716,0.0366251842774723,0.297297297297297,"logA","+Acid"
"445",0.20374213653417,0.0482848232641328,0.331081081081081,"logA","+Acid"
"446",0.202985641940423,0.0331832604896801,0.364864864864865,"logA","+Acid"
"447",0.209123528657905,0.0224866082536884,0.398648648648649,"logA","+Acid"
"448",0.236752596872658,0.0456818842417952,0.432432432432432,"logA","+Acid"
"449",0.210996736614233,0.0298821929188639,0.466216216216216,"logA","+Acid"
"450",0.194020074437102,0.0426980362521523,0.5,"logA","+Acid"
"451",0.0126213029941944,0.00380657578951456,-6.83783783783784,"logNa.A","+Base"
"452",0.0406109258890155,0.00729051474954742,-6.72921840759679,"logNa.A","+Base"
"453",0.0513279047651042,0.00791148139905661,-6.62059897735573,"logNa.A","+Base"
"454",0.0705973943424582,0.00897732156617694,-6.51197954711468,"logNa.A","+Base"
"455",0.0495385978960201,0.00555039324042383,-6.40336011687363,"logNa.A","+Base"
"456",0.0737062793146215,0.00914925961071134,-6.29474068663258,"logNa.A","+Base"
"457",0.0807186523584376,0.0101808610228676,-6.18612125639153,"logNa.A","+Base"
"458",0.0785209660769381,0.00951483595012921,-6.07750182615047,"logNa.A","+Base"
"459",0.0675163450884114,0.00853672018824309,-5.96888239590942,"logNa.A","+Base"
"460",0.063623798321322,0.00696075521532206,-5.86026296566837,"logNa.A","+Base"
"461",0.0762152623985084,0.00946506560398595,-5.75164353542732,"logNa.A","+Base"
"462",0.0687314574631288,0.00731940679714401,-5.64302410518627,"logNa.A","+Base"
"463",0.0784079772529136,0.0126611108703507,-5.53440467494522,"logNa.A","+Base"
"464",0.0992212238613017,0.0132069978033888,-5.42578524470416,"logNa.A","+Base"
"465",0.0839611333186772,0.0100533574050665,-5.31716581446311,"logNa.A","+Base"
"466",0.0736301140012921,0.00831324052968051,-5.20854638422206,"logNa.A","+Base"
"467",0.0799597019459943,0.0104523186156748,-5.09992695398101,"logNa.A","+Base"
"468",0.0779879414137533,0.0115028984071757,-4.99130752373996,"logNa.A","+Base"
"469",0.0806577142405547,0.0111127575431287,-4.8826880934989,"logNa.A","+Base"
"470",0.0839871436988238,0.0144015684016892,-4.77406866325785,"logNa.A","+Base"
"471",0.0725386745795334,0.0115607099797725,-4.6654492330168,"logNa.A","+Base"
"472",0.0719640370295832,0.0102989377937357,-4.55682980277575,"logNa.A","+Base"
"473",0.0715639363506552,0.0109792249556942,-4.4482103725347,"logNa.A","+Base"
"474",0.0713083953078207,0.00942776182396026,-4.33959094229365,"logNa.A","+Base"
"475",0.0605017377386598,0.00908308428514254,-4.23097151205259,"logNa.A","+Base"
"476",0.100472870540597,0.0144717358393303,-4.12235208181154,"logNa.A","+Base"
"477",0.0737868140084085,0.0111961406778579,-4.01373265157049,"logNa.A","+Base"
"478",0.0812036464952147,0.0117066878242702,-3.90511322132944,"logNa.A","+Base"
"479",0.0706463599442971,0.00960841184281236,-3.79649379108839,"logNa.A","+Base"
"480",0.0701512356242734,0.0104524158166008,-3.68787436084733,"logNa.A","+Base"
"481",0.0738844363130968,0.0126835878631684,-3.57925493060628,"logNa.A","+Base"
"482",0.0875368814136731,0.0153374379045593,-3.47063550036523,"logNa.A","+Base"
"483",0.0960175887879772,0.0150369447733023,-3.36201607012418,"logNa.A","+Base"
"484",0.0737116109505051,0.010418395153267,-3.25339663988313,"logNa.A","+Base"
"485",0.0720759811722601,0.00936146066794584,-3.14477720964207,"logNa.A","+Base"
"486",0.0767919938634586,0.0093593507059283,-3.03615777940102,"logNa.A","+Base"
"487",0.0762720925702248,0.00735538040996206,-2.92753834915997,"logNa.A","+Base"
"488",0.0739430282522578,0.0135753638752928,-2.81891891891892,"logNa.A","+Base"
"489",0.0826711493340763,0.0160304471874844,-2.71029948867787,"logNa.A","+Base"
"490",0.092219638227798,0.0177421021574362,-2.60168005843682,"logNa.A","+Base"
"491",0.0906914536478981,0.0210576989845727,-2.49306062819576,"logNa.A","+Base"
"492",0.0797958563559234,0.0174266028429208,-2.38444119795471,"logNa.A","+Base"
"493",0.0811499869962787,0.0213365517571372,-2.27582176771366,"logNa.A","+Base"
"494",0.0784303657298909,0.023645630901297,-2.16720233747261,"logNa.A","+Base"
"495",0.0788655018019966,0.0105220090679578,-2.05858290723156,"logNa.A","+Base"
"496",0.0897871873081841,0.00820626142827718,-1.9499634769905,"logNa.A","+Base"
"497",0.0757626463579781,0.024392554152027,-1.84134404674945,"logNa.A","+Base"
"498",0.0920485671557603,0.0257543139393353,-1.7327246165084,"logNa.A","+Base"
"499",0.0978719480894585,0.00951295065926182,-1.62410518626735,"logNa.A","+Base"
"500",0.0762713474922591,0.01011921751643,-1.5154857560263,"logNa.A","+Base"
"501",0.0927374897387419,0.0257580662563468,-1.40686632578524,"logNa.A","+Base"
"502",0.0857705320288025,0.0182438109324017,-1.29824689554419,"logNa.A","+Base"
"503",0.0807233168217874,0.0148464611820108,-1.18962746530314,"logNa.A","+Base"
"504",0.0974803847089756,0.0320707065334475,-1.08100803506209,"logNa.A","+Base"
"505",0.118759792421589,0.0237848021893991,-0.972388604821037,"logNa.A","+Base"
"506",0.113318613541209,0.033732883010703,-0.863769174579986,"logNa.A","+Base"
"507",0.113799788878518,0.0288127965984643,-0.755149744338934,"logNa.A","+Base"
"508",0.120640970330661,0.0187439693198499,-0.646530314097881,"logNa.A","+Base"
"509",0.139545642385171,0.0405315979878851,-0.53791088385683,"logNa.A","+Base"
"510",0.153574590454327,0.0552947859056685,-0.429291453615778,"logNa.A","+Base"
"511",0.136252857124612,0.0448080192220274,-0.320672023374726,"logNa.A","+Base"
"512",0.141854116365421,0.0231786414941852,-0.212052593133675,"logNa.A","+Base"
"513",0.142228943299362,0.046036678864955,-0.103433162892622,"logNa.A","+Base"
"514",0.118196247597156,0.043452277817438,0.00518626734842975,"logNa.A","+Base"
"515",0.129310698147501,0.0734559851282474,0.113805697589481,"logNa.A","+Base"
"516",0.0941453406067134,0.0580828315294649,0.222425127830533,"logNa.A","+Base"
"517",0.0563810541691793,0.0572904553580672,0.331044558071585,"logNa.A","+Base"
"518",0.0267919221688304,0.0271664855004505,0.439663988312637,"logNa.A","+Base"
"519",0.0125872219964758,0.0201838408463621,0.548283418553689,"logNa.A","+Base"
"520",0.0147951851736848,0.0311112383328043,0.656902848794741,"logNa.A","+Base"
"521",0.00489033103203753,0.010673538111801,0.765522279035793,"logNa.A","+Base"
"522",0.00228832486249926,0.005038434748614,0.874141709276844,"logNa.A","+Base"
"523",0.000381659786452034,0.000830864141439832,0.982761139517897,"logNa.A","+Base"
"524",0.000174756780890624,0.000370429780965431,1.09138056975895,"logNa.A","+Base"
"525",5.93323111721849e-05,0.00010356711674789,1.2,"logNa.A","+Base"
"526",0.0304840304257875,0.00639164915766716,-6.83783783783784,"logNa.A","+Acid"
"527",0.0472648023928053,0.00623090941727426,-6.72921840759679,"logNa.A","+Acid"
"528",0.0548216504359941,0.0131969102334377,-6.62059897735573,"logNa.A","+Acid"
"529",0.0726275590797707,0.0104058545914083,-6.51197954711468,"logNa.A","+Acid"
"530",0.0611160852019602,0.00614185832848823,-6.40336011687363,"logNa.A","+Acid"
"531",0.0797508498767337,0.0123980675820577,-6.29474068663258,"logNa.A","+Acid"
"532",0.083738081374082,0.0114509927169174,-6.18612125639153,"logNa.A","+Acid"
"533",0.088839476055596,0.0143914953518328,-6.07750182615047,"logNa.A","+Acid"
"534",0.0784579448269054,0.00843631957379642,-5.96888239590942,"logNa.A","+Acid"
"535",0.0736688940153391,0.00798774508315155,-5.86026296566837,"logNa.A","+Acid"
"536",0.080521311281828,0.0103227490095876,-5.75164353542732,"logNa.A","+Acid"
"537",0.0763781154289971,0.0130744368103536,-5.64302410518627,"logNa.A","+Acid"
"538",0.0803021121251821,0.0145355344640944,-5.53440467494522,"logNa.A","+Acid"
"539",0.0896545075407633,0.00427832004707983,-5.42578524470416,"logNa.A","+Acid"
"540",0.0775857967422861,0.00476367671350469,-5.31716581446311,"logNa.A","+Acid"
"541",0.0721620514112806,0.0118541129668024,-5.20854638422206,"logNa.A","+Acid"
"542",0.0744807319524387,0.0137051975027641,-5.09992695398101,"logNa.A","+Acid"
"543",0.0708782982041418,0.00520416239557813,-4.99130752373996,"logNa.A","+Acid"
"544",0.0755529232930237,0.00933190218456852,-4.8826880934989,"logNa.A","+Acid"
"545",0.073867842916691,0.0108785283157133,-4.77406866325785,"logNa.A","+Acid"
"546",0.066827101065024,0.00529105232271037,-4.6654492330168,"logNa.A","+Acid"
"547",0.0639797368993833,0.00885608761393605,-4.55682980277575,"logNa.A","+Acid"
"548",0.0643988290468996,0.00979368090947219,-4.4482103725347,"logNa.A","+Acid"
"549",0.0613522770226009,0.00494148818481548,-4.33959094229365,"logNa.A","+Acid"
"550",0.05501669919892,0.00748031359672921,-4.23097151205259,"logNa.A","+Acid"
"551",0.0796665729730851,0.0133942236805076,-4.12235208181154,"logNa.A","+Acid"
"552",0.0632727205150003,0.0101859578998053,-4.01373265157049,"logNa.A","+Acid"
"553",0.06771639701248,0.0158695615795324,-3.90511322132944,"logNa.A","+Acid"
"554",0.0597762622682175,0.0159724465190007,-3.79649379108839,"logNa.A","+Acid"
"555",0.0557659770214598,0.0161695494951676,-3.68787436084733,"logNa.A","+Acid"
"556",0.0576839319027106,0.0132190117984876,-3.57925493060628,"logNa.A","+Acid"
"557",0.0637226569911409,0.0179852382601453,-3.47063550036523,"logNa.A","+Acid"
"558",0.0622927684490607,0.0151349391007385,-3.36201607012418,"logNa.A","+Acid"
"559",0.0487329248220309,0.0157412587161798,-3.25339663988313,"logNa.A","+Acid"
"560",0.0496333250553385,0.0173488375022284,-3.14477720964207,"logNa.A","+Acid"
"561",0.0472643634661781,0.0177564551821354,-3.03615777940102,"logNa.A","+Acid"
"562",0.0461589454416733,0.0174251063762141,-2.92753834915997,"logNa.A","+Acid"
"563",0.0422639673273035,0.0159796244556707,-2.81891891891892,"logNa.A","+Acid"
"564",0.0446069225992437,0.0196708473718934,-2.71029948867787,"logNa.A","+Acid"
"565",0.0427126697488669,0.0139831938149283,-2.60168005843682,"logNa.A","+Acid"
"566",0.0407113402111961,0.0176588274990254,-2.49306062819576,"logNa.A","+Acid"
"567",0.0346091411225322,0.018448516158415,-2.38444119795471,"logNa.A","+Acid"
"568",0.0320436906472831,0.0127926098277283,-2.27582176771366,"logNa.A","+Acid"
"569",0.0295795495964496,0.0165484413305758,-2.16720233747261,"logNa.A","+Acid"
"570",0.0279181192202141,0.0144377135434031,-2.05858290723156,"logNa.A","+Acid"
"571",0.0270962359972497,0.0150981823017485,-1.9499634769905,"logNa.A","+Acid"
"572",0.020151366647689,0.0109261773639986,-1.84134404674945,"logNa.A","+Acid"
"573",0.0216570383235733,0.0132363461809724,-1.7327246165084,"logNa.A","+Acid"
"574",0.0195075594925585,0.0129644145482351,-1.62410518626735,"logNa.A","+Acid"
"575",0.0133930104916209,0.00905915091316823,-1.5154857560263,"logNa.A","+Acid"
"576",0.0135207066327429,0.00898948384003793,-1.40686632578524,"logNa.A","+Acid"
"577",0.00869762116483807,0.0052125788321373,-1.29824689554419,"logNa.A","+Acid"
"578",0.00624703346388589,0.00411362672322432,-1.18962746530314,"logNa.A","+Acid"
"579",0.00632190591215869,0.00360734767848511,-1.08100803506209,"logNa.A","+Acid"
"580",0.00483166920169518,0.00333221527605888,-0.972388604821037,"logNa.A","+Acid"
"581",0.00329335945612161,0.00182399725760092,-0.863769174579986,"logNa.A","+Acid"
"582",0.00193574146577598,0.00109268790392485,-0.755149744338934,"logNa.A","+Acid"
"583",0.00122116291349185,0.000760321728998568,-0.646530314097881,"logNa.A","+Acid"
"584",0.000896911936245188,0.000798648611574284,-0.53791088385683,"logNa.A","+Acid"
"585",0.000518955757424223,0.00058144364660736,-0.429291453615778,"logNa.A","+Acid"
"586",0.000175987701493506,0.000122913778919628,-0.320672023374726,"logNa.A","+Acid"
"587",9.13098290021934e-05,7.66536871836278e-05,-0.212052593133675,"logNa.A","+Acid"
"588",4.55041799677691e-05,4.74983109238757e-05,-0.103433162892622,"logNa.A","+Acid"
"589",1.50997057993414e-05,1.78711707044717e-05,0.00518626734842975,"logNa.A","+Acid"
"590",6.86770854836049e-06,8.83214561972902e-06,0.113805697589481,"logNa.A","+Acid"
"591",4.84559381713544e-06,1.02198153410762e-05,0.222425127830533,"logNa.A","+Acid"
"592",4.85454257627852e-07,4.23948314633422e-07,0.331044558071585,"logNa.A","+Acid"
"593",3.73963564953336e-07,6.29084212963152e-07,0.439663988312637,"logNa.A","+Acid"
"594",3.36747395061028e-08,6.16869074365036e-08,0.548283418553689,"logNa.A","+Acid"
"595",2.13320129342157e-09,1.62721474044961e-09,0.656902848794741,"logNa.A","+Acid"
"596",2.15082113520341e-08,2.99894643840674e-08,0.765522279035793,"logNa.A","+Acid"
"597",1.15792035513286e-09,2.40065037117835e-09,0.874141709276844,"logNa.A","+Acid"
"598",3.30333549034112e-09,5.39076175228439e-09,0.982761139517897,"logNa.A","+Acid"
"599",6.58865259051738e-10,1.37895553064411e-09,1.09138056975895,"logNa.A","+Acid"
"600",7.51885433832276e-10,1.04551927541591e-09,1.2,"logNa.A","+Acid"
