"","x1","x2","x3","f1","f2","order","f1.norm","f2.norm","theta","dist","rad"
"1",0,0,0,0,21.125,0,0,21.125,100,20.125,21.125
"2",0.5,0,0,0.5,17.875,0,0.5,17.875,98.2197096152545,17.0118918972528,17.8819916396357
"3",1,0,0,1,16.5288059222874,0,1,16.5288059222874,96.1531115051552,15.7498056566038,16.5590285106537
"4",0,0.5,0,0,11.0625,0,0,11.0625,100,10.0625,11.0625
"5",0.5,0.5,0,0.5,8.71063903472165,0,0.5,8.71063903472165,96.3497399387246,7.91208620180425,8.72497750101492
"6",1,0.5,0,1,7.73646632608748,0,1,7.73646632608748,91.8165555097333,7.08938446464048,7.80082759806198
"7",0,1,0,0,21.125,0,0,21.125,100,20.125,21.125
"8",0.5,1,0,0.5,17.875,0,0.5,17.875,98.2197096152545,17.0118918972528,17.8819916396357
"9",1,1,0,1,16.5288059222874,0,1,16.5288059222874,96.1531115051552,15.7498056566038,16.5590285106537
"10",0,0,0.5,0,11.0625,0,0,11.0625,100,10.0625,11.0625
"11",0.5,0,0.5,0.5,8.71063903472165,0,0.5,8.71063903472165,96.3497399387246,7.91208620180425,8.72497750101492
"12",1,0,0.5,1,7.73646632608748,0,1,7.73646632608748,91.8165555097333,7.08938446464048,7.80082759806198
"13",0,0.5,0.5,0,1,0,0,1,100,0,1
"14",0.5,0.5,0.5,0.5,0.292893218813452,0,0.5,0.292893218813452,33.7346593386907,0,0.579470825518338
"15",1,0.5,0.5,1,0,0,1,0,0,0,1
"16",0,1,0.5,0,11.0625,0,0,11.0625,100,10.0625,11.0625
"17",0.5,1,0.5,0.5,8.71063903472165,0,0.5,8.71063903472165,96.3497399387246,7.91208620180425,8.72497750101492
"18",1,1,0.5,1,7.73646632608748,0,1,7.73646632608748,91.8165555097333,7.08938446464048,7.80082759806198
"19",0,0,1,0,21.125,0,0,21.125,100,20.125,21.125
"20",0.5,0,1,0.5,17.875,0,0.5,17.875,98.2197096152545,17.0118918972528,17.8819916396357
"21",1,0,1,1,16.5288059222874,0,1,16.5288059222874,96.1531115051552,15.7498056566038,16.5590285106537
"22",0,0.5,1,0,11.0625,0,0,11.0625,100,10.0625,11.0625
"23",0.5,0.5,1,0.5,8.71063903472165,0,0.5,8.71063903472165,96.3497399387246,7.91208620180425,8.72497750101492
"24",1,0.5,1,1,7.73646632608748,0,1,7.73646632608748,91.8165555097333,7.08938446464048,7.80082759806198
"25",0,1,1,0,21.125,0,0,21.125,100,20.125,21.125
"26",0.5,1,1,0.5,17.875,0,0.5,17.875,98.2197096152545,17.0118918972528,17.8819916396357
"27",1,1,1,1,16.5288059222874,0,1,16.5288059222874,96.1531115051552,15.7498056566038,16.5590285106537
"28",0.136122139636427,0.0510099950479344,0.131930702598765,0.136122139636427,4.29766465533479,0,0.136122139636427,4.29766465533479,97.9842753880028,3.43814046671386,4.29981984815795
"29",0.41725511488039,0.204668103833683,0.0907350709894672,0.41725511488039,9.67350896190457,0,0.41725511488039,9.67350896190457,97.255718662239,8.84580796014396,9.68250367761055
"30",0.314129676204175,0.0979835214093328,0.22849635372404,0.314129676204175,13.193171791178,0,0.314129676204175,13.193171791178,98.4844934329322,12.3171278452635,13.1969109781421
"31",0.126724458415993,0.350426460267045,0.382103498792276,0.126724458415993,28.831053701075,0,0.126724458415993,28.831053701075,99.7201809646902,27.8584642499709,28.8313322030501
"32",0.451785502489656,0.0417699698591605,0.431233399081975,0.451785502489656,8.09048832783654,0,0.451785502489656,8.09048832783654,96.448704022593,7.28833950645201,8.10309271347176
"33",0.325652354746126,0.36428229440935,0.304288045153953,0.325652354746126,32.8735044555816,0,0.325652354746126,32.8735044555816,99.3693707129093,31.934228574313,32.8751174088747
"34",0.147257492179051,0.389603610266931,0.800311502069235,0.147257492179051,20.7780893796341,0,0.147257492179051,20.7780893796341,99.5488254000742,19.8216344276489,20.7786111912482
"35",0.228044597082771,0.293121317401528,0.523333299672231,0.228044597082771,19.3964478052683,0,0.228044597082771,19.3964478052683,99.2515587786891,18.4671663283898,19.397788322403
"36",0.385118274600245,0.341321024345234,0.630304616643116,0.385118274600245,29.9644456792552,0,0.385118274600245,29.9644456792552,99.1818289834941,29.0422687683649,29.9669204448917
"37",0.367247858201154,0.123613358242437,0.827054162975401,0.367247858201154,5.94653603614971,0,0.367247858201154,5.94653603614971,96.0733327109944,5.15011948369209,5.95786554217032
"38",0.0122509389184415,0.0249857507878914,0.981325473287143,0.0122509389184415,13.9780741078097,0,0.0122509389184415,13.9780741078097,99.9442041307807,12.9836112718648,13.9780794764132
"39",0.433563708793372,0.48915701371152,0.866728974040598,0.433563708793372,1.46934920433256,0,0.433563708793372,1.46934920433256,81.7334993221006,0.921728588666969,1.53198060492142
"40",0.175914653460495,0.734389291726984,0.312547404319048,0.175914653460495,36.7721933564605,0,0.175914653460495,36.7721933564605,99.6954495174169,35.8020726747303,36.7726141334855
"41",0.0483968920307234,0.763187291682698,0.209588293218985,0.0483968920307234,26.8402689140904,0,0.0483968920307234,26.8402689140904,99.8852083595177,25.8516263863416,26.8403125473577
"42",0.339005589019507,0.735527237644419,0.102311470196582,0.339005589019507,16.9689025392444,0,0.339005589019507,16.9689025392444,98.7283269809187,16.0833818367556,16.9722885367814
"43",0.142634877003729,0.692237210110761,0.0589631528127939,0.142634877003729,21.1793861360672,0,0.142634877003729,21.1793861360672,99.571267979264,20.2208383809642,21.1798664256594
"44",0.42857147695031,0.747760695870966,0.123884074157104,0.42857147695031,16.20343265833,0,0.42857147695031,16.20343265833,98.3165697943399,15.3354839700007,16.2090994019992
"45",0.218521054368466,0.708063283353113,0.0644933811854571,0.218521054368466,20.2765309444234,0,0.218521054368466,20.2765309444234,99.3139386671651,19.3416787347303,20.2777084156806
"46",0.321334976819344,0.596983668627217,0.810877854702994,0.321334976819344,16.3912049212815,0,0.321334976819344,16.3912049212815,98.7521234699082,15.5045464168178,16.3943543617542
"47",0.352113225148059,0.655476302141324,0.799613234121352,0.352113225148059,25.560428673335,0,0.352113225148059,25.560428673335,99.1230661037169,24.6431734984116,25.5628538643081
"48",0.16374808177352,0.547020899248309,0.649499719496816,0.16374808177352,18.7894742209385,0,0.16374808177352,18.7894742209385,99.4452073202048,17.8425676052931,18.7901877301318
"49",0.440535163856111,0.772319587413222,0.887976289377548,0.440535163856111,12.8377421828571,0,0.440535163856111,12.8377421828571,97.8162562724803,11.989522367014,12.8452985790172
"50",0.395019889459945,0.560524644330144,0.980030229547992,0.395019889459945,9.97004198942122,0,0.395019889459945,9.97004198942122,97.478987485583,9.13367939402722,9.97786439995509
"51",0.0889719226397574,0.723202693741769,0.849567882018164,0.0889719226397574,21.9214738666303,0,0.0889719226397574,21.9214738666303,99.7416187685514,20.9467606434739,21.9216544195089
"52",0.678870026953518,0.134643364464864,0.165800216142088,0.678870026953518,5.14877161846752,0,0.678870026953518,5.14877161846752,91.6542532460935,4.48490912327402,5.19333358187518
"53",0.697001325897872,0.0410674168961123,0.481510218698531,0.697001325897872,3.50828173437692,0,0.697001325897872,3.50828173437692,87.5146511017444,2.92140964337501,3.57684939242151
"54",0.631215820554644,0.499175956705585,0.469707301119342,0.631215820554644,0.957366153972221,0,0.631215820554644,0.957366153972221,62.8912455487175,0.598694765973655,1.1467272408424
"55",0.656140897073783,0.456516424077563,0.195474368403666,0.656140897073783,9.68641541433527,0,0.656140897073783,9.68641541433527,95.6942262238556,8.90779442103277,9.70861290071268
"56",0.809095466742292,0.458145086304285,0.484829936060123,0.809095466742292,1.71690731727265,0,0.809095466742292,1.71690731727265,71.9641814225693,1.33428847045843,1.89800058229899
"57",0.756809150916524,0.387181801605038,0.36397818941623,0.756809150916524,23.7353148708331,0,0.756809150916524,23.7353148708331,97.9708021848068,22.8861745816637,23.7473773732701
"58",0.789401662652381,0.137365021975711,0.670195655780844,0.789401662652381,17.5047459472007,0,0.789401662652381,17.5047459472007,97.1310155112306,16.6899618281708,17.5225365076246
"59",0.984217705670744,0.334904571762308,0.672185380128212,0.984217705670744,32.4446879071192,0,0.984217705670744,32.4446879071192,98.0693900856324,31.5949094294792,32.4596127192319
"60",0.802933411323465,0.0488865640945733,0.57248847046867,0.802933411323465,7.09571334287477,0,0.802933411323465,7.09571334287477,92.8266811339625,6.41006433021721,7.14099782294257
"61",0.893916255561635,0.0854518585838377,0.945624475367367,0.893916255561635,1.96648022362583,0,0.893916255561635,1.96648022362583,72.838397299471,1.59325439320687,2.16012285342034
"62",0.569327086443081,0.222718788660131,0.663453694432974,0.569327086443081,28.587294145666,0,0.569327086443081,28.587294145666,98.7323145318721,27.703905184263,28.5929627688735
"63",0.851731012691744,0.483966965111904,0.974773657508194,0.851731012691744,4.98271549160002,0,0.851731012691744,4.98271549160002,89.2219757318582,4.38166203657194,5.05498757547551
"64",0.777795005473308,0.769639325211756,0.412798836245202,0.777795005473308,19.3278600103292,0,0.777795005473308,19.3278600103292,97.439485561339,18.5006543006619,19.3435037583531
"65",0.982239928445779,0.513948849402368,0.0570790113415569,0.982239928445779,1.6283135406631,0,0.982239928445779,1.6283135406631,65.4450635681559,1.35223683461434,1.90163094835459
"66",0.591699264710769,0.666907827137038,0.279845936805941,0.591699264710769,34.3851165054796,0,0.591699264710769,34.3851165054796,98.9046124745161,33.4885416184557,34.3902071106771
"67",0.680476074456237,0.929734060890041,0.0618990797083825,0.680476074456237,2.27355561045384,0,0.680476074456237,2.27355561045384,81.4861532742174,1.76457378820581,2.37320517480759
"68",0.881129669724032,0.621230832766742,0.336560514289886,0.881129669724032,27.3134921263834,0,0.881129669724032,27.3134921263834,97.9469849659665,26.4673393104458,27.3277009942819
"69",0.548390179639682,0.921142451581545,0.432633778662421,0.548390179639682,4.77234221341172,0,0.548390179639682,4.77234221341172,92.7165433169227,4.0749989682174,4.80374666182936
"70",0.605163508676924,0.978364610578865,0.655379189061932,0.605163508676924,21.4539377512182,0,0.605163508676924,21.4539377512182,98.2047261951052,20.5929125498699,21.4624711509504
"71",0.521528360783122,0.799801917863078,0.922513202414848,0.521528360783122,9.24502422653312,0,0.521528360783122,9.24502422653312,96.4125161869262,8.44565156276522,9.25972271616626
"72",0.544172955444083,0.813286302727647,0.987308061798103,0.544172955444083,13.9871927066689,0,0.544172955444083,13.9871927066689,97.5244736949338,13.1520457147427,13.9977742523206
"73",0.871416414505802,0.785099500208162,0.977839303086512,0.871416414505802,15.8123226318929,0,0.871416414505802,15.8123226318929,96.4951365416986,15.0206858777936,15.8363162882832
"74",0.618117502657697,0.676823633024469,0.96485051792115,0.618117502657697,21.2177623544324,0,0.618117502657697,21.2177623544324,98.1459187165378,20.3593223057733,21.2267639685436
"75",0.796164781088009,0.897772110300139,0.930889486102387,0.796164781088009,0.909000262720282,0,0.796164781088009,0.909000262720282,54.2065561215672,0.670340623203114,1.20837073626866
"76",0.515359323334453,0.0921822421941512,0.911936400307852,0.515359323334453,0.505241683194726,1,0.515359323334453,0.505241683194726,49.3689131469733,0.180843613853852,0.721709353261536
"77",0.750103411598255,0.497964038396685,0.89144879679857,0.750103411598255,0.211413565726829,2,0.750103411598255,0.211413565726829,17.4891914749227,0.0901178037502989,0.779327160995094
"78",0.334025758748109,0.100252329734051,0.929097570729666,0.334025758748109,1.27251192692351,3,0.334025758748109,1.27251192692351,83.6578436554477,0.692133734652662,1.31562145454908
"79",0.811299579134627,0.493292903377652,0.493298198188227,0.811299579134627,0.161505396867638,4,0.811299579134627,0.161505396867638,12.5096521895933,0.0820045088436324,0.827218834602668
"80",0.865343634042546,0.886463884868819,0.899990966860103,0.865343634042546,0.240865183419952,5,0.865343634042546,0.240865183419952,17.2826068515084,0.208594021966358,0.898240302793126
"81",0.258667086548664,0.493219201950159,0.491347690675381,0.258667086548664,0.603768361270742,6,0.258667086548664,0.603768361270742,74.231875625741,0.0846465006301823,0.656844651142971
"82",1,0.497530348056515,0.10170320099135,1,0.0256961202320813,7,1,0.0256961202320813,1.63550591492386,0.0383557482666208,1.00033009081752
"83",0.996360394232598,0.902449485328667,0.0928728575394198,0.996360394232598,0.0806063167358502,8,0.996360394232598,0.0806063167358502,5.13911036134821,0.130384414189934,0.999615632877487
"84",0.572492804885988,0.495937605752814,0.899389890121993,0.572492804885988,0.281438356024685,9,0.572492804885988,0.281438356024685,29.0875592532611,0.0361208483728676,0.63793068580223
"85",0.893673810509772,0.910141607875433,0.101563356965233,0.893673810509772,0.170908380208567,10,0.893673810509772,0.170908380208567,12.0296210239766,0.158127331505842,0.909869525820363
"86",0.145336809694446,0.50967942176746,0.496022734459407,0.145336809694446,0.728769291035266,11,0.145336809694446,0.728769291035266,87.4684424689981,0.0881037646705474,0.743120089762216
"87",0.803490763363933,0.895169794005453,0.0857216978428618,0.803490763363933,0.315379647186502,12,0.803490763363933,0.315379647186502,23.8117729934424,0.228696973280831,0.863169582799717
"88",0.681351380186736,0.485867043575115,0.893349433610025,0.681351380186736,0.383620202816608,13,0.681351380186736,0.383620202816608,32.6452758436036,0.197643577723778,0.781923374309418
"89",0.439021253448334,0.0834436121611425,0.911749443370447,0.439021253448334,0.755885578236041,14,0.439021253448334,0.755885578236041,66.5020169563395,0.323910556371332,0.874129663359264
"90",1,0.496195514190933,0.485431119030761,1,0.147860892248089,15,1,0.147860892248089,9.34540363637582,0.21946905314527,1.01087231807801
"91",0.306827380549084,0.501471395869805,0.49745158580059,0.306827380549084,0.453812886588696,16,0.306827380549084,0.453812886588696,62.1522060350547,0,0.547803958993158
"92",0.726541703407703,0.892272732583958,0.906239977758706,0.726541703407703,0.267065524306717,17,0.726541703407703,0.267065524306717,22.4251658191661,0.127404769956495,0.774071599442705
"93",0.102098360171245,0.499783537018088,0.499984917857315,0.102098360171245,0.680520476737994,18,0.102098360171245,0.680520476737994,90.5195153346001,0,0.688136755601213
"94",0.657544944491152,0.50206967018975,0.495255039118465,0.657544944491152,0.208870088236253,19,0.657544944491152,0.208870088236253,19.5805827039734,0,0.689921783817334
"95",1,0.492447993498874,0.498878563582432,1,0.0365455184305628,20,1,0.0365455184305628,2.32552502660293,0.0635070355870966,1.00066756463741
"96",0.657363862017963,0.496320389718699,0.495546210154869,0.657363862017963,0.213868299823188,21,0.657363862017963,0.213868299823188,20.0243342259358,0,0.691279174253378
"97",0.999984284869315,0.486520906978185,0.0917937977311803,0.999984284869315,0.186962593972766,22,0.999984284869315,0.186962593972766,11.7667440901254,0.261927914392342,1.0173119391468
"98",0.608704865207681,0.503989789435414,0.887530351299923,0.608704865207681,0.376672984045341,23,0.608704865207681,0.376672984045341,35.2773984345185,0.142215366623539,0.715824105375841
"99",0.96482813415482,0.499208189488705,0.497078885644298,0.96482813415482,0.0235096841224491,24,0.96482813415482,0.0235096841224491,1.55092582628397,0,0.965114518440278
"100",0.184685972074089,0.500032845347033,0.499611618237662,0.184685972074089,0.570396123232004,25,0.184685972074089,0.570396123232004,80.0653341591851,0,0.599550369592956
"101",0.432672906135999,0.50284820419189,0.497220384093226,0.432672906135999,0.355366351937029,26,0.432672906135999,0.355366351937029,43.7746868240322,0.0106531844987722,0.559902748513707
"102",0.565789244088409,0.0919273952327708,0.921284134702451,0.565789244088409,0.733503505233833,27,0.565789244088409,0.733503505233833,58.1723748023665,0.387727848356099,0.926361085601318
"103",0.904883500949405,0.908722784619809,0.0872391730724763,0.904883500949405,0.261518903706947,28,0.904883500949405,0.261518903706947,17.9108181827056,0.25262328213631,0.941916284648766
"104",0.916483110329141,0.101174409369528,0.894742877106785,0.916483110329141,0.103846150581004,29,0.916483110329141,0.103846150581004,7.18286462148201,0.0945606255830174,0.922347718872372
"105",0.808862174549352,0.897399038880853,0.906870358438027,0.808862174549352,0.184019915779923,30,0.808862174549352,0.184019915779923,14.2410018084605,0.106524008567194,0.829530799199377
"106",1,0.894854307937174,0.100716166436094,1,0.0575466049922496,31,1,0.0575466049922496,3.65949460981344,0.100218105151922,1.00165443729169
"107",0.782349993498233,0.0955387791344729,0.893131268242411,0.782349993498233,0.20867189334596,32,0.782349993498233,0.20867189334596,16.5938995032501,0.11291140201453,0.809700853031089
"108",0.797143047488571,0.889720799413027,0.909663518719763,0.797143047488571,0.297267974667838,33,0.797143047488571,0.297267974667838,22.7236963559504,0.208588184154955,0.850767469360744
"109",0.959242013871273,0.501398833920635,0.0986440608322045,0.959242013871273,0.0437729259575065,34,0.959242013871273,0.0437729259575065,2.90306211498733,0.0411124804204682,0.960240235682038
"110",0.743043989822597,0.49659806654241,0.900968444190888,0.743043989822597,0.169976959782615,35,0.743043989822597,0.169976959782615,14.3168204077551,0.0401221602661698,0.762237848488531
"111",0.881744053959065,0.110222962541668,0.904186810235376,0.881744053959065,0.188064603261305,36,0.881744053959065,0.188064603261305,13.3778218385649,0.167780610706541,0.901576880633038
"112",0.894128601976266,0.100048655981628,0.901445474956943,0.894128601976266,0.0988804873319056,37,0.894128601976266,0.0988804873319056,7.01180119378452,0.0671351847566941,0.899579517133993
"113",0.799375825808065,0.903858703657324,0.097119565159326,0.799375825808065,0.168002218101476,38,0.799375825808065,0.168002218101476,13.1876991797798,0.0805842682579668,0.816839308660732
"114",0.824382830510229,0.10114815034562,0.899179894801658,0.824382830510229,0.137587326273115,39,0.824382830510229,0.137587326273115,10.5279808900917,0.0625734076610546,0.835785453086521
"115",0.0416458985435193,0.49985549623629,0.495362319183436,0.0416458985435193,0.819788954326462,40,0.0416458985435193,0.819788954326462,96.7687012140716,0,0.820846094283923
"116",1,0.499056784605061,0.497564074075319,1,0.00421822902522267,41,1,0.00421822902522267,0.268539207443848,-3.86024545662167e-12,1.00000889668848
"117",0.996122221583725,0.505140393416733,0.0925910288716365,0.996122221583725,0.0752851371888717,42,0.996122221583725,0.0752851371888717,4.8023286064307,0.122686445555432,0.998963128556026
"118",0.691290318636909,0.497306662254481,0.898161608072839,0.691290318636909,0.199665228545087,43,0.691290318636909,0.199665228545087,17.9003246710106,0.030256879255697,0.719547432856988
"119",0.853811165284596,0.0997271861244042,0.898454029114576,0.853811165284596,0.121279617895961,44,0.853811165284596,0.121279617895961,8.98277353986414,0.065165789391838,0.862381731996701
"120",0.722800699610964,0.898350240333254,0.895928623391159,0.722800699610964,0.209910213171903,45,0.722800699610964,0.209910213171903,17.9932745005735,0.0633511365258967,0.752664034581149
"121",0.851077904111191,0.903208044895867,0.0959803192778942,0.851077904111191,0.140336691544999,46,0.851077904111191,0.140336691544999,10.4037893910993,0.0875083236006144,0.862570568626181
"122",0.824135821897626,0.896272854023975,0.898413290432314,0.824135821897626,0.147406294136272,47,0.824135821897626,0.147406294136272,11.2675394793885,0.0747807357895219,0.837214708713281
"123",0.870716562873187,0.495771063528055,0.899950513104788,0.870716562873187,0.100415188995336,48,0.870716562873187,0.100415188995336,7.30951211353922,0.0509499090230142,0.876487617164479
"124",0.560078974800629,0.500111532905942,0.497243602219583,0.560078974800629,0.257499742740168,49,0.560078974800629,0.257499742740168,27.4343297472168,0.00509182018740473,0.61643700045096
"125",0.792002270832654,0.497683076187454,0.899454866722043,0.792002270832654,0.136314043146723,50,0.792002270832654,0.136314043146723,10.8507561319346,0.0351893595282446,0.803647382477593
"126",0.361758614122787,0.500606136379189,0.498849889213265,0.361758614122787,0.399994938884125,51,0.361758614122787,0.399994938884125,53.1928420255096,0.00110802397676812,0.539319243143571
"127",0.826916409716355,0.500917284301271,0.500903631654399,0.826916409716355,0.0917666621758847,52,0.826916409716355,0.0917666621758847,7.03606855178494,0,0.831992709670638
"128",0.622932001217927,0.499353016032957,0.897998998661546,0.622932001217927,0.238211417803959,53,0.622932001217927,0.238211417803959,23.2522580687117,0.0285359773301864,0.666925001565801
"129",0.927634700883385,0.497357041783605,0.097466473334898,0.927634700883385,0.0668165502609531,54,0.927634700883385,0.0668165502609531,4.57759962295452,0.0489822617599587,0.930037950662112
"130",0.707211960997323,0.500079329720295,0.499948276812237,0.707211960997323,0.159047460160441,55,0.707211960997323,0.159047460160441,14.082868996994,0,0.724875749602072
"131",0.462020998158188,0.500511002978679,0.497428310139624,0.462020998158188,0.325884087264371,56,0.462020998158188,0.325884087264371,39.1078103106174,0.00440643761833837,0.565388221553315
"132",0.0173435034165114,0.498057595320298,0.496130470158615,0.0173435034165114,0.889917025224651,57,0.0173435034165114,0.889917025224651,98.7594551715245,0,0.890086012077176
"133",0.882147690471232,0.499258894439078,0.499305271503198,0.882147690471232,0.0614483442720736,58,0.882147690471232,0.0614483442720736,4.42739278491494,0,0.884285274567833
"134",0.244107897653975,0.4993263159164,0.498874589249637,0.244107897653975,0.50752593535391,59,0.244107897653975,0.50752593535391,71.459503131496,0,0.563179581265075
"135",0.964779792031043,0.497679717694754,0.0974148317593966,0.964779792031043,0.0463294774824334,60,0.964779792031043,0.0463294774824334,3.05475112140476,0.0503773309429622,0.965891540285584
"136",0.131757555793497,0.497401723641118,0.497412848741219,0.131757555793497,0.650605080954211,61,0.131757555793497,0.650605080954211,87.2795061102934,0.0105181991801767,0.663812492253733
"137",0.429682489927525,0.499663936868434,0.502920858124638,0.429682489927525,0.351677001034004,62,0.429682489927525,0.351677001034004,43.6654208105531,0.00578882098803413,0.555251074025606
"138",0.618327900589957,0.0974820204945349,0.899997355359998,0.618327900589957,0.267995112275818,63,0.618327900589957,0.267995112275818,26.0364767795232,0.0540774644899487,0.673907095118987
"139",0.785997712116179,0.495023518975266,0.898888312562424,0.785997712116179,0.153985329318183,64,0.785997712116179,0.153985329318183,12.3160732568948,0.0531114033141711,0.800939376667858
"140",0.0615299944892369,0.49453092077762,0.498531755231702,0.0615299944892369,0.786636196861571,65,0.0615299944892369,0.786636196861571,95.0305341852809,0,0.789038938478122
"141",0.999999999826288,0.50136677705709,0.899492518682864,0.999999999826288,0.0214819866381693,66,0.999999999826288,0.0214819866381693,1.36737543360693,0,1.00023071108745
"142",0.498237586030886,0.0968449265188292,0.898412319436108,0.498237586030886,0.356839789178346,67,0.498237586030886,0.356839789178346,39.5671029229154,0.0531749626474353,0.612842008412226
"143",0.283132207557192,0.504320012830727,0.504406664243355,0.283132207557192,0.502516714926874,68,0.283132207557192,0.502516714926874,67.3353920094961,0.0254587270047584,0.576790166123787
"144",0.505341593417811,0.497788422136202,0.5000738638035,0.505341593417811,0.293023519662922,69,0.505341593417811,0.293023519662922,33.4526703236721,0.00345970595744693,0.584151443645994
"145",0.622155347617051,0.497285380080506,0.899594910954207,0.622155347617051,0.241269185123647,70,0.622155347617051,0.241269185123647,23.551199830656,0.0310146817046358,0.667299105543176
"146",0.988091323862433,0.901040667738839,0.100594355494095,0.988091323862433,0.0479475894567185,71,0.988091323862433,0.0479475894567185,3.08680561640356,0.0744990774390047,0.989253979333379
"147",0.766362668154566,0.500633202138662,0.499330956460728,0.766362668154566,0.125167456977092,72,0.766362668154566,0.125167456977092,10.3066954895155,0,0.776516987210903
"148",0.311893355365348,0.503925051828133,0.500033992018952,0.311893355365348,0.455249443021049,73,0.311893355365348,0.455249443021049,61.7608766915681,0.0050607886950228,0.551841934336301
"149",0.60234310084035,0.500135016464662,0.50025580411817,0.60234310084035,0.223955516896792,74,0.60234310084035,0.223955516896792,22.6616643510056,0,0.642629974929957
"150",0.992654303584248,0.899141460232701,0.0983367736535275,0.992654303584248,0.046930164344769,75,0.992654303584248,0.046930164344769,3.00753651631776,0.0771277015689594,0.993763053624834
"151",0.211854421753461,0.50139427165809,0.499857363432167,0.211854421753461,0.541589866922383,76,0.211854421753461,0.541589866922383,76.2622088852627,0.00089352346245597,0.581551270284485
"152",0.968784671434847,0.499729230048335,0.098884812738182,0.968784671434847,0.0371956673199867,77,0.968784671434847,0.0371956673199867,2.44304775228878,0.0364263453669039,0.969498456561177
"153",0.0760143227343289,0.497405893689157,0.497087282995743,0.0760143227343289,0.740487132904942,78,0.0760143227343289,0.740487132904942,93.4876244801657,0,0.744378513431534
"154",0.15104319585852,0.500179874117451,0.500782424689129,0.15104319585852,0.611998045646834,79,0.15104319585852,0.611998045646834,84.5958489450632,0,0.630361527133993
"155",0.393130125775475,0.499864195532589,0.499994924996464,0.393130125775475,0.373014747166567,80,0.393130125775475,0.373014747166567,48.3289183437419,0,0.541932927026933
"156",0.394525385806675,0.50110999125882,0.500429601485604,0.394525385806675,0.373086726117038,81,0.394525385806675,0.373086726117038,48.222444981134,0.000925175369739351,0.542995382347433
"157",0.272056921251231,0.499933748989864,0.500714585316151,0.272056921251231,0.478879033709217,82,0.272056921251231,0.478879033709217,67.1095264153384,0,0.55076319532715
"158",0.125676113854109,0.49984576782426,0.500258667605362,0.125676113854109,0.645583807542275,83,0.125676113854109,0.645583807542275,87.7599780604911,0,0.657702773412316
"159",0.663813597743518,0.499982037743058,0.500186229631178,0.663813597743518,0.185278030799978,84,0.663813597743518,0.185278030799978,17.3278122195764,0,0.689185346076301
"160",0.328504316018246,0.500070392955316,0.500236157037471,0.328504316018246,0.426900498219261,85,0.328504316018246,0.426900498219261,58.2459427695219,0,0.538664200613396
"161",0.922548305555034,0.500156604262289,0.500057192300176,0.922548305555034,0.0395240448408436,86,0.922548305555034,0.0395240448408436,2.72575546862347,0,0.923394566912241
"162",0.552674431943103,0.500034725201963,0.500918443272922,0.552674431943103,0.257234237464191,87,0.552674431943103,0.257234237464191,27.7321500657223,0,0.609605184236006
"163",0.361206275566065,0.499874249923451,0.500035584265669,0.361206275566065,0.399010352997987,88,0.361206275566065,0.399010352997987,53.1631792239702,0,0.538218575773715
"164",0.425593039876236,0.50020497621559,0.499763996569269,0.425593039876236,0.34770632181566,89,0.425593039876236,0.34770632181566,43.6095164433063,0,0.549571762212789
"165",0.823991431027239,0.499607673006927,0.500018888620366,0.823991431027239,0.0923642333531086,90,0.823991431027239,0.0923642333531086,7.10644037789123,0,0.829151994515616
"166",0.552760741203287,0.499981072059775,0.501696978477383,0.552760741203287,0.258755000672731,91,0.552760741203287,0.258755000672731,27.8721649568066,0.00184162406759747,0.610326623529363
"167",0.461907313611397,0.499960488742014,0.499305717544598,0.461907313611397,0.320756339080688,92,0.461907313611397,0.320756339080688,38.6408605833089,0,0.562354866101595
"168",0.211853123113088,0.500151483791474,0.500829083805818,0.211853123113088,0.540399774558035,93,0.211853123113088,0.540399774558035,76.2147914733552,0,0.580442643260421
"169",0.184638152936324,0.499568142457192,0.499654984496291,0.184638152936324,0.570600603698692,94,0.184638152936324,0.570600603698692,80.0768496532725,0,0.599730186384718
"170",0.825809477535277,0.497768531440588,0.501760253345834,0.825809477535277,0.0967088711133848,95,0.825809477535277,0.0967088711133848,7.42152114996032,0.00789169618544383,0.831452884377168
"171",0.242761907132986,0.499462541347915,0.500174721082242,0.242761907132986,0.507588282916033,96,0.242761907132986,0.507588282916033,71.5998045873971,4.41401183175483e-05,0.562653719892165
"172",0.935271704224102,0.500927230389239,0.897596165486087,0.935271704224102,0.0578140517782874,97,0.935271704224102,0.0578140517782874,3.93027993329178,0.0417588910089152,0.937056895447271
"173",0.551986942539014,0.499868513124759,0.49936987031421,0.551986942539014,0.257363140875338,98,0.551986942539014,0.257363140875338,27.7746896261243,0,0.609036428315079
"174",0.24252102181734,0.499932780955768,0.500114317383993,0.24252102181734,0.507552123735061,99,0.24252102181734,0.507552123735061,71.6226327133899,0,0.562517203586964
"175",0.997551269319195,0.102434210500987,0.899955744732426,0.997551269319195,0.0455892732306306,100,0.997551269319195,0.0455892732306306,2.90740467227081,0.0795686304562425,0.998592467803575
"x1",0.920192222718715,0.990782438710563,0.313849479277366,0.920192222718715,24.1898824502996,101,0.920192222718715,24.1898824502996,97.5794415743189,23.3597764041338,24.2073783521898
"x11",0.961731249000877,0.290767900770761,0.960221553422248,0.961731249000877,20.1951685357113,102,0.961731249000877,20.1951685357113,96.9705876795424,19.3907182499223,20.2180552769322
"x12",0.996434096246958,0.854314619776277,0.5281042202714,0.996434096246958,2.34929580566655,103,0.996434096246958,2.34929580566655,74.4624208344788,1.97875992485553,2.5518761119392
"x13",0.99732640828006,0.156519525113627,0.4697885203738,0.99732640828006,3.41364523662323,104,0.99732640828006,3.41364523662323,81.904237312383,2.94497004312544,3.5563511871261
"x14",0.976026440850231,0.0128549868240952,0.17548750288667,0.976026440850231,11.4567222551442,105,0.976026440850231,11.4567222551442,94.5895430821358,10.7225325791778,11.4982221427817
"x15",0.676458284258842,0.111412554979324,0.0788892358541489,0.676458284258842,0.687625206314379,106,0.676458284258842,0.687625206314379,50.5211502538307,0.424728858917871,0.96458500646719
"x16",0.589880555868149,0.00125694274902344,0.729919597506523,0.589880555868149,25.6015399262151,107,0.589880555868149,25.6015399262151,98.5334351223482,24.7267363871597,25.6083346913417
"x17",0.00046837329864502,0.127770052638872,0.516233998359411,0.00046837329864502,2.26170649998755,108,0.00046837329864502,2.26170649998755,99.986816339852,1.263019236884,2.2617065484849
"x18",0.0277584781183747,0.859522909598726,0.495040715300671,0.0277584781183747,2.7273739086112,109,0.0277584781183747,2.7273739086112,99.3520878884543,1.78814681622603,2.72751516411561
"x19",0.0397799990605563,0.875935096759349,0.798621916212142,0.0397799990605563,11.2897320809815,110,0.0397799990605563,11.2897320809815,99.77568440987,10.3116716223587,11.2898021642839
"x110",0.98027555574663,0.367628642537351,0.0651724979408408,0.98027555574663,13.2521166203338,111,0.98027555574663,13.2521166203338,95.2994053414448,12.4945646549646,13.2883232608228
"x111",0.351029947400093,0.909580990672112,0.547370299696922,0.351029947400093,2.64377214129956,112,0.351029947400093,2.64377214129956,91.5963602704694,1.9596195323422,2.66697453288992
"x112",0.959581462502508,0.655077130738368,0.527113252527743,0.959581462502508,15.1844360919347,113,0.959581462502508,15.1844360919347,95.9822198637008,14.4086587062117,15.2147262878183
"x113",0.16083458955807,0.82108475182709,0.582992254381689,0.16083458955807,13.5755804685093,114,0.16083458955807,13.5755804685093,99.2458098573472,12.6464063564203,13.5765331665404
"x114",0.19430522060436,0.531195111437083,0.162859247474546,0.19430522060436,5.55598917780101,115,0.19430522060436,5.55598917780101,97.7745069641444,4.70506294140447,5.55938578105496
"x115",0.202440500259399,0.29348012804985,0.72788479924202,0.202440500259399,37.180609336981,116,0.202440500259399,37.180609336981,99.6533775159744,36.2145509268159,37.1811604556036
"x116",0.976216927170753,0.143156543374062,0.545392289757729,0.976216927170753,3.32487753100708,117,0.976216927170753,3.32487753100708,81.8191548847134,2.85441131619068,3.4652287204585
"x117",0.893564987927675,0.167421721154824,0.0361669338308275,0.893564987927675,7.69699414128544,118,0.893564987927675,7.69699414128544,92.6422446799916,7.0214069845395,7.74868874059557
"x118",0.0448549389839172,0.418485879898071,0.122094959020615,0.0448549389839172,8.1432829224449,119,0.0448549389839172,8.1432829224449,99.6493397991071,7.17717258458813,8.14340645679276
"x119",0.992080486029111,0.857385677559401,0.463388005141415,0.992080486029111,2.61691171170532,120,0.992080486029111,2.61691171170532,76.9312276133792,2.21490716978878,2.79865156774119
"x120",0.976304173469543,0.82080303854309,0.0278257655445486,0.976304173469543,9.98953900686912,121,0.976304173469543,9.98953900686912,93.7978428583579,9.28422190679469,10.037134023659
"x121",0.0497704085994684,0.936139004072174,0.49112568446435,0.0497704085994684,2.34555405049961,122,0.0497704085994684,2.34555405049961,98.6493565505141,1.46015225682353,2.34608203125707
"x122",0.0223631940316409,0.694737817624251,0.683066034348979,0.0223631940316409,39.6787850995842,123,0.0223631940316409,39.6787850995842,99.9641197432062,38.6823558199288,39.6787914015968
"x123",0.239600539207458,0.133777663111687,0.459497958421707,0.239600539207458,3.34253026271105,124,0.239600539207458,3.34253026271105,95.4443498753358,2.55477450238558,3.35110682842664
"x124",0.231790267948428,0.289040640216362,0.272415190398033,0.231790267948428,36.9090011873679,125,0.231790267948428,36.9090011873679,99.6002050366717,35.9480428854563,36.9097290070984
"x125",0.0433232704026865,0.734855909669187,0.73426784730404,0.0433232704026865,36.8660089289732,126,0.0433232704026865,36.8660089289732,99.9251873510392,35.8734374378637,36.8660343847408
"x126",0.153447727905586,0.275222091531737,0.338944051066703,0.153447727905586,36.0285029960661,127,0.153447727905586,36.0285029960661,99.7288611548675,35.055142583981,36.0288297664903
"x127",0.0267254859209061,0.168391481041908,0.896913006901741,0.0267254859209061,5.90425131087152,128,0.0267254859209061,5.90425131087152,99.7118371886795,4.93223000721253,5.9043117967741
"x128",0.205507759004831,0.0761302954051644,0.519730241037905,0.205507759004831,1.54129855445661,129,0.205507759004831,1.54129855445661,91.5614552163976,0.848226760603956,1.55493880039738
"x129",0.999414622783661,0.14898718893528,0.0964621156454086,0.999414622783661,1.92893909857263,130,0.999414622783661,1.92893909857263,69.567326352488,1.61508199799994,2.17247224015314
