"","pka1","pka2","logA","Na.A","p.pka1","p.pka2","p.logA","p.Na.A","s.pka1","s.pka2","s.logA","s.Na.A","sd.pka1","sd.pka2","sd.logA","sd.Na.A","l.pka1","h.pka1","l.pka2","h.pka2","l.logA","h.logA","l.Na.A","h.Na.A","region"
"1",2,2,-2,-9,0.0145981846139291,0.0566614185712073,0.00648640273273123,0.00368435668228903,0.0261058720229087,0.0395472764145177,0.0214338768459627,0.0158261689296539,0.00922290928016558,0.0106470114837125,0.0145630886132491,0.0125882153007799,0,0.0407040566368377,0.0171141421566896,0.096208694985725,0,0.0279202795786939,0,0.0195105256119429,"Full Viable Region"
"2",2.23469387755102,2.3469387755102,-1.94897959183673,-8.79183673469388,0.012386074056613,0.0369380645883637,0.0109253679771597,0.0155251900650572,0.0234697780282155,0.0370707242076883,0.0222718435685488,0.0252898365614518,0.00806030288592933,0.00852791760668049,0.0160106276095349,0.0117514858631846,0,0.0358558520848285,0,0.0740087887960521,0,0.0331972115457085,0,0.0408150266265091,"Full Viable Region"
"3",2.46938775510204,2.69387755102041,-1.89795918367347,-8.58367346938775,0.0121596798102699,0.0287303050652532,0.0120366580620063,0.103219613775789,0.0265760456741995,0.0376482104457234,0.0212795021506626,0.162860570465669,0.0102808058415172,0.0180522837456384,0.0118918145139827,0.0444344068097762,0,0.0387357254844694,0,0.0663785155109766,0,0.0333161602126689,0,0.266080184241458,"Full Viable Region"
"4",2.70408163265306,3.04081632653061,-1.8469387755102,-8.37551020408163,0.0104406671532461,0.0242081677654807,0.0175320074313744,0.115535710755859,0.025722991027853,0.0393981253950585,0.0283514892973468,0.166405387647882,0.0102133138102238,0.0224989854907499,0.0126416201285618,0.0647548536959,0,0.0361636581810991,0,0.0636062931605391,0,0.0458834967287211,0,0.281941098403741,"Full Viable Region"
"5",2.93877551020408,3.38775510204082,-1.79591836734694,-8.16734693877551,0.0129778959571685,0.0165479311483771,0.0299588316045021,0.159301901783036,0.0340124463731157,0.0251876863097636,0.0478510519143112,0.186510588277013,0.0173783689051703,0.0113744332834193,0.0277582851794673,0.0521926117225289,0,0.0469903423302843,0,0.0417356174581407,0,0.0778098835188133,0,0.345812490060049,"Full Viable Region"
"6",3.1734693877551,3.73469387755102,-1.74489795918367,-7.95918367346939,0.019212306008757,0.0135384291728332,0.0643090107185066,0.20122310939362,0.0570002188007034,0.0198484096216687,0.0851623445770075,0.211273412227081,0.0273610306661309,0.0101268839060024,0.0252871943404168,0.0571723665252818,0,0.0762125248094604,0,0.0333868387945018,0,0.149471355295514,0,0.412496521620701,"Full Viable Region"
"7",3.40816326530612,4.08163265306122,-1.69387755102041,-7.75102040816327,0.0248037265837734,0.00997487119790266,0.182189014403024,0.218963820392937,0.0801332277422585,0.0170580931924485,0.188178039757673,0.215986774944992,0.0289169463394732,0.00862196593276464,0.0591087065812925,0.0568207078530973,0,0.104936954326032,0,0.0270329643903511,0,0.370367054160697,0.00297704544794503,0.43495059533793,"Full Viable Region"
"8",3.64285714285714,4.42857142857143,-1.64285714285714,-7.54285714285714,0.0367126210880914,0.00902039742488803,0.208275307485309,0.211828605542261,0.109727053558674,0.0161778009694355,0.206675296897263,0.218776683776939,0.0362565352089239,0.0081617024620299,0.0694734637075623,0.0583552041796853,0,0.146439674646766,0,0.0251981983943235,0.00160001058804621,0.414950604382572,0,0.430605289319199,"Full Viable Region"
"9",3.87755102040816,4.77551020408163,-1.59183673469388,-7.33469387755102,0.0516814745570853,0.00965216064823255,0.195281020822542,0.223965851750975,0.136700452581647,0.0181346466051602,0.195752788694,0.214887293926632,0.0459219820666951,0.0100965519885761,0.0695781932694575,0.0587660589455134,0,0.188381927138732,0,0.0277868072533927,0,0.391033809516541,0.00907855782434289,0.438853145677608,"Full Viable Region"
"10",4.11224489795918,5.12244897959184,-1.54081632653061,-7.1265306122449,0.0635096217820793,0.00661698926685032,0.189936762555893,0.246456038885892,0.156628829288176,0.0149430305559212,0.171319531629278,0.218761541845166,0.0506427363805409,0.00792156895226112,0.0550363227517858,0.053199115090034,0,0.220138451070255,0,0.0215600198227715,0.0186172309266148,0.361256294185172,0.027694497040726,0.465217580731058,"Full Viable Region"
"11",4.3469387755102,5.46938775510204,-1.48979591836735,-6.91836734693878,0.0819088146724094,0.00649557568527089,0.22365576725728,0.240843608727302,0.176118569584369,0.0163364264877652,0.186318134945134,0.219052408650397,0.0566241132028246,0.00748877060535065,0.0437715586180731,0.049939890091007,0,0.258027384256778,0,0.0228320021730361,0.0373376323121459,0.409973902202414,0.0217912000769054,0.459896017377699,"Full Viable Region"
"12",4.58163265306122,5.81632653061224,-1.43877551020408,-6.71020408163265,0.0968733043517218,0.00637150803274989,0.24870176998491,0.248771089992876,0.190759108970527,0.0173100058277399,0.208874733166516,0.225354133456453,0.0641604105570741,0.0100763410909116,0.0479165036725794,0.059740274160698,0,0.287632413322249,0,0.0236815138604898,0.0398270368183938,0.457576503151426,0.0234169565364231,0.474125223449329,"Full Viable Region"
"13",4.81632653061224,6.16326530612245,-1.38775510204082,-6.50204081632653,0.113880818295118,0.00807960307797525,0.244922737935551,0.253337399601825,0.204213655847236,0.0203891060788551,0.200707400774188,0.226785281001011,0.0643475374754286,0.00942702638277432,0.0558729689381096,0.0574985426178033,0,0.318094474142354,0,0.0284687091568304,0.0442153371613632,0.44563013870974,0.0265521186008139,0.480122680602835,"Full Viable Region"
"14",5.05102040816327,6.51020408163265,-1.33673469387755,-6.29387755102041,0.125800566218398,0.00893687706980404,0.292557520300009,0.250335804884047,0.213983516686272,0.0228782356361099,0.236525481263018,0.232902620182811,0.0690636071653801,0.0136643910311038,0.0693675546524362,0.0601884964963901,0,0.33978408290467,0,0.031815112705914,0.0560320390369909,0.529083001563027,0.0174331847012359,0.483238425066857,"Full Viable Region"
"15",5.28571428571429,6.85714285714286,-1.28571428571429,-6.08571428571429,0.140026634504016,0.00738198270193935,0.302093075469057,0.241429637038821,0.219310628815367,0.0211476518794532,0.242734506413448,0.234393502349417,0.0676670058955118,0.0149974243057246,0.0672059487905597,0.0621851280109883,0,0.359337263319383,0,0.0285296345813926,0.0593585690556092,0.544827581882505,0.00703613468940459,0.475823139388238,"Full Viable Region"
"16",5.52040816326531,7.20408163265306,-1.23469387755102,-5.87755102040816,0.156055315854561,0.00636325957239535,0.273750598391992,0.244437784814131,0.226416629507274,0.018198808158282,0.225339698185961,0.224871612635222,0.067484541413697,0.00936807186992058,0.0642502683947115,0.0559892511537698,0,0.382471945361835,0,0.0245620677306774,0.0484109002060307,0.499090296577952,0.0195661721789092,0.469309397449353,"Full Viable Region"
"17",5.75510204081633,7.55102040816327,-1.18367346938776,-5.66938775510204,0.173707997167035,0.0115239185878452,0.246138540649196,0.250009314946846,0.237431979451572,0.0338946630185776,0.200996040901194,0.232436157834765,0.0686321059947025,0.024666085149811,0.0684350149048653,0.0576599680051159,0,0.411139976618606,0,0.0454185816064228,0.0451424997480016,0.44713458155039,0.0175731571120816,0.482445472781611,"Full Viable Region"
"18",5.98979591836735,7.89795918367347,-1.13265306122449,-5.46122448979592,0.187796637575276,0.0220377408778151,0.286194928357304,0.257755060894637,0.24147793930494,0.0532364425354209,0.235285473099703,0.230529506431201,0.0714015038362496,0.0365472695757166,0.0466511622743278,0.0563958501439685,0,0.429274576880216,0,0.0752741834132361,0.0509094552576004,0.521480401457007,0.0272255544634366,0.488284567325838,"Full Viable Region"
"19",6.22448979591837,8.24489795918367,-1.08163265306122,-5.2530612244898,0.204565398638384,0.0515234251986387,0.233146498196438,0.243730503085244,0.245336838834148,0.0864112909969948,0.190598217018992,0.236215256498031,0.070410628616036,0.0496463297937556,0.0685716422269978,0.0663110100835585,0,0.449902237472532,0,0.137934716195634,0.0425482811774458,0.423744715215429,0.0075152465872135,0.479945759583275,"Full Viable Region"
"20",6.45918367346939,8.59183673469388,-1.03061224489796,-5.04489795918367,0.219349100748681,0.153794180414672,0.233898094842498,0.260812356503213,0.246723049868487,0.174099370178537,0.208873844632808,0.233263209542645,0.076312242484576,0.0496377109081604,0.0633245003544457,0.0647232506665798,0,0.466072150617168,0,0.327893550593208,0.0250242502096897,0.442771939475306,0.0275491469605686,0.494075566045858,"Full Viable Region"
"21",6.69387755102041,8.93877551020408,-0.979591836734694,-4.83673469387755,0.23208532631466,0.274841289052314,0.26503780059668,0.25342651354587,0.245098485296971,0.230355831773513,0.215202110917979,0.230040640853312,0.0681940011620084,0.0753044284241216,0.0568490173058267,0.0561426672346228,0,0.477183811611631,0.0444854572788016,0.505197120825827,0.0498356896787014,0.480239911514658,0.0233858726925583,0.483467154399183,"Full Viable Region"
"22",6.92857142857143,9.28571428571428,-0.928571428571429,-4.62857142857143,0.256166355272078,0.329713319103927,0.221910590677059,0.237968476113969,0.246327222162036,0.236373904264387,0.208506354837233,0.232815893235367,0.0694294000444579,0.0729996941381377,0.0688644951235403,0.0624937633108833,0.00983913311004153,0.502493577434114,0.0933394148395394,0.566087223368314,0.0134042358398263,0.430416945514292,0.00515258287860165,0.470784369349337,"Full Viable Region"
"23",7.16326530612245,9.63265306122449,-0.877551020408163,-4.42040816326531,0.26976639863123,0.367647418881404,0.249712229946271,0.245787070342177,0.243721786564474,0.235855225523302,0.213947247803038,0.231468651326727,0.0707372026813009,0.0700425095946112,0.0679851070748906,0.0624804461184245,0.0260446120667562,0.513488185195704,0.131792193358102,0.603502644404706,0.0357649821432329,0.463659477749309,0.0143184190154501,0.477255721668904,"Full Viable Region"
"24",7.39795918367347,9.97959183673469,-0.826530612244898,-4.21224489795918,0.282067792555224,0.36470670394915,0.287425644873144,0.249750558972824,0.237262808488407,0.227821251939241,0.220180553429217,0.227018422506812,0.0620697693317606,0.0646702915569153,0.0611187092934772,0.0533760161710004,0.0448049840668169,0.519330601043632,0.136885452009909,0.592527955888391,0.0672450914439266,0.507606198302361,0.0227321364660119,0.476768981479636,"Full Viable Region"
"25",7.63265306122449,10.3265306122449,-0.775510204081633,-4.00408163265306,0.298642545227848,0.367071387603194,0.255014332940406,0.232742564379821,0.236541459323778,0.21962170063258,0.199770593659041,0.226998013621888,0.0625760622833967,0.0624065059701953,0.0737047980587768,0.0554095295582211,0.0621010859040701,0.535184004551627,0.147449686970614,0.586693088235774,0.0552437392813648,0.454784926599447,0.00574455075793309,0.459740578001709,"Full Viable Region"
"26",7.86734693877551,10.6734693877551,-0.724489795918367,-3.79591836734694,0.307831043510414,0.364958935411514,0.272091644619193,0.240073250307095,0.225589238701425,0.214470359967095,0.215984558560495,0.223491735131009,0.0584458771269099,0.0596834827526894,0.0635880148619705,0.0539385660700029,0.082241804808989,0.533420282211839,0.150488575444419,0.579429295378608,0.0561070860586975,0.488076203179688,0.0165815151760861,0.463564985438104,"Full Viable Region"
"27",8.10204081632653,11.0204081632653,-0.673469387755102,-3.58775510204082,0.328129896994523,0.347856809581636,0.24134202454575,0.2432786598202,0.223684944890294,0.209254107049288,0.192535167633981,0.231851938535328,0.0667738289744741,0.06198819500598,0.0570124129282778,0.0643607339729992,0.10444495210423,0.551814841884817,0.138602702532348,0.557110916630924,0.0488068569117693,0.433877192179731,0.0114267212848723,0.475130598355528,"Full Viable Region"
"28",8.33673469387755,11.3673469387755,-0.622448979591837,-3.37959183673469,0.323019261254924,0.358364299773101,0.231801205680421,0.242172661041814,0.218599230618305,0.209255133750412,0.193152950538649,0.230626486712169,0.0604780846971079,0.0603381436062523,0.0548652449454687,0.0573951565957517,0.104420030636619,0.541618491873229,0.149109166022689,0.567619433523513,0.0386482551417725,0.424954156219071,0.0115461743296454,0.472799147753983,"Full Viable Region"
"29",8.57142857142857,11.7142857142857,-0.571428571428571,-3.17142857142857,0.346995043842965,0.367437651745449,0.249927628298952,0.243912420490338,0.214319491686977,0.200993749484619,0.221370784446418,0.227087013608219,0.0605394288022398,0.0597575103549236,0.0605860972236963,0.0643315448244425,0.132675552155988,0.561314535529942,0.16644390226083,0.568431401230068,0.0285568438525345,0.47129841274537,0.0168254068821196,0.470999434098557,"Full Viable Region"
"30",8.80612244897959,12.0612244897959,-0.520408163265306,-2.96326530612245,0.352609794237489,0.352744282889015,0.268663158027104,0.233987673425118,0.202844721554107,0.190390058132348,0.217603538671796,0.224677399524678,0.0535312928684671,0.0492119800647311,0.0640068198065089,0.0521282455411462,0.149765072683382,0.555454515791595,0.162354224756667,0.543134341021364,0.0510596193553077,0.4862666966989,0.00931027390043965,0.458665072949796,"Full Viable Region"
"31",9.04081632653061,12.4081632653061,-0.469387755102041,-2.75510204081633,0.342752261348082,0.35669508789119,0.291705865189373,0.23381928798563,0.202631460708614,0.176418535582989,0.233304487551954,0.223075112379063,0.0553790379582065,0.0436027368426454,0.0477194542109034,0.0528465685376251,0.140120800639469,0.545383722056696,0.180276552308201,0.533113623474178,0.0584013776374189,0.525010352741327,0.0107441756065663,0.456894400364693,"Full Viable Region"
"32",9.27551020408163,12.7551020408163,-0.418367346938775,-2.5469387755102,0.347093586180936,0.355905009724342,0.258701398116431,0.239573883202189,0.1957188459004,0.178434083790974,0.21762831020144,0.221871445839634,0.0520213777345235,0.0441228707841885,0.05488958396928,0.0531946146625659,0.151374740280537,0.542812432081336,0.177470925933368,0.534339093515315,0.0410730879149913,0.476329708317871,0.0177024373625543,0.461445329041823,"Full Viable Region"
"33",9.51020408163265,13.1020408163265,-0.36734693877551,-2.33877551020408,0.343968206310842,0.350793574328564,0.229413402546817,0.225116119491327,0.197205252233991,0.17768169778414,0.19875412985638,0.223986077934212,0.0545497016355611,0.0444195581356106,0.0528043453706383,0.0547023390681383,0.146762954076851,0.541173458544833,0.173111876544423,0.528475272112704,0.0306592726904372,0.428167532403197,0.00113004155711435,0.449102197425539,"Full Viable Region"
"34",9.74489795918367,13.4489795918367,-0.316326530612245,-2.13061224489796,0.339646356354033,0.338630593298246,0.233134543210044,0.209718398999932,0.191514871865211,0.171716001752927,0.202479545586406,0.21334961658078,0.0493689149573876,0.0390171406644167,0.0612164653435993,0.0473613640651137,0.148131484488822,0.531161228219244,0.166914591545319,0.510346595051172,0.0306549976236383,0.43561408879645,0,0.423068015580711,"Full Viable Region"
"35",9.97959183673469,13.7959183673469,-0.26530612244898,-1.92244897959184,0.338471224731408,0.324529343804202,0.285886652118726,0.197619025649637,0.189795916994051,0.167454814181958,0.229043325385628,0.211075858973571,0.0515363682719858,0.0409503502809793,0.0581147094386595,0.0482921782728195,0.148675307737357,0.528267141725459,0.157074529622245,0.49198415798616,0.0568433267330987,0.514929977504354,0,0.408694884623208,"Full Viable Region"
"36",10.2142857142857,14.1428571428571,-0.214285714285714,-1.71428571428571,0.333539737146962,0.302451898875398,0.256939923420772,0.207494460338417,0.186533603229424,0.162062442555414,0.218361009581795,0.211453866893728,0.0491878157853855,0.0372998181463545,0.0703614377400835,0.0511711109080731,0.147006133917538,0.520073340376386,0.140389456319983,0.464514341430812,0.0385789138389773,0.475300933002567,0,0.418948327232145,"Full Viable Region"
"37",10.4489795918367,14.4897959183673,-0.163265306122449,-1.50612244897959,0.318841066218584,0.287657637496972,0.278218934031632,0.190465102102035,0.186109301924168,0.153318224381594,0.232228339392446,0.209150377218207,0.0463536427101904,0.0340712502514141,0.0678147604814241,0.0491444058822084,0.132731764294416,0.504950368142753,0.134339413115378,0.440975861878566,0.0459905946391856,0.510447273424078,0,0.399615479320243,"Full Viable Region"
"38",10.6836734693878,14.8367346938776,-0.112244897959184,-1.29795918367347,0.322233390780434,0.291214758128002,0.268028479508841,0.176552072292816,0.181456093231144,0.144360860241706,0.237160124051288,0.203408040977443,0.0466539794591246,0.0305614260142381,0.0542631195054401,0.0448296189867899,0.14077729754929,0.503689484011578,0.146853897886296,0.435575618369707,0.0308683554575533,0.505188603560129,0,0.379960113270259,"Full Viable Region"
"39",10.9183673469388,15.1836734693878,-0.0612244897959182,-1.08979591836735,0.322554641353744,0.290732644716571,0.25973028659176,0.195337175926952,0.179169918528115,0.146330159109563,0.231341022599801,0.202580231534026,0.046919470232769,0.0348590013981168,0.0651383328503068,0.0468471399623056,0.143384722825629,0.501724559881859,0.144402485607007,0.437062803826134,0.028389263991959,0.491071309191561,0,0.397917407460978,"Full Viable Region"
"40",11.1530612244898,15.530612244898,-0.010204081632653,-0.881632653061224,0.322206928246842,0.305632389433789,0.223007444250118,0.1887151429671,0.174543191914157,0.150145640331404,0.219218060814335,0.198581453258093,0.045083874204853,0.037411355846354,0.088286261468307,0.0462988265824117,0.147663736332685,0.496750120160999,0.155486749102385,0.455778029765193,0.00378938343578283,0.442225505064454,0,0.387296596225193,"Full Viable Region"
"41",11.3877551020408,15.8775510204082,0.0408163265306123,-0.673469387755102,0.321574128598665,0.308470271885065,0.252339007333419,0.190949551438253,0.166365629071081,0.153549436993419,0.226931023766747,0.194640619352334,0.0436762858161492,0.0431569814798826,0.0816701568660569,0.0448170848911685,0.155208499527583,0.487939757669746,0.154920834891645,0.462019708878484,0.025407983566672,0.479270031100165,0,0.385590170790587,"Full Viable Region"
"42",11.6224489795918,16.2244897959184,0.0918367346938775,-0.465306122448979,0.319171516262569,0.299287259265786,0.246445152748448,0.176767682136423,0.163759428547167,0.14929763634821,0.219424886267683,0.192191645271281,0.0403893214009053,0.036979303764013,0.0807088917670012,0.0424221244561215,0.155412087715402,0.482930944809737,0.149989622917576,0.448584895613996,0.0270202664807657,0.465870039016131,0,0.368959327407705,"Full Viable Region"
"43",11.8571428571429,16.5714285714286,0.142857142857143,-0.257142857142858,0.31370232507163,0.306202028662912,0.225616163371856,0.185143296743746,0.160492845935161,0.144327568800853,0.224107370225005,0.187856546407314,0.0368236382033805,0.0347099833004528,0.0958627275147994,0.037788793084315,0.153209479136469,0.474195171006791,0.16187445986206,0.450529597463765,0.00150879314685115,0.449723533596861,0,0.37299984315106,"Full Viable Region"
"44",12.0918367346939,16.9183673469388,0.193877551020408,-0.0489795918367353,0.316632405688816,0.291901251316767,0.278887142227762,0.175764801440867,0.16036080622775,0.149484447886508,0.242810296416625,0.192310785222006,0.0378317358185802,0.0348704307246471,0.076699546088182,0.0382907160008528,0.156271599461066,0.476993211916567,0.142416803430258,0.441385699203275,0.0360768458111367,0.521697438644387,0,0.368075586662873,"Full Viable Region"
"45",12.3265306122449,17.265306122449,0.244897959183674,0.159183673469387,0.302235498256021,0.28474699540435,0.267101366319273,0.164320648716677,0.158087578307743,0.144255437166378,0.234890475872677,0.188952852383754,0.0366255353548579,0.0336322730373193,0.0560914286272671,0.0415172762257744,0.144147919948278,0.460323076563764,0.140491558237972,0.429002432570727,0.0322108904465953,0.50199184219195,0,0.353273501100432,"Full Viable Region"
"46",12.5612244897959,17.6122448979592,0.295918367346939,0.36734693877551,0.311454147342897,0.269997084372763,0.204246093302445,0.156752360641675,0.151499677799558,0.144369448706822,0.202629285799088,0.181891308893633,0.0378192708964446,0.0321384088010597,0.0650088136617432,0.041667099004211,0.159954469543339,0.462953825142454,0.125627635665942,0.414366533079585,0.0016168075033576,0.406875379101533,0,0.338643669535308,"Full Viable Region"
"47",12.7959183673469,17.9591836734694,0.346938775510204,0.575510204081633,0.298531504851215,0.279437670750237,0.238295004500334,0.151889267186688,0.155771547592154,0.138031717943989,0.223710195895762,0.185895408533083,0.0360342911063015,0.0344793613919155,0.0527120790562383,0.0405523645358183,0.142759957259061,0.45430305244337,0.141405952806248,0.417469388694226,0.0145848086045716,0.462005200396096,0,0.337784675719771,"Full Viable Region"
"48",13.030612244898,18.3061224489796,0.397959183673469,0.783673469387756,0.28947530792918,0.260179731934454,0.241127253619727,0.144404525858123,0.15277943081661,0.138314631655135,0.22681552963215,0.189189192253442,0.0338826551877541,0.0278522451736085,0.0597212737702878,0.0410625022157216,0.13669587711257,0.442254738745791,0.121865100279319,0.398494363589589,0.014311723987577,0.467942783251876,0,0.333593718111565,"Full Viable Region"
"49",13.265306122449,18.6530612244898,0.448979591836735,0.991836734693877,0.293405631943209,0.250075857283464,0.248995713231283,0.142724792236025,0.150814119130049,0.130692329361154,0.231610280483457,0.191224128188372,0.0379613353023113,0.0302584934762953,0.0829930621326591,0.0530714851204856,0.14259151281316,0.444219751073257,0.119383527922309,0.380768186644618,0.0173854327478259,0.48060599371474,0,0.333948920424397,"Full Viable Region"
"50",13.5,19,0.5,1.2,0.288989141256608,0.241617321964178,0.25697107441607,0.132352105079683,0.148117037885314,0.122347629879271,0.246772088901537,0.178283785791814,0.0365976436597955,0.023786413470019,0.0664743503763942,0.070489406423807,0.140872103371294,0.437106179141922,0.119269692084907,0.36396495184345,0.0101989855145331,0.503743163317606,0,0.310635890871496,"Full Viable Region"
"51",2,2,-2,-9,2.99624591567059e-07,2.11126552375975e-05,8.54372238175596e-08,1.19895111100728e-07,5.07252434576468e-06,0.000132659145916171,3.12413014771429e-06,4.53163047102897e-06,3.76137155092437e-06,0.000119446535454103,2.96349145578109e-06,4.53163046385552e-06,0,5.37214893733174e-06,0,0.000153771801153768,0,3.20956737153185e-06,0,4.6515255821297e-06,"Maximum Flux"
"52",2.23469387755102,2.3469387755102,-1.94897959183673,-8.79183673469388,7.8875258442628e-08,5.55788116829604e-07,4.67485338075999e-08,5.78504357470722e-08,4.28588362712705e-06,7.02860992795621e-06,1.52202497425835e-06,1.62418010665951e-06,4.15029436025106e-06,6.3705685207709e-06,1.47846784014572e-06,1.62043592530832e-06,0,4.36475888556967e-06,0,7.58439804478582e-06,0,1.56877350806595e-06,0,1.68203054240658e-06,"Maximum Flux"
"53",2.46938775510204,2.69387755102041,-1.89795918367347,-8.58367346938775,7.71402749642786e-08,2.35795765241395e-07,2.21820922739295e-08,1.36170381617872e-06,2.54166295259148e-06,3.00259443946622e-06,7.7137352408988e-07,2.76180447058483e-05,2.42597369295435e-06,2.70910008757592e-06,7.40559939797833e-07,2.69255010248263e-05,0,2.61880322755576e-06,0,3.23839020470761e-06,0,7.9355561636381e-07,0,2.8979748522027e-05,"Maximum Flux"
"54",2.70408163265306,3.04081632653061,-1.8469387755102,-8.37551020408163,6.70247766834852e-08,1.11674116649046e-07,2.22006447024321e-08,6.29202948788335e-06,2.28540259980879e-06,2.45223341327242e-06,5.95983764838408e-07,5.26267528582312e-05,2.16464707655109e-06,2.29341466826506e-06,5.67449386364501e-07,4.79019080232076e-05,0,2.35242737649227e-06,0,2.56390752992147e-06,0,6.1818440954084e-07,0,5.89187823461145e-05,"Maximum Flux"
"55",2.93877551020408,3.38775510204082,-1.79591836734694,-8.16734693877551,8.09783409860976e-08,3.58000092537547e-08,6.71146729961639e-08,6.84722775610658e-06,3.8958824481837e-06,1.3876520002714e-06,2.29503340977922e-06,5.2627423246326e-05,3.86289755195313e-06,1.38496211786676e-06,2.21896435455025e-06,4.81883840045063e-05,0,3.9768607891698e-06,0,1.42345200952516e-06,0,2.36214808277538e-06,0,5.94746510024325e-05,"Maximum Flux"
"56",3.1734693877551,3.73469387755102,-1.74489795918367,-7.95918367346939,5.94986637933242e-08,2.3737755033224e-08,5.57025858658044e-08,5.40342674258879e-06,3.21861146601517e-06,9.56222641187112e-07,1.08354553189684e-06,5.46758410039153e-05,3.20142803548864e-06,9.55093897081817e-07,9.82623048362821e-07,4.11610236256472e-05,0,3.2781101298085e-06,0,9.79960396220336e-07,0,1.13924811776265e-06,0,6.00792677465041e-05,"Maximum Flux"
"57",3.40816326530612,4.08163265306122,-1.69387755102041,-7.75102040816327,2.50984468868044e-07,3.33610544395717e-08,2.21696633871914e-07,1.3297717744137e-05,1.04322241633856e-05,1.3330193884401e-06,3.44343718386608e-06,0.000382372605349069,1.03293214233979e-05,1.33282048372821e-06,2.90505462641655e-06,0.000342414147270503,0,1.06832086322536e-05,0,1.36638044287967e-06,0,3.66513381773799e-06,0,0.000395670323093206,"Maximum Flux"
"58",3.64285714285714,4.42857142857143,-1.64285714285714,-7.54285714285714,1.62547174538261e-06,1.26825090137539e-08,8.86770224012028e-07,2.50700672507284e-05,5.38548910736954e-05,6.51538629067427e-07,1.44907056219944e-05,0.00052078943060257,5.1622609492236e-05,6.51531711503769e-07,1.38454773885158e-05,0.000475503669486931,0,5.5480362819078e-05,0,6.64221138081181e-07,0,1.53774758460065e-05,0,0.000545859497853298,"Maximum Flux"
"59",3.87755102040816,4.77551020408163,-1.59183673469388,-7.33469387755102,1.3230167700811e-06,2.71678121724e-08,2.51357746226063e-06,0.000135643299287232,5.11412771697367e-05,1.52317421219109e-06,3.361462025316e-05,0.00168696364661605,4.81183461136648e-05,1.52316880462899e-06,3.17999443899711e-05,0.00135129151559087,0,5.24642939398178e-05,0,1.55034202436349e-06,0,3.61281977154206e-05,0,0.00182260694590329,"Maximum Flux"
"60",4.11224489795918,5.12244897959184,-1.54081632653061,-7.1265306122449,1.21934897401144e-05,1.87435536309962e-08,3.14798158752354e-06,0.00020984349987143,0.000497295496802484,4.14619265516979e-07,2.88559093565078e-05,0.00321486242174127,0.000456174269554041,4.14614305217429e-07,2.43295277111713e-05,0.00280826844514679,0,0.000509488986542598,0,4.33362819147975e-07,0,3.20038909440314e-05,0,0.0034247059216127,"Maximum Flux"
"61",4.3469387755102,5.46938775510204,-1.48979591836735,-6.91836734693878,4.41803802308364e-05,7.10045986199321e-09,3.30446828067594e-06,0.000801050017552753,0.00196050822651266,2.40128253582732e-07,3.73847583354218e-05,0.00889705871811076,0.0018253429536456,2.40083559239338e-07,3.18497252422892e-05,0.0067190824848981,0,0.0020046886067435,0,2.47228713444725e-07,0,4.06892266160977e-05,0,0.00969810873566351,"Maximum Flux"
"62",4.58163265306122,5.81632653061224,-1.43877551020408,-6.71020408163265,0.000593571916209853,1.77352880025701e-08,2.62422965799445e-06,0.00323897942754589,0.0134330011836292,9.24524471908966e-07,3.45991069661529e-05,0.026716928576938,0.011826972939902,9.24482810109237e-07,2.89922211854568e-05,0.00691304809808318,0,0.014026573099839,0,9.42259759911537e-07,0,3.72233366241474e-05,0,0.0299559080044839,"Maximum Flux"
"63",4.81632653061224,6.16326530612245,-1.38775510204082,-6.50204081632653,0.000508724774233442,2.53058244269057e-08,2.40766108516076e-06,0.0126200806201963,0.0119757373945256,7.53592796559739e-07,4.29030709792959e-05,0.0623336112744424,0.0104903191164884,7.16703808954609e-07,4.03027035842308e-05,0.0176192193988636,0,0.0124844621687591,0,7.78898620986645e-07,0,4.53107320644566e-05,0,0.0749536918946387,"Maximum Flux"
"64",5.05102040816327,6.51020408163265,-1.33673469387755,-6.29387755102041,0.0019724313020055,7.19255900684487e-08,3.45786360584053e-06,0.0190752030376787,0.0290762610080292,1.53341304617097e-06,4.92605719768994e-05,0.0840033210507987,0.023030365867171,1.44686865657995e-06,4.18178546438299e-05,0.0234073207983086,0,0.0310486923100347,0,1.60533863623942e-06,0,5.271843558274e-05,0,0.103078524088477,"Maximum Flux"
"65",5.28571428571429,6.85714285714286,-1.28571428571429,-6.08571428571429,0.00251278683870097,6.28184823391101e-08,3.52937473090739e-06,0.0146575541637126,0.0345409893183933,1.37388142713563e-06,6.52445343567158e-05,0.0732250177708939,0.0282537632363291,1.37368938453305e-06,5.82299692061944e-05,0.0231256926583507,0,0.0370537761570943,0,1.43669990947474e-06,0,6.87739090876231e-05,0,0.0878825719346065,"Maximum Flux"
"66",5.52040816326531,7.20408163265306,-1.23469387755102,-5.87755102040816,0.00208134961898054,1.09646398338637e-07,4.54179472154313e-06,0.0131839463079798,0.027965867722223,2.74120334178557e-06,8.79756236384348e-05,0.0700638560855639,0.0229100874291452,2.71752871129756e-06,7.27682734811699e-05,0.0238530710433352,0,0.0300472173412036,0,2.8508497401242e-06,0,9.25174183599779e-05,0,0.0832478023935437,"Maximum Flux"
"67",5.75510204081633,7.55102040816327,-1.18367346938776,-5.66938775510204,0.00288310934331388,3.65940572473476e-08,7.03257052097892e-06,0.0132632324633525,0.0318246231314717,1.13616697508743e-06,0.000123385822272665,0.0653194694795435,0.0235827825715796,1.13608573524367e-06,0.00011431634079597,0.0182196676085456,0,0.0347077324747855,0,1.17276103233478e-06,0,0.000130418392793644,0,0.0785827019428959,"Maximum Flux"
"68",5.98979591836735,7.89795918367347,-1.13265306122449,-5.46122448979592,0.00411063857439079,2.27976160364204e-07,1.28222244636494e-05,0.0189328061329622,0.0419517377257362,6.25396996878684e-06,0.000200192367893883,0.0796899608366123,0.0261753084586625,6.25396014545173e-06,0.000164671748773475,0.0188142157679735,0,0.046062376300127,0,6.48194612915104e-06,0,0.000213014592357533,0,0.0986227669695745,"Maximum Flux"
"69",6.22448979591837,8.24489795918367,-1.08163265306122,-5.2530612244898,0.0032571698519421,9.34158059418778e-07,1.53526884106027e-05,0.0188726131403001,0.0326783426170031,3.02695846229827e-05,0.000246096054939238,0.0781358701151751,0.0167513883767095,2.85923026675265e-05,0.000207745995086034,0.0117125729716163,0,0.0359355124689452,0,3.12037426824015e-05,0,0.000261448743349841,0,0.0970084832554752,"Maximum Flux"
"70",6.45918367346939,8.59183673469388,-1.03061224489796,-5.04489795918367,0.00500725505701026,1.08861641604747e-06,1.81614676680934e-05,0.014069267178813,0.0473435034164939,3.24031396367486e-05,0.000221453839927917,0.0707462741876223,0.025229681850858,3.08233989867457e-05,0.00016498831742701,0.0224503648192461,0,0.0523507584735042,0,3.34917560527961e-05,0,0.000239615307596011,0,0.0848155413664353,"Maximum Flux"
"71",6.69387755102041,8.93877551020408,-0.979591836734694,-4.83673469387755,0.00297195712914899,6.00749025697698e-06,2.509169212899e-05,0.0127348147182594,0.0290710219663744,0.000131976017976332,0.000340610658127957,0.0666308058262192,0.0111548555370699,0.000128620276677925,0.000297112293554507,0.0232756439398211,0,0.0320429790955234,0,0.000137983508233309,0,0.000365702350256947,0,0.0793656205444785,"Maximum Flux"
"72",6.92857142857143,9.28571428571428,-0.928571428571429,-4.62857142857143,0.00600795285324019,4.42605451601818e-05,2.21348533176981e-05,0.0180303139650797,0.0509591561477737,0.000565760481470446,0.000297691368209234,0.0835548768919465,0.0223416285592721,0.000496846335282692,0.000281422813579324,0.0207398677723843,0,0.0569671090010139,0,0.000610021026630628,0,0.000319826221526932,0,0.101585190857026,"Maximum Flux"
"73",7.16326530612245,9.63265306122449,-0.877551020408163,-4.42040816326531,0.00793832373396633,0.00100857358924775,3.79211718162384e-05,0.0207968685538837,0.0582716421229777,0.0100543866015552,0.000505860606446615,0.0935121520523031,0.0196249722045586,0.00849597522247699,0.000449210477998525,0.0261094687063783,0,0.066209965856944,0,0.011062960190803,0,0.000543781778262853,0,0.114309020606187,"Maximum Flux"
"74",7.39795918367347,9.97959183673469,-0.826530612244898,-4.21224489795918,0.00952136921554951,0.00695838467935799,2.56042690704406e-05,0.017836798929749,0.0675421980160505,0.0451320175558446,0.000344035535909803,0.0822964247365012,0.0277298832603621,0.0307983589099721,0.000303341566122696,0.0249836988649061,0,0.0770635672316001,0,0.0520904022352026,0,0.000369639804980244,0,0.10013322366625,"Maximum Flux"
"75",7.63265306122449,10.3265306122449,-0.775510204081633,-4.00408163265306,0.0105277596086128,0.00669175039982508,3.59307014758882e-05,0.014940260441264,0.0737950118124328,0.0491414521802292,0.000455966585032664,0.0775407863535432,0.0230191469824617,0.0318133796157568,0.000395905964507298,0.0296054220570773,0,0.0843227714210456,0,0.0558332025800543,0,0.000491897286508552,0,0.0924810467948072,"Maximum Flux"
"76",7.86734693877551,10.6734693877551,-0.724489795918367,-3.79591836734694,0.00964231785941623,0.0104626950043377,9.11156639897099e-05,0.0180432696870536,0.0629805899611284,0.0636861073280654,0.00119188761320971,0.082658783600221,0.0220701032707943,0.0327897968990789,0.00104819987224499,0.0291921432562174,0,0.0726229078205447,0,0.0741488023324031,0,0.00128300327719942,0,0.100702053287275,"Maximum Flux"
"77",8.10204081632653,11.0204081632653,-0.673469387755102,-3.58775510204082,0.0107305597852382,0.00498389847679026,0.000117267462239339,0.0166203329527993,0.0631925331241896,0.0345172514078462,0.00161435879643283,0.0793905578113331,0.0146528868743812,0.0167375468398603,0.00149300134793937,0.0208592851341574,0,0.0739230929094278,0,0.0395011498846365,0,0.00173162625867217,0,0.0960108907641323,"Maximum Flux"
"78",8.33673469387755,11.3673469387755,-0.622448979591837,-3.37959183673469,0.0114642760108361,0.00888559551201267,0.000144667670653666,0.0187458233028329,0.069642493645182,0.0590406743802415,0.00221383378187499,0.0884716109513202,0.0235378172212215,0.0296228111304508,0.00196462593645817,0.0255441805878644,0,0.0811067696560181,0,0.0679262698922542,0,0.00235850145252866,0,0.107217434254153,"Maximum Flux"
"79",8.57142857142857,11.7142857142857,-0.571428571428571,-3.17142857142857,0.014880282028593,0.014860112648697,0.0002045683440594,0.0141837936001599,0.0823248773647641,0.078488822882505,0.00271613233275102,0.0706394457655889,0.0262702439680686,0.0305866237952405,0.00245058165899312,0.0163481357116102,0,0.0972051593933571,0,0.093348935531202,0,0.00292070067681042,0,0.0848232393657488,"Maximum Flux"
"80",8.80612244897959,12.0612244897959,-0.520408163265306,-2.96326530612245,0.0142233250738325,0.0143361880090449,0.000266176695013196,0.0151127801338061,0.0755151312359613,0.0768765221702647,0.0038737882354889,0.0784453669261896,0.0243426377955026,0.0364073245841509,0.00362453015750445,0.0225000758953582,0,0.0897384563097938,0,0.0912127101793095,0,0.00413996493050209,0,0.0935581470599956,"Maximum Flux"
"81",9.04081632653061,12.4081632653061,-0.469387755102041,-2.75510204081633,0.0154888120277204,0.0200024796055956,0.000337917587545184,0.0150938562486915,0.0797197408097463,0.0927443830815725,0.00446154870144757,0.0811007083358514,0.0261232738096567,0.0334631139900999,0.00411351203487768,0.0263505265338266,0,0.0952085528374667,0,0.112746862687168,0,0.00479946628899276,0,0.0961945645845429,"Maximum Flux"
"82",9.27551020408163,12.7551020408163,-0.418367346938775,-2.5469387755102,0.0169331159122193,0.0211433181329178,0.000403205003885105,0.0162319825924927,0.0831067627696763,0.0981201050081999,0.00316954560378517,0.0839614881333649,0.0262205564169177,0.0339011479319838,0.00250852951541196,0.0238085516105227,0,0.100039878681896,0,0.119263423141118,0,0.00357275060767028,0,0.100193470725858,"Maximum Flux"
"83",9.51020408163265,13.1020408163265,-0.36734693877551,-2.33877551020408,0.0161317622855976,0.0240771162240532,0.000913377073719047,0.0113158624765865,0.0757884880794406,0.0920154654792375,0.00861812334570459,0.0628269066061886,0.0158322146886416,0.0170052422579793,0.00763629339548501,0.0139245400794266,0,0.0919202503650382,0,0.116092581703291,0,0.00953150041942364,0,0.0741427690827751,"Maximum Flux"
"84",9.74489795918367,13.4489795918367,-0.316326530612245,-2.13061224489796,0.0154015764904413,0.0195999287118943,0.00103642476948491,0.0154602035773154,0.0753718675779757,0.0868525076582893,0.0101905040756853,0.0797558001164214,0.019157799217048,0.0286167644714924,0.00898933128705034,0.0251318686778183,0,0.090773444068417,0,0.106452436370184,0,0.0112269288451702,0,0.0952160036937368,"Maximum Flux"
"85",9.97959183673469,13.7959183673469,-0.26530612244898,-1.92244897959184,0.0178518752378107,0.0196831399062985,0.00108362956522219,0.0130874422519502,0.0837116948925294,0.0856788191377373,0.00861694120329416,0.0767789473860323,0.0269230812307846,0.0313340772222617,0.00697643711820547,0.0259485015451269,0,0.10156357013034,0,0.105361959044036,0,0.00970057076851635,0,0.0898663896379825,"Maximum Flux"
"86",10.2142857142857,14.1428571428571,-0.214285714285714,-1.71428571428571,0.0219350496340624,0.0318263071282667,0.00128981065810586,0.0102569189082409,0.0949858408395849,0.112111889036287,0.00918161452818708,0.0644845994248354,0.0288651884652485,0.0251813116282157,0.00671658554480113,0.0257860444669314,0,0.116920890473647,0,0.143938196164554,0,0.0104714251862929,0,0.0747415183330762,"Maximum Flux"
"87",10.4489795918367,14.4897959183673,-0.163265306122449,-1.50612244897959,0.0244327340639743,0.0289180444352374,0.00194889148431248,0.00971735478608635,0.10237971967775,0.104834628737284,0.00909293262060063,0.0666660605865367,0.0314024973545069,0.0246934894336349,0.00590046295296362,0.0303318661676263,0,0.126812453741724,0,0.133752673172521,0,0.0110418241049131,0,0.0763834153726231,"Maximum Flux"
"88",10.6836734693878,14.8367346938776,-0.112244897959184,-1.29795918367347,0.0291642121651039,0.0320472225789746,0.00370741119893283,0.00920810428292594,0.105974262025482,0.10477946574248,0.0210551291603782,0.0615639140182799,0.0278581174517135,0.0342315743909509,0.0154889753590961,0.0278799499466958,0,0.135138474190585,0,0.136826688321455,0,0.0247625403593111,0,0.0707720183012058,"Maximum Flux"
"89",10.9183673469388,15.1836734693878,-0.0612244897959182,-1.08979591836735,0.0218247484390447,0.0364540608882908,0.00435959915777506,0.00704663120816899,0.0860948393192861,0.109454487578768,0.0228373552648917,0.0516866676218015,0.0155046771845702,0.0348969115411022,0.0163028208440612,0.0187833339036675,0,0.107919587758331,0,0.145908548467059,0,0.0271969544226668,0,0.0587332988299705,"Maximum Flux"
"90",11.1530612244898,15.530612244898,-0.010204081632653,-0.881632653061224,0.031427165052417,0.0399492868341207,0.00538015451748651,0.0130043990150431,0.10822516961416,0.114804027034356,0.0226393442372729,0.0752970408962865,0.0235374091435003,0.0372551839329802,0.0149497864602464,0.0262913036507996,0,0.139652334666577,0,0.154753313868476,0,0.0280194987547594,0,0.0883014399113296,"Maximum Flux"
"91",11.3877551020408,15.8775510204082,0.0408163265306123,-0.673469387755102,0.0255927418428078,0.0436219344715514,0.00860046910434099,0.00800154181949864,0.0937467743536146,0.124013130023967,0.0313919206865411,0.0529823355851891,0.0229213967238121,0.0296355918072791,0.0146204653077881,0.0219133579625082,0,0.119339516196422,0,0.167635064495518,0,0.0399923897908821,0,0.0609838774046878,"Maximum Flux"
"92",11.6224489795918,16.2244897959184,0.0918367346938775,-0.465306122448979,0.0243921301403301,0.0434737336520401,0.0177775696978863,0.00584749349879122,0.0926743749219073,0.122687090401941,0.0533116019160569,0.0443739477656486,0.0210093604144444,0.0277872961138535,0.0209428508300462,0.0220207174772149,0,0.117066505062237,0,0.166160824053981,0,0.0710891716139432,0,0.0502214412644399,"Maximum Flux"
"93",11.8571428571429,16.5714285714286,0.142857142857143,-0.257142857142858,0.0332093391630086,0.03532333134682,0.0239072620944316,0.0092013404248918,0.110096082255531,0.11056788435286,0.0758531279523944,0.0635132814476424,0.0293400975880195,0.0339021210085818,0.0299136070225051,0.0389199769808304,0,0.143305421418539,0,0.14589121569968,0,0.099760390046826,0,0.0727146218725342,"Maximum Flux"
"94",12.0918367346939,16.9183673469388,0.193877551020408,-0.0489795918367353,0.024650025841518,0.0369479603446561,0.0317292979885498,0.00656651802413588,0.0925357160741686,0.108811640327633,0.094646867751603,0.0473974186050806,0.0246002638536342,0.0274203232950578,0.0296721801574706,0.0294065207423517,0,0.117185741915687,0,0.145759600672289,0,0.126376165740153,0,0.0539639366292165,"Maximum Flux"
"95",12.3265306122449,17.265306122449,0.244897959183674,0.159183673469387,0.0313088736250665,0.0276310815534987,0.0379923051119519,0.0056193655893689,0.103434913412641,0.0900544161831472,0.104066814302676,0.0383892062477912,0.0239664930680643,0.0300477891465208,0.0286981902375576,0.0233506839256357,0,0.134743787037707,0,0.117685497736646,0,0.142059119414628,0,0.0440085718371601,"Maximum Flux"
"96",12.5612244897959,17.6122448979592,0.295918367346939,0.36734693877551,0.0288482857398293,0.0301628421570126,0.0517102660748839,0.00375438828004347,0.0987852060318939,0.0926443054545242,0.121645565205592,0.0251903285982767,0.0252783751714253,0.0370377749405065,0.0387503128005772,0.0157805400201345,0,0.127633491771723,0,0.122807147611537,0,0.173355831280476,0,0.0289447168783202,"Maximum Flux"
"97",12.7959183673469,17.9591836734694,0.346938775510204,0.575510204081633,0.0261583389111921,0.0328019447905975,0.0871602263245577,0.00107762013399997,0.093501743832974,0.0944167315754079,0.167701523264688,0.0105755500362728,0.0252371432988032,0.0389237809719502,0.0402179047434348,0.0079424534039185,0,0.119660082744166,0,0.127218676366005,0,0.254861749589246,0,0.0116531701702727,"Maximum Flux"
"98",13.030612244898,18.3061224489796,0.397959183673469,0.783673469387756,0.0304985788988575,0.0377628988175141,0.110047436656794,0.00174037753789723,0.0962038774488659,0.101189333191011,0.186917901610623,0.016618807051004,0.0215208490631149,0.0355822335099657,0.0466784774654194,0.0147048923823997,0,0.126702456347723,0,0.138952232008525,0,0.296965338267417,0,0.0183591845889012,"Maximum Flux"
"99",13.265306122449,18.6530612244898,0.448979591836735,0.991836734693877,0.0357326268412806,0.0381092785598097,0.124307413748288,0.00175989220985728,0.106126131432185,0.0976343513644391,0.195472071501701,0.0163928032779203,0.0258552697774542,0.0422504407037804,0.0633637422930168,0.015577252605187,0,0.141858758273466,0,0.135743629924249,0,0.319779485249989,0,0.0181526954877775,"Maximum Flux"
"100",13.5,19,0.5,1.2,0.0291253192253177,0.032468366065681,0.142094053452154,0.00136663914185874,0.0922554803308369,0.0884905309779901,0.217770896098798,0.00871127218380764,0.0217968529449876,0.0373892084271179,0.0768584572596073,0.00807130571835235,0,0.121380799556155,0,0.120958897043671,0,0.359864949550952,0,0.0100779113256664,"Maximum Flux"
"101",2,2,-2,-9,0.0115383169345658,0.0447219012169994,0.00450678769858676,0.00176388893867709,0.0199727571928352,0.0288724733602432,0.0158530520062894,0.00943047317095702,0.00580008148314425,0.00526545415848206,0.0108534225720506,0.00729788577836655,0,0.031511074127401,0.0158494278567562,0.0735943745772426,0,0.0203598397048762,0,0.0111943621096341,"Minimum Energy"
"102",2.23469387755102,2.3469387755102,-1.94897959183673,-8.79183673469388,0.00926487775998572,0.0260515960696035,0.0068105198592699,0.0126699201923223,0.0180675578338379,0.0248545242888592,0.0155276844666431,0.0225377358046361,0.00695559898654034,0.00641817580785836,0.0108130264193742,0.0129666850776983,0,0.0273324355938237,0.00119707178074427,0.0509061203584627,0,0.022338204325913,0,0.0352076559969584,"Minimum Energy"
"103",2.46938775510204,2.69387755102041,-1.89795918367347,-8.58367346938775,0.00820273656441738,0.0218534517381999,0.0102278655949571,0.0733991418152801,0.0185803683143512,0.0258009880493699,0.0166751235926692,0.124055134665713,0.0067123603458818,0.00782316671056872,0.00962572752953118,0.0402842078809321,0,0.0267831048787686,0,0.0476544397875699,0,0.0269029891876263,0,0.197454276480993,"Minimum Energy"
"104",2.70408163265306,3.04081632653061,-1.8469387755102,-8.37551020408163,0.00857913119218857,0.0178322147183912,0.0130146918413864,0.097693352163048,0.0225110355747748,0.0303045934348655,0.022217215733752,0.137797177134296,0.0108500020548121,0.0171133584366474,0.0105265133836096,0.0558145031905855,0,0.0310901667669634,0,0.0481368081532567,0,0.0352319075751384,0,0.235490529297344,"Minimum Energy"
"105",2.93877551020408,3.38775510204082,-1.79591836734694,-8.16734693877551,0.00987777696493791,0.0114903818534232,0.0187301696021599,0.126516113041999,0.0301140850024354,0.0166146856396716,0.0303417911101981,0.155064824846198,0.0179612978345832,0.00693739801964955,0.0180502674321384,0.0485987658571889,0,0.0399918619673733,0,0.0281050674930948,0,0.049071960712358,0,0.281580937888197,"Minimum Energy"
"106",3.1734693877551,3.73469387755102,-1.74489795918367,-7.95918367346939,0.0125478376333691,0.00998122516251252,0.0490789303749125,0.140843038273384,0.0451053494959726,0.0177233214751636,0.0674237410904779,0.164564841695827,0.0194875540363323,0.00952280815783882,0.0231568420677749,0.0410295094906722,0,0.0576531871293417,0,0.0277045466376761,0,0.11650267146539,0,0.305407879969211,"Minimum Energy"
"107",3.40816326530612,4.08163265306122,-1.69387755102041,-7.75102040816327,0.0243657736029604,0.00658523120346133,0.145271318567685,0.172223822608295,0.0775536774687762,0.0132947202997426,0.155582030272798,0.180284185018044,0.0273088853083707,0.00717393826476739,0.0402511812669815,0.0483900060176292,0,0.101919451071737,0,0.0198799515032039,0,0.300853348840483,0,0.352508007626339,"Minimum Energy"
"108",3.64285714285714,4.42857142857143,-1.64285714285714,-7.54285714285714,0.0307175747237176,0.00761486899128972,0.171108878317429,0.185536013156701,0.0930426199539765,0.0110884785747321,0.178091107419498,0.180045096272563,0.0319080187334707,0.00471766732899743,0.0714070278881678,0.0533053606560933,0,0.123760194677694,0,0.0187033475660218,0,0.349199985736926,0.00549091688413889,0.365581109429264,"Minimum Energy"
"109",3.87755102040816,4.77551020408163,-1.59183673469388,-7.33469387755102,0.0394948244097335,0.00715269536957627,0.159923418383797,0.191255506733035,0.111041969359878,0.0130306410044215,0.161635423980611,0.184754842301063,0.041273664244007,0.00658401884152008,0.0630232244265196,0.0559004771034449,0,0.150536793769611,0,0.0201833363739978,0,0.321558842364408,0.00650066443197281,0.376010349034098,"Minimum Energy"
"110",4.11224489795918,5.12244897959184,-1.54081632653061,-7.1265306122449,0.054166847128739,0.00559709843201821,0.146462327964636,0.196444139308569,0.135768394362869,0.0146110513724326,0.138661569745689,0.184776403037592,0.0488782140518727,0.00931926666379522,0.0506539923806368,0.0505417759322327,0,0.189935241491608,0,0.0202081498044508,0.00780075821894724,0.285123897710326,0.0116677362709764,0.381220542346161,"Minimum Energy"
"111",4.3469387755102,5.46938775510204,-1.48979591836735,-6.91836734693878,0.0568908179773361,0.00527231706909271,0.171391044322209,0.194977404875409,0.138891215893632,0.0157188079997553,0.159283348587282,0.182445891205706,0.051742165812652,0.00991355105834365,0.0480096831867267,0.0473105748194359,0,0.195782033870968,0,0.020991125068848,0.0121076957349273,0.330674392909492,0.0125315136697027,0.377423296081116,"Minimum Energy"
"112",4.58163265306122,5.81632653061224,-1.43877551020408,-6.71020408163265,0.0834772058492712,0.00480495716610786,0.200352260362683,0.195087539411889,0.166859932114008,0.0147386461884303,0.172067770259539,0.187410637992176,0.0578452844917844,0.00890336313313028,0.043285062736035,0.0521607295494527,0,0.250337137963279,0,0.0195436033545381,0.0282844901031441,0.372420030622223,0.00767690141971264,0.382498177404065,"Minimum Energy"
"113",4.81632653061224,6.16326530612245,-1.38775510204082,-6.50204081632653,0.087248513541091,0.00586106187834015,0.192965228365798,0.19969469960361,0.169903108666429,0.0152261080827244,0.166111492823772,0.188800725057239,0.0586026760559327,0.00839516848697767,0.053682669346055,0.0505540176929521,0,0.25715162220752,0,0.0210871699610645,0.026853735542026,0.35907672118957,0.0108939745463712,0.388495424660849,"Minimum Energy"
"114",5.05102040816327,6.51020408163265,-1.33673469387755,-6.29387755102041,0.0998894393837525,0.00658540857645696,0.236737816022383,0.202153203763495,0.177382987123353,0.0176051346651714,0.202562419229283,0.192271371576552,0.0593170144221723,0.0114444257520413,0.0646024322415979,0.0530527299508786,0,0.277272426507106,0,0.0241905432416284,0.0341753967931001,0.439300235251666,0.00988183218694325,0.394424575340047,"Minimum Energy"
"115",5.28571428571429,6.85714285714286,-1.28571428571429,-6.08571428571429,0.115549036889886,0.00463388640870461,0.241971189015277,0.197437845234736,0.187558417870027,0.0144120443173127,0.204490356597228,0.189554619897498,0.0593293660335808,0.00970138851083533,0.0537570983598837,0.0492963290241166,0,0.303107454759913,0,0.0190459307260174,0.0374808324180491,0.446461545612506,0.00788322533723806,0.386992465132235,"Minimum Energy"
"116",5.52040816326531,7.20408163265306,-1.23469387755102,-5.87755102040816,0.137828170787099,0.00655988420606232,0.217037483762587,0.194306520272665,0.200603588614194,0.0173050582889822,0.188243278660456,0.186780442096647,0.0658093991762762,0.0126511475769353,0.0611603366223332,0.0531914387765486,0,0.338431759401293,0,0.0238649424950445,0.0287942051021307,0.405280762423043,0.00752607817601716,0.381086962369312,"Minimum Energy"
"117",5.75510204081633,7.55102040816327,-1.18367346938776,-5.66938775510204,0.14342122020836,0.00856205631334761,0.204981196924168,0.196865562739269,0.201447909972506,0.0215490000915912,0.176711468778241,0.191710906181031,0.0654632353659192,0.0163839636572669,0.0677121953599976,0.0527638989463127,0,0.344869130180866,0,0.0301110564049388,0.0282697281459264,0.381692665702409,0.00515465655823821,0.3885764689203,"Minimum Energy"
"118",5.98979591836735,7.89795918367347,-1.13265306122449,-5.46122448979592,0.164535772112912,0.0151978016445876,0.23120855318706,0.209018524818109,0.209381733833977,0.0378036849675831,0.191058600847155,0.195813225725301,0.064369805520862,0.0258392819154563,0.0439655887781482,0.0559017391831629,0,0.373917505946889,0,0.0530014866121707,0.040149952339905,0.422267154034216,0.0132052990928077,0.40483175054341,"Minimum Energy"
"119",6.22448979591837,8.24489795918367,-1.08163265306122,-5.2530612244898,0.164524367375926,0.0485159187557562,0.170026845918994,0.199703046139131,0.205120677864069,0.0898831123455859,0.155296038368108,0.19338583430157,0.0617526270185944,0.0577236714274461,0.0537917149129987,0.0526932966358843,0,0.369645045239995,0,0.138399031101342,0.0147308075508852,0.325322884287102,0.00631721183756045,0.393088880440701,"Minimum Energy"
"120",6.45918367346939,8.59183673469388,-1.03061224489796,-5.04489795918367,0.184675087140558,0.122002326622556,0.184542275627271,0.203688923468748,0.211208059097287,0.150624539084811,0.166522530427558,0.193096384514873,0.0691153003942283,0.052270995301214,0.0499910151041651,0.0557999001212642,0,0.395883146237845,0,0.272626865707367,0.0180197451997128,0.351064806054828,0.0105925389538747,0.396785307983621,"Minimum Energy"
"121",6.69387755102041,8.93877551020408,-0.979591836734694,-4.83673469387755,0.188395100579422,0.22459097696883,0.200407489471488,0.198311643044301,0.204129977228418,0.200195500715905,0.17568545971348,0.188025128368324,0.0628075513718122,0.0697335721784835,0.0533383864837382,0.0515769195595844,0,0.392525077807841,0.024395476252925,0.424786477684736,0.0247220297580082,0.376092949184968,0.010286514675977,0.386336771412625,"Minimum Energy"
"122",6.92857142857143,9.28571428571428,-0.928571428571429,-4.62857142857143,0.202077095678274,0.292726692862532,0.173400261601678,0.201127898911658,0.20775560467074,0.216952129296158,0.171789196618037,0.19497585016193,0.0671073869559409,0.0769014272790899,0.062283103298844,0.0584455009323814,0,0.409832700349014,0.0757745635663744,0.509678822158691,0.00161106498364066,0.345189458219715,0.00615204874972822,0.396103749073587,"Minimum Energy"
"123",7.16326530612245,9.63265306122449,-0.877551020408163,-4.42040816326531,0.222430936969826,0.285148543861338,0.21008472439315,0.195611004003466,0.203783448211993,0.211569346089635,0.187612188116968,0.189069346366346,0.0623673872199633,0.0700299375842946,0.0663253631944789,0.0512388779603123,0.018647488757833,0.42621438518182,0.0735791977717027,0.496717889950973,0.0224725362761819,0.397696912510118,0.00654165763712033,0.384680350369813,"Minimum Energy"
"124",7.39795918367347,9.97959183673469,-0.826530612244898,-4.21224489795918,0.224027059492061,0.297569106804827,0.227881044097469,0.189016360264569,0.205546150408957,0.203207773150314,0.19229787460765,0.191722075604544,0.0635079957035197,0.0675477200180141,0.0630087382058032,0.0563297775864713,0.0184809090831038,0.429573209901018,0.0943613336545133,0.500776879955141,0.0355831694898195,0.420178918705119,0,0.380738435869113,"Minimum Energy"
"125",7.63265306122449,10.3265306122449,-0.775510204081633,-4.00408163265306,0.240408368227502,0.289498148105857,0.199379845797691,0.192340652096861,0.193998628030751,0.192629060833375,0.16171938576837,0.186786105111205,0.0544188390687914,0.0593293337084535,0.0625711653097028,0.0482640984670865,0.0464097401967507,0.434406996258253,0.0968690872724815,0.482127208939232,0.0376604600293211,0.361099231566061,0.00555454698565661,0.379126757208066,"Minimum Energy"
"126",7.86734693877551,10.6734693877551,-0.724489795918367,-3.79591836734694,0.245624871142795,0.295289453964838,0.215141608750023,0.191206166999275,0.195633966767705,0.18207562491404,0.175303521984992,0.184043373391036,0.0590302847080016,0.0549405137616066,0.0567442979824683,0.0515642288674348,0.0499909043750894,0.4412588379105,0.113213829050799,0.477365078878878,0.0398380867650307,0.390445130735015,0.00716279360823871,0.375249540390311,"Minimum Energy"
"127",8.10204081632653,11.0204081632653,-0.673469387755102,-3.58775510204082,0.267291879110497,0.272241906812172,0.181277100137216,0.183605251430441,0.186988159611798,0.183143418896083,0.152735264746491,0.183825213335009,0.0514664273729455,0.055471325423175,0.0419925446460547,0.0451645100867647,0.0803037194986987,0.454280038722295,0.0890984879160885,0.455385325708255,0.0285418353907252,0.334012364883706,0,0.367430464765451,"Minimum Energy"
"128",8.33673469387755,11.3673469387755,-0.622448979591837,-3.37959183673469,0.274345696853407,0.281321220106385,0.184378382239777,0.193952813559866,0.182920469601386,0.183269748514071,0.157585357797254,0.190372090318102,0.0546980684543489,0.0557565098017652,0.049654483581284,0.0543411782827476,0.0914252272520212,0.457266166454793,0.0980514715923138,0.464590968620456,0.0267930244425226,0.341963740037031,0.00358072324176356,0.384324903877969,"Minimum Energy"
"129",8.57142857142857,11.7142857142857,-0.571428571428571,-3.17142857142857,0.271214567981794,0.28428631633985,0.198052942998697,0.175703576215928,0.18038561231274,0.174977808157845,0.177857121406404,0.181596218377175,0.0522202822412444,0.0508907972207988,0.0472257366233636,0.0459085946631881,0.0908289556690542,0.451600180294534,0.109308508182004,0.459264124497695,0.0201958215922924,0.375910064405101,0,0.357299794593103,"Minimum Energy"
"130",8.80612244897959,12.0612244897959,-0.520408163265306,-2.96326530612245,0.281215799896127,0.270546042285937,0.206390028863158,0.175928783226347,0.176120553669281,0.157633625544551,0.176792541292321,0.182045558346371,0.0505898319658481,0.0424208152572723,0.0532076205643683,0.0439538589228355,0.105095246226846,0.457336353565408,0.112912416741387,0.428179667830488,0.0295974875708369,0.383182570155479,0,0.357974341572718,"Minimum Energy"
"131",9.04081632653061,12.4081632653061,-0.469387755102041,-2.75510204081633,0.27300043551183,0.273896053158062,0.23023643735131,0.185010204274311,0.174599967574593,0.151813201431723,0.19170480461206,0.185397989285313,0.0516963649739964,0.0405552056720088,0.0421682269583918,0.0516306711856205,0.0984004679372371,0.447600403086422,0.122082851726339,0.425709254589785,0.0385316327392497,0.42194124196337,0,0.370408193559624,"Minimum Energy"
"132",9.27551020408163,12.7551020408163,-0.418367346938775,-2.5469387755102,0.273707294224671,0.283940281898583,0.19693692759411,0.172961301329431,0.169480522131589,0.140126395999999,0.172192494166281,0.181371250207315,0.0476597661281904,0.0357891745900629,0.0460789399242046,0.0483639557444108,0.104226772093082,0.44318781635626,0.143813885898584,0.424066677898582,0.0247444334278284,0.369129421760391,0,0.354332551536746,"Minimum Energy"
"133",9.51020408163265,13.1020408163265,-0.36734693877551,-2.33877551020408,0.264813463192302,0.265126287704946,0.189258558167715,0.162163660978584,0.16248670128131,0.142230146542445,0.16118560067314,0.17549144149951,0.0453864691460295,0.0335745195634997,0.0471897764822189,0.0429918031442972,0.102326761910992,0.427300164473612,0.1228961411625,0.407356434247391,0.0280729574945748,0.350444158840854,0,0.337655102478093,"Minimum Energy"
"134",9.74489795918367,13.4489795918367,-0.316326530612245,-2.13061224489796,0.252307525570728,0.26328828564302,0.181983054446323,0.167407528395324,0.165329984478896,0.137328245348181,0.162713425610336,0.173099538771659,0.0455149887862751,0.0335075588789572,0.0501889519946463,0.0422843663109013,0.0869775410918327,0.417637510049624,0.12596004029484,0.400616530991201,0.0192696288359867,0.344696480056659,0,0.340507067166984,"Minimum Energy"
"135",9.97959183673469,13.7959183673469,-0.26530612244898,-1.92244897959184,0.258810826608118,0.240605132245181,0.224538025480178,0.170213497823392,0.159167121762525,0.134073722016143,0.191536838891417,0.175758992774373,0.0448563691089082,0.0323404991305531,0.0546787429538595,0.0484995763549373,0.0996437048455927,0.417977948370643,0.106531410229038,0.374678854261324,0.0330011865887606,0.416074864371595,0,0.345972490597764,"Minimum Energy"
"136",10.2142857142857,14.1428571428571,-0.214285714285714,-1.71428571428571,0.254519891958693,0.229298310884106,0.207185799383409,0.16052619596357,0.155804662952881,0.128122882686256,0.179600391975297,0.17399768399829,0.0432948139290473,0.0293710037956294,0.0596313922598928,0.0437590379927324,0.0987152290058115,0.410324554911574,0.10117542819785,0.357421193570362,0.0275854074081122,0.386786191358707,0,0.33452387996186,"Minimum Energy"
"137",10.4489795918367,14.4897959183673,-0.163265306122449,-1.50612244897959,0.256676837755818,0.2179575659771,0.221501961353041,0.149425851228165,0.147089422170644,0.122719306673151,0.194741137249576,0.168106241902234,0.0397357730940332,0.0314464645969801,0.0589878923611365,0.039507471663967,0.109587415585174,0.403766259926463,0.0952382593039491,0.340676872650251,0.0267608241034654,0.416243098602617,0,0.317532093130399,"Minimum Energy"
"138",10.6836734693878,14.8367346938776,-0.112244897959184,-1.29795918367347,0.255015516103897,0.208132856493535,0.219877970485979,0.142391319033106,0.145901632514926,0.122238828868776,0.203289933363371,0.166997116354672,0.0384819267538227,0.0288330274042013,0.0478213842840914,0.0395752468084178,0.109113883588971,0.400917148618822,0.0858940276247582,0.330371685362311,0.0165880371226085,0.42316790384935,0,0.309388435387778,"Minimum Energy"
"139",10.9183673469388,15.1836734693878,-0.0612244897959182,-1.08979591836735,0.252004453889354,0.222050324079586,0.200877929645496,0.144612795127969,0.144004662402636,0.116568584473474,0.190977392308274,0.161303209466429,0.0368564516426661,0.0271193649232076,0.0544978903030229,0.0391782350407246,0.107999791486717,0.39600911629199,0.105481739606111,0.33861890855306,0.00990053733722202,0.39185532195377,0,0.305916004594398,"Minimum Energy"
"140",11.1530612244898,15.530612244898,-0.010204081632653,-0.881632653061224,0.247503453473817,0.233071795499253,0.170881387430306,0.154409221972902,0.143339890307334,0.119598791961113,0.175923377635792,0.166831004949719,0.0390539068935061,0.0292430816922792,0.0745643000521459,0.0425210219779766,0.104163563166483,0.390843343781151,0.113473003538139,0.352670587460366,0,0.346804765066098,0,0.321240226922621,"Minimum Energy"
"141",11.3877551020408,15.8775510204082,0.0408163265306123,-0.673469387755102,0.255652170988242,0.237618913189021,0.192458039768337,0.150674813655712,0.134976910281264,0.125788758154489,0.187576916687196,0.160618447373735,0.033370718125104,0.0330636016949615,0.0648509802524116,0.0363031990329094,0.120675260706977,0.390629081269506,0.111830155034532,0.36340767134351,0.00488112308114103,0.380034956455533,0,0.311293261029447,"Minimum Energy"
"142",11.6224489795918,16.2244897959184,0.0918367346938775,-0.465306122448979,0.240698162230465,0.239745291941528,0.182278853458138,0.142696616738057,0.13510833251393,0.118555568300161,0.186323582668943,0.155249237458464,0.0345543902598077,0.0324688952319882,0.0798496133265268,0.0357379931890673,0.105589829716536,0.375806494744395,0.121189723641367,0.358300860241689,0,0.368602436127082,0,0.297945854196521,"Minimum Energy"
"143",11.8571428571429,16.5714285714286,0.142857142857143,-0.257142857142858,0.245217792870172,0.232094965032013,0.186643231452825,0.135301419680919,0.127407615625072,0.117688665770217,0.191012652220583,0.150941181320699,0.0323641247154276,0.0301536295377041,0.0901126065948601,0.0354670046101643,0.117810177245101,0.372625408495244,0.114406299261795,0.34978363080223,0,0.377655883673408,0,0.286242601001617,"Minimum Energy"
"144",12.0918367346939,16.9183673469388,0.193877551020408,-0.0489795918367353,0.239320477479322,0.224833795339254,0.225391785339169,0.130014737735917,0.12489965739196,0.119478495037689,0.20555968395565,0.149824683895991,0.0292448914407038,0.0262836000958426,0.0689089904043535,0.0285797499662648,0.114420820087362,0.364220134871282,0.105355300301565,0.344312290376942,0.0198321013835197,0.430951469294819,0,0.279839421631908,"Minimum Energy"
"145",12.3265306122449,17.265306122449,0.244897959183674,0.159183673469387,0.240529228881396,0.221466793781577,0.199902054484498,0.132877448023056,0.125230452230463,0.113584143519676,0.18655922533144,0.14823411087001,0.0324690695151098,0.0263082157387431,0.0493750005580384,0.035737555467244,0.115298776650933,0.365759681111858,0.107882650261901,0.335050937301252,0.0133428291530581,0.386461279815937,0,0.281111558893066,"Minimum Energy"
"146",12.5612244897959,17.6122448979592,0.295918367346939,0.36734693877551,0.233561226383108,0.211689134772992,0.157457142671807,0.117243522728778,0.121786996451573,0.113287337801514,0.157026795098371,0.144842315725309,0.03027866841061,0.0248826072674156,0.0458803085373949,0.0321094136511783,0.111774229931535,0.355348222834681,0.0984017969714782,0.324976472574505,0.000430347573436046,0.314483937770179,0,0.262085838454087,"Minimum Energy"
"147",12.7959183673469,17.9591836734694,0.346938775510204,0.575510204081633,0.233823256923567,0.208236271697498,0.181294488320414,0.121183161473976,0.12114107088255,0.111623393009197,0.174732388544369,0.153130501719354,0.0289048466709784,0.0254932286368507,0.0455077818936976,0.0344233725865998,0.112682186041017,0.354964327806117,0.0966128786883016,0.319859664706695,0.00656209977604524,0.356026876864783,0,0.27431366319333,"Minimum Energy"
"148",13.030612244898,18.3061224489796,0.397959183673469,0.783673469387756,0.224559623368929,0.205261906997085,0.19038441854764,0.107003149101113,0.122368533019517,0.109450275955541,0.177661350548276,0.14778548420311,0.0294185393990443,0.02852032325653,0.0497573161911129,0.0354701050077069,0.102191090349411,0.346928156388446,0.0958116310415437,0.314712182952625,0.0127230679993638,0.368045769095917,0,0.254788633304223,"Minimum Energy"
"149",13.265306122449,18.6530612244898,0.448979591836735,0.991836734693877,0.223855177614586,0.196836833305763,0.18417356174708,0.103636670049833,0.117680190400207,0.100929764168487,0.184226775007424,0.146181365865873,0.0296263587765543,0.0221177471227341,0.0692126261910793,0.0349066050223038,0.106174987214379,0.341535368014793,0.0959070691372753,0.29776659747425,0,0.368400336754504,0,0.249818035915706,"Minimum Energy"
"150",13.5,19,0.5,1.2,0.219828324411673,0.187724421708382,0.200751376704924,0.113967311061955,0.115611244556623,0.0958261009058604,0.196945040148969,0.158914778095201,0.0279219690917555,0.0184984036721204,0.0562194786933519,0.0672427315116211,0.104217079855051,0.335439568968296,0.0918983208025212,0.283550522614242,0.00380633655595486,0.397696416853893,0,0.272882089157156,"Minimum Energy"
