"","X","pka1","pka2","logA","Na.A","Energy.kJ.mol","Flux.mol.m2s","order","typ"
"1","1",2,0,-2,-7,21.1200765661537,-0.0034131,0,"+Acid"
"2","2",13.5,0,-2,-7,214.847486459053,-0.0014524,0,"+Acid"
"3","3",2,5.5,-2,-7,83.9814902035364,-0.0017067,0,"+Acid"
"4","4",13.5,5.5,-2,-7,214.847625980256,-0.0014524,0,"+Acid"
"5","5",2,0,0.5,-7,7516.55999835301,-0.012191,0,"+Acid"
"6","6",13.5,0,0.5,-7,40.6323875751927,0.00018359,0,"+Acid"
"7","7",2,5.5,0.5,-7,10247.0002473648,-0.0036056,0,"+Acid"
"8","8",13.5,5.5,0.5,-7,45.0304617979096,0.00030867,0,"+Acid"
"9","9",2,0,-2,0.7,26.4775900417391,-0.0033635,0,"+Acid"
"10","10",13.5,0,-2,0.7,28.5841895133057,-0.003349,0,"+Acid"
"11","11",2,5.5,-2,0.7,28.1083615474847,-0.0033604,0,"+Acid"
"12","12",13.5,5.5,-2,0.7,28.5841895133348,-0.003349,0,"+Acid"
"13","13",2,0,0.5,0.7,9036.79819764844,-0.0033642,0,"+Acid"
"14","14",13.5,0,0.5,0.7,9039.27401103782,-0.003349,0,"+Acid"
"15","15",2,5.5,0.5,0.7,9038.67734087195,-0.0033642,0,"+Acid"
"16","16",13.5,5.5,0.5,0.7,9039.27451965828,-0.003349,0,"+Acid"
"17","17",7.92296401329804,1.33607946010306,0.0569798728683963,-5.44192531658337,15.3204716165491,0.00010839,0,"+Acid"
"18","18",4.03916879999451,5.46746122336481,0.409946388215758,0.351305259764195,10500.5013652231,-0.0033504,0,"+Acid"
"19","19",10.8217969045509,1.46390307520051,-1.38984001637436,-0.917073282040655,27.3993650076676,5.3217e-05,0,"+Acid"
"20","20",9.76827622542623,1.98594811593648,0.389980138395913,-4.55346256357152,24.9420298014958,0.00019739,0,"+Acid"
"21","21",3.40846184513066,2.2519237640081,0.455523362732492,-5.13715602424927,5981.66823869951,-0.013892,0,"+Acid"
"22","22",9.36068946053274,2.91624531592242,-1.73978609254118,-6.35755021555815,31.0144987250379,2.4396e-06,0,"+Acid"
"23","23",9.05596766411327,5.32169648446143,-0.89282955089584,-4.03805334116332,26.1965089834331,6.9227e-05,0,"+Acid"
"24","24",13.2308559294324,1.86542392207775,-1.86482205742504,-5.09605566062964,2199.45278694024,-0.00075851,0,"+Acid"
"25","25",7.4088988105068,2.65211268642452,-0.0567591550061479,0.64418909298256,2583.33304623593,-0.003349,0,"+Acid"
"26","26",7.999861655524,3.77013040846214,-0.0599401774816215,-5.64730735081248,19.5832736180149,0.00011981,0,"+Acid"
"27","27",12.0212202951079,4.0416044323938,0.302524266415276,-3.27235767680686,39.5350969575423,0.00024388,0,"+Acid"
"28","28",3.25048370170407,2.0216522339033,0.0151805056957528,-2.70963239548728,2421.46446589926,-0.0084884,0,"+Acid"
"29","29",5.40290707501117,2.36567199975252,-1.12381747039035,-0.232027379213832,5065.87170531297,-0.00030442,0,"+Acid"
"30","30",2.42247164284345,1.54542110906914,0.20117628457956,0.57356290742755,4899.12842985121,-0.0033588,0,"+Acid"
"31","31",2.99165760073811,3.27256158238743,-1.08461399492808,-5.36593601240311,267.621489151759,-0.0024115,0,"+Acid"
"32","32",6.71918070258107,3.64573158300482,-0.732167123816907,-6.50242092579137,13.0487237782797,6.7959e-05,0,"+Acid"
"33","33",9.50377468531951,2.81808730040211,-1.32440033939201,-0.917786599695682,25.6256042195496,5.4773e-05,0,"+Acid"
"34","34",10.3471178255277,1.64937149977777,0.129214773885906,-4.30054503758438,27.0204824144434,0.00014636,0,"+Acid"
"35","35",5.10391683655325,5.07922085316386,-1.52126668184064,-2.05150451001245,12.3919263475871,5.123e-05,0,"+Acid"
"36","36",8.45177108328789,0.0147453459212556,-0.973435260704719,0.206213662726805,1240959.69109125,-0.0004906,0,"+Acid"
"37","37",13.3408548025182,0.844021670869552,-1.27254356327467,-1.80089447915088,29.8075076552014,5.3539e-05,0,"+Acid"
"38","38",13.1948185294168,3.41161673504394,0.196913220104761,-1.54360904784407,42.5441759501173,0.00021732,0,"+Acid"
"39","39",8.68415318406187,1.13096202129964,-0.0251355835935101,-1.15330571322702,17.8552390127749,0.00012019,0,"+Acid"
"40","40",2.14492553868331,3.13514743093401,-0.820084892795421,-3.50318030675407,369.914548612684,-0.0041913,0,"+Acid"
"41","41",7.80288945697248,1.61857300810516,0.0665258727967739,-2.8919533564942,14.8696227264229,0.00011916,0,"+Acid"
"42","42",3.01719394011889,5.33451822563075,-1.04814481153153,-0.0721843702020122,50.7280521828681,-8.4209e-05,0,"+Acid"
"43","43",2.02600673981942,0.752899962011725,-1.49224817450158,-0.513755853334442,92.143677876843,-0.0035387,0,"+Acid"
"44","44",10.9035984304501,2.57205044256989,0.364733909489587,-5.55490803127177,33.1770536197191,0.0001969,0,"+Acid"
"45","45",2,2.75,-0.75,-3.15,415.444361179351,-0.0044838,0,"+Acid"
"46","46",13.5,2.75,-0.75,-3.15,36.5968163776836,7.3156e-05,0,"+Acid"
"47","47",7.75,0,-0.75,-3.15,23.4712464068432,-0.00014796,0,"+Acid"
"48","48",7.75,5.5,-0.75,-3.15,21.9841511800885,7.0428e-05,0,"+Acid"
"49","49",7.75,2.75,-2,-3.15,214.055078413692,-0.0014535,0,"+Acid"
"50","50",7.75,2.75,0.5,-3.15,16.3463793767486,0.00022257,0,"+Acid"
"51","51",7.75,2.75,-0.75,-7,15.8574328804966,6.7345e-05,0,"+Acid"
"52","52",7.75,2.75,-0.75,0.7,508.315503540348,-0.003349,0,"+Acid"
"53","53",5.63114620875568,5.5,0.5,-7,13.9275813045377,0.00022456,1,"+Acid"
"54","54",9.68235867644522,5.5,0.5,-7,33.2051988721283,0.00028022,2,"+Acid"
"55","55",7.61107438144476,5.5,-2,-7,213.787578554441,-0.0014536,3,"+Acid"
"56","56",4.24772444259077,5.5,-1.2326038051044,-7,10.2634656325759,5.3625e-05,4,"+Acid"
"57","57",3.72041752443744,5.5,0.5,-5.35337271834329,13.3769434065544,0.00012556,5,"+Acid"
"58","58",11.3034662619866,5.49999999999492,-0.979202081552551,-7,31.448667103784,6.6313e-05,6,"+Acid"
"59","59",7.65505079643332,5.5,0.5,-7,23.1410323382938,0.00022674,7,"+Acid"
"60","60",11.7395516092732,5.5,0.5,-5.4749014672154,39.9833826978893,0.00031097,8,"+Acid"
"61","61",6.69464855111825,5.5,0.499999999999996,-5.02470465839781,18.1786977915236,0.00022483,9,"+Acid"
"62","62",2,5.5,0.5,-4.35126084574915,10275.8501193649,-0.0036029,10,"+Acid"
"63","63",9.73281364232918,5.5,-2,-7,214.839399753575,-0.0014524,11,"+Acid"
"64","64",3.8075396782153,4.21226839445781,0.5,-7,5938.18290280557,-0.00125,12,"+Acid"
"65","65",5.7036596018209,5.5,-1.99999999941722,-5.95470869769821,184.605083689546,-0.0014693,13,"+Acid"
"66","66",13.5,5.5,0.5,-4.52813655113311,45.0308768909402,0.00030867,14,"+Acid"
"67","67",9.02680670728432,5.5,0.5,-5.21705764846079,30.3434501134521,0.00025289,15,"+Acid"
"68","68",11.6299994383509,4.26839835125249,0.5,-7,39.5195283507711,0.00030178,16,"+Acid"
"69","69",12.0940541090792,5.5,-2,-5.46470851568372,214.848232829439,-0.0014524,17,"+Acid"
"70","70",10.611812438933,5.5,0.5,-3.88765759192317,36.4940582171974,0.0003052,18,"+Acid"
"71","71",3.0798480517997,5.5,-1.99999999925888,-5.25083308186797,146.312821444373,-0.0014986,19,"+Acid"
"72","72",6.46321581598611,5.5,-0.906036882957916,-7,16.2790184990087,6.2482e-05,20,"+Acid"
"73","73",5.04583119041522,5.5,0.5,-3.82842337355124,12.412744170546,0.00022299,21,"+Acid"
"74","74",8.50705217529653,5.5,-1.07851132399232,-5.8643973565708,23.7984037825234,6.1553e-05,22,"+Acid"
"75","75",8.78244313948289,3.81798564944986,0.5,-7,24.6556287050942,0.00022519,23,"+Acid"
"76","76",2,5.5,-0.855981442621627,-5.66930486783408,1320.78080157522,-0.00033189,24,"+Acid"
"77","77",13.5,5.5,-0.745376073528882,-5.72940199302352,36.6423072274796,7.3485e-05,25,"+Acid"
"78","78",2,3.32505107129278,0.5,-7,6859.64895887743,-0.014839,26,"+Acid"
"79","79",4.86478858155543,5.49999998650573,-1.01433884485796,-4.74337874283568,11.4040896680016,5.9561e-05,27,"+Acid"
"80","80",11.9988455427351,5.5,0.5,-7,40.7627302026531,0.00031116,28,"+Acid"
"81","81",13.5,3.6188908619595,0.5,-7,45.021227817237,0.00030798,29,"+Acid"
"82","82",3.33356423744015,4.24908523325675,-2,-7,90.0312070811372,-0.0016749,30,"+Acid"
"83","83",12.5468264126434,5.5,0.5,-2.99476693542528,42.3995308391742,0.00031118,31,"+Acid"
"84","84",10.4166918143173,5.5,-1.05022857221513,-5.1961544247336,29.0155946763565,6.3518e-05,32,"+Acid"
"85","85",8.00673083733073,5.5,0.5,-3.85456626740871,25.0603140272161,0.0002292,33,"+Acid"
"86","86",7.28374148095244,5.5,-2,-4.71399959112904,212.703798805906,-0.0014548,34,"+Acid"
"87","87",3.94606603604025,5.5,0.5,-7,12.4019599761991,0.00016846,35,"+Acid"
"88","88",10.0718979620889,3.99279935471626,-0.80537124985349,-7,29.0779838201087,7.2248e-05,36,"+Acid"
"89","89",8.8583808677102,1.58774438765195,0.147212758729488,-1.53694691534187,18.9369567333773,0.00014899,37,"+Acid"
"90","90",5.39893881533218,4.39141908446374,-1.9999999996215,-7,175.805753954866,-0.0014724,38,"+Acid"
"91","91",12.00439611845,4.40915780915794,-2,-7,214.847583196999,-0.0014524,39,"+Acid"
"92","92",3.36920172693835,5.5,-0.680932008924138,-3.32487099485453,8.92492844177569,5.0658e-05,40,"+Acid"
"93","93",6.57540989219705,4.01042577743756,0.5,-7,13.8703771750461,0.00022324,41,"+Acid"
"94","94",8.44105189126405,4.14577601381848,-1.39267566459066,-7,21.2333844147955,5.411e-05,42,"+Acid"
"95","95",2,5.5,-2,-3.98292903534424,83.9895625920055,-0.0017067,43,"+Acid"
"96","96",10.3894197850219,4.3158826158478,0.499999902265551,-5.80470414278028,34.7389800957249,0.00026003,44,"+Acid"
"97","97",13.5,5.5,-2,-4.40375719206319,214.855207770727,-0.0014524,45,"+Acid"
"98","98",5.97453723447388,5.5,-1.27447050752246,-3.50294382425265,14.4936439500461,5.5405e-05,46,"+Acid"
"99","99",8.78046902409278,5.5,-0.585067481495412,-7,26.3466397549908,8.6502e-05,47,"+Acid"
"100","100",2.97155111657116,5.5,-0.633467341237572,-7,9.7598193960315,2.0245e-05,48,"+Acid"
"101","101",5.15120800137802,5.5,0.5,-5.65669756676385,12.6310881972844,0.00022359,49,"+Acid"
"102","102",13.5,4.29043260326493,-0.894505118413177,-7,35.2538173305889,6.5225e-05,50,"+Acid"
"103","103",12.1696647547102,5.5,-0.592083936301321,-4.21664664511688,35.6088615767748,9.0566e-05,51,"+Acid"
"104","104",3.88213978475818,5.5,0.5,-2.47183759785913,12.620988874049,0.00016222,52,"+Acid"
"105","105",2,4.00655302407795,-1.11352552607958,-7,219.333971013628,-0.0028878,53,"+Acid"
"106","106",5.07169472970561,3.64986605176201,-0.43455517250138,-6.99999999092369,9.9396165960052,4.7366e-05,54,"+Acid"
"107","107",6.45724113102963,5.5,0.5,-2.80611154421045,17.0975076872307,0.00022477,55,"+Acid"
"108","108",9.26783462709612,5.5,-2,-5.03465805630569,214.825393450709,-0.0014524,56,"+Acid"
"109","109",5.03509965635897,5.5,-2,-7,169.643598874608,-0.001472,57,"+Acid"
"110","110",7.1439776106235,5.5,-0.644477254173725,-5.5904033197034,19.3693234040981,7.2868e-05,58,"+Acid"
"111","111",10.4910633211478,3.17220202191216,0.5,-6.99910530063136,32.7862240155919,0.00023091,59,"+Acid"
"112","112",2,5.5,0.5,-2.36866975580378,13794.6173112448,-0.0033488,60,"+Acid"
"113","113",9.31485556057996,5.5,0.5,-2.83212843371546,31.6724904071067,0.00026472,61,"+Acid"
"114","114",13.5,5.5,-0.711947895251803,-3.29369612551146,36.9260850372607,7.5725e-05,62,"+Acid"
"115","115",2.81331879021832,4.02269735516854,0.499999999916759,-5.44522093528955,4285.76769690447,-0.0089236,63,"+Acid"
"116","116",12.8425879231915,4.28795426829028,0.5,-5.63389140330924,43.2340516087377,0.00031021,64,"+Acid"
"117","117",3.94338141106144,4.43244429964187,-0.898164193274143,-5.7590700942001,9.3096453308846,6.0689e-06,65,"+Acid"
"118","118",10.640749356473,5.5,0.0010538680464575,-6.1614447317558,34.0938038306751,0.00017322,66,"+Acid"
"119","119",6.91331498095964,4.01215969132794,-2,-7,210.035332437058,-0.0014573,67,"+Acid"
"120","120",4.94894286897451,5.5,-0.564391714458019,-2.69516827884071,11.3640017405048,7.5783e-05,68,"+Acid"
"121","121",11.8734599797875,5.5,-2,-7,214.847567859249,-0.0014524,69,"+Acid"
"122","122",4.25426756579118,5.5,-2,-3.86365578566518,161.62604564874,-0.0014742,70,"+Acid"
"123","123",10.974315567958,5.5,-2,-4.11880145741538,214.861787189671,-0.0014524,71,"+Acid"
"124","124",10.6218644061253,3.90480343352712,-1.99942926580185,-6.99998438607768,216.041973616554,-0.0014499,72,"+Acid"
"125","125",7.529578180349,2.99506287956501,0.499996655573473,-7,15.8185434563053,0.00022277,73,"+Acid"
"126","126",5.82322314916239,4.41788842273469,-0.381644751381078,-5.6984390737163,11.3696929312236,8.7211e-05,74,"+Acid"
"127","127",12.7241591481083,5.49999999882114,-0.748092498622683,-6.99999970399235,35.7447606043148,7.7285e-05,75,"+Acid"
"128","128",12.1667568456354,3.44033661907871,-0.629469886770752,-6.99999999975979,35.3870757786677,8.7048e-05,76,"+Acid"
"129","129",11.1665629753702,5.5,-0.587982339966063,-3.02217192034798,33.1892620622785,9.1332e-05,77,"+Acid"
"130","130",13.5,5.49868298421031,0.499325353985222,-1.87752602310894,45.208983273263,0.00030918,78,"+Acid"
"131","131",11.3893115888976,4.18195132227096,0.5,-4.65843041855272,38.6612904112893,0.00029394,79,"+Acid"
"132","132",6.64621572198388,5.5,-0.447641323864005,-4.14633867103099,17.2155489453893,8.3247e-05,80,"+Acid"
"133","133",3.4427290248088,5.5,-2,-7,154.264463151314,-0.0014841,81,"+Acid"
"134","134",3.38403997930211,3.28268690599031,-0.839219202097537,-7,704.00887162597,-0.0016874,82,"+Acid"
"135","135",7.92927673228258,5.5,0.5,-5.75318877527632,24.6367594059402,0.0002285,83,"+Acid"
"136","136",13.5,3.48470085451273,-2,-7,214.847625934995,-0.0014524,84,"+Acid"
"137","137",7.54220348324295,4.33042256210108,-0.4349096982928,-7,18.545710904307,8.3932e-05,85,"+Acid"
"138","138",3.8531170275057,5.5,-1.43976229325946,-2.2347301559318,10.1095950821608,4.3901e-05,86,"+Acid"
"139","139",2,4.40735148309823,-2,-5.74436284929224,34.339299885275,-0.0024384,87,"+Acid"
"140","140",3.29732351202427,5.5,-0.720957835889519,-4.71350555598707,8.8966334919542,4.5912e-05,88,"+Acid"
"141","141",10.7386159811946,5.5,-2,-6.00995196231866,214.846984341798,-0.0014524,89,"+Acid"
"142","142",13.3248445017252,3.86119494471859,-0.00851222869757568,-2.95591783256012,41.2028733733984,0.00016903,90,"+Acid"
"143","143",8.33906447384155,5.5,-2,-3.64364020417305,214.688674715447,-0.0014527,91,"+Acid"
"144","144",5.533146134128,2.94809517531836,0.5,-7,28.6205309498123,-0.00032996,92,"+Acid"
"145","145",5.71927657055324,5.5,-2,-4.5196626350598,185.036083773858,-0.0014692,93,"+Acid"
"146","146",9.43112214362828,3.12093427782882,-0.102499234285203,-5.96811496228493,25.7256876130332,0.00011532,94,"+Acid"
"147","147",4.32917710588534,5.5,-2,-5.63355392863345,162.124597927487,-0.0014739,95,"+Acid"
"148","148",8.12681385999956,2.50556138028098,0.5,-5.62440366188252,17.5777873753341,0.0002233,96,"+Acid"
"149","149",4.91182754388899,5.5,-0.554257888875889,-6.20961819755899,11.2589040498487,7.6299e-05,97,"+Acid"
"150","150",3.73785692583914,5.5,0.486093200543195,-4.02286836307204,13.1671501724568,0.00013018,98,"+Acid"
"151","151",4.80661977666604,3.78058619217881,0.499999983958624,-5.72514479878008,23.7450438661693,-0.000213,99,"+Acid"
"152","152",11.4792724534115,4.18207239272598,-0.717623055621369,-5.78820578398734,33.3411464033434,8.0807e-05,100,"+Acid"
"153","153",10.2140901665755,0.373524798003226,-1.70514008426107,-6.33396750270224,26.447650713842,4.3511e-05,101,"+Acid"
"154","154",5.69325985014439,0.88945797085762,-1.74320685863495,-5.59636136889458,81.9402277953687,-0.0019366,102,"+Acid"
"155","155",11.7026175452768,2.96325684168202,-0.675406778175702,0.336118937004358,895.449855406155,-0.003349,103,"+Acid"
"156","156",3.83453468284776,2.83841379855539,-1.88121989385627,0.29064390026033,65.8593680617581,-0.0033671,104,"+Acid"
"157","157",11.5555774569511,0.218745619058609,-0.484791696071625,-6.58035807311535,28.7466760339003,7.2494e-05,105,"+Acid"
"158","158",5.01541965710931,0.754450634471141,-0.636440880363807,0.541975603206083,729.968901048254,-0.003349,106,"+Acid"
"159","159",11.173627606074,0.134728005272336,-1.80293185472114,-2.25258005675977,14599.3799420969,-0.00036339,107,"+Acid"
"160","160",12.6911311755645,0.257067906306622,0.28859878122476,-3.23979200269108,36.3412434274968,0.00015502,108,"+Acid"
"161","161",7.84615635602373,0.852374524604679,-1.43212468371065,-4.37364174336569,14.7788715429458,1.3724e-05,109,"+Acid"
"162","162",5.53762348565352,3.31569463987572,-0.180294224581509,-1.71409660302016,10.9520427110919,7.2481e-05,110,"+Acid"
"163","163",11.2632224410772,2.7987993657589,-1.62649829685688,-4.47895263135433,24.6117194960896,5.0511e-05,111,"+Acid"
"164","164",10.8736037982803,0.0387476618634537,-0.500029076857059,-1.23028700946433,25.197624712565,6.976e-05,112,"+Acid"
"165","165",9.70695654160795,0.25274104775016,0.362953791161999,-6.64535895012653,20.481821621338,0.00016059,113,"+Acid"
"166","166",10.0636188772228,2.24680424254258,-1.99621341004968,-0.523691507787198,268.000092785796,-0.0016848,114,"+Acid"
"167","167",13.4830028223805,1.16311455586576,-1.19406920586189,-6.75144625604756,31.1525323536807,5.5045e-05,115,"+Acid"
"168","168",4.65299281477928,4.1006441116333,-0.57757256925106,-0.102152928709984,44.2306420748408,2.6203e-05,116,"+Acid"
"169","169",5.13448267572672,2.54945564663985,-1.38929862455037,-3.32051495268063,1088.71274809607,-0.00029334,117,"+Acid"
"170","170",7.50059671702286,3.72867585682808,-1.0597902359314,-2.17844017877093,17.2185986416208,5.88e-05,118,"+Acid"
"171","171",8.66406275768039,0.788038814554942,-1.69041868726933,-1.5635304817179,23.9668524171433,2.3942e-05,119,"+Acid"
"172","172",9.30113702341632,0.311380245963205,-0.799720593502172,-6.46057286013755,17.7528238957482,5.96e-05,120,"+Acid"
"173","173",11.8948875956353,1.74639764770049,0.298254305283233,-1.69423559170991,36.5444905741905,0.00018458,121,"+Acid"
"174","174",11.8216466750018,1.09887194819748,0.459125910536386,-6.87716570300981,34.5373062000682,0.00021066,122,"+Acid"
"175","175",9.37567697496396,3.78812301660216,0.478352710604668,-1.90233284364725,28.1113124912281,0.00022155,123,"+Acid"
"176","176",10.1461386077269,0.1331551908617,0.153933062543685,-2.82525744539954,21.6451666744279,0.00012712,124,"+Acid"
"177","177",12.06760199368,0.13631597161293,-1.62432351708412,-5.59971487522125,24.5757604736788,5.0449e-05,125,"+Acid"
"178","178",2.36927313741762,3.59953771729488,-0.941746124182828,0.184372051106766,1147.55236829482,-0.0037118,126,"+Acid"
"179","179",11.5577993243933,1.50702327489853,-1.67058673501015,-6.96120627224445,25.33999561119,4.9539e-05,127,"+Acid"
"180","180",6.99475458396267,1.72751813739245,-0.875225969242633,-2.11112227127942,11.4825074936429,3.8565e-05,128,"+Acid"
"181","181",10.0399746447802,4.51027974486351,-1.15609630942345,-1.89432968199253,27.5028633919247,5.9809e-05,129,"+Acid"
"182","182",7.67959644517396,0.197497840854339,-0.394113891990855,-6.70215203668922,25.2598583227443,-0.00015824,130,"+Acid"
"183","183",10.0458290576935,0.878928408026695,-0.0652037113904953,-0.331771984696388,34.5494023328228,0.00010934,131,"+Acid"
"184","184",9.63248901069164,0.183579877018929,-1.93601875007153,-3.73627005517483,452.463015497221,-0.0011519,132,"+Acid"
"185","185",5.93052259213313,5.388983925106,-0.909684249520019,-0.316430276609026,24.2804133864161,6.1485e-05,133,"+Acid"
"186","186",8.4935947060585,1.12342092394829,-1.84679140150547,-6.93657270073891,4817.60703888208,-0.00065438,134,"+Acid"
"187","187",10.2296443052289,3.12064632948541,-0.276137770919881,-1.40131706287127,30.1847208191062,0.00010166,135,"+Acid"
"188","188",11.8703745752573,3.02191449701786,-0.852465465664864,-3.26834283769131,33.4346983850808,7.1775e-05,136,"+Acid"
"189","189",8.65542435858176,4.24953437336365,-0.244031763630017,-1.67401236933338,24.505745705772,0.00010156,137,"+Acid"
"190","190",9.1548878456742,0.182616328374421,0.392301597283222,-4.68682169680641,19.7991712338323,0.00012517,138,"+Acid"
"191","191",13.2556449472904,1.51072330772877,-0.200079619884491,-1.26120203733444,40.515446462469,0.00012676,139,"+Acid"
"192","192",7.02767643114413,4.49031679004915,0.423706635183912,-1.43328387044673,17.1049426757686,0.00020641,140,"+Acid"
"193","193",10.5868267863989,1.41184188425541,-1.92451171576977,-3.88692240417004,542.108702719266,-0.0010915,141,"+Acid"
"194","194",6.50592985425552,0.414460955074689,-1.84116776426236,-0.735723589607522,170.431627696765,-0.0016705,142,"+Acid"
"195","195",9.87193119525909,0.113344505429268,-1.21445918083191,-3.81227776408195,20.2245721164052,5.2815e-05,143,"+Acid"
"196","196",6.60121826459601,2.14396418243085,-0.73266781484078,-4.52892631391588,10.6949647808112,4.2617e-05,144,"+Acid"
"197","197",6.26433652932063,3.43853647611173,-1.39485589405748,-1.58626824827806,12.3525709051907,5.0517e-05,145,"+Acid"
"198","198",11.4057499468327,0.0668971836566925,-0.383725196123123,-4.11960186064243,27.5257076944827,7.5536e-05,146,"+Acid"
"199","199",10.0438453771384,3.85824490571395,-1.60564194759087,-2.823257788883,24.2168386588599,5.1506e-05,147,"+Acid"
"200","200",5.13208096206004,4.32451544534921,-1.64305201764038,0.681411893025488,65.6278603897251,-0.003349,148,"+Acid"
"201","201",13.2314248434326,3.14286921430717,-0.374112829642887,-5.49069925640831,38.9050304836589,0.00011009,149,"+Acid"
"202","202",4.17195704451296,3.06883107486647,-0.832638643798418,-1.22664554107469,23806.1977564901,-0.00050093,150,"+Acid"
"203","203",8.95861193537712,5.36016537249088,0.496447741985321,0.396060451865196,11751.1391285604,-0.003349,151,"+Acid"
"204","204",4.8775250870573,4.15280738558836,0.449849143519871,-2.41514495432288,14.3276969097156,8.5244e-05,152,"+Acid"
"205","205",9.57416968619975,0.453656535089019,-1.56238412032714,0.633946374594234,81.127464707101,-0.003349,153,"+Acid"
"206","206",8.01122441717712,0.780869679665101,0.353562210395043,-2.18893995546868,20.4556527457056,2.6719e-05,154,"+Acid"
"207","207",6.2636877669897,3.75726313445055,-1.400259061182,-4.48322478642968,12.8299191492758,5.2402e-05,155,"+Acid"
"208","208",13.1762824794278,0.250376897980459,-0.343379147700034,-1.71688838128466,37.2286190636515,8.5485e-05,156,"+Acid"
"209","209",12.2492389529943,2.04190921783447,-1.62316188216209,-2.15460583567619,24.6789175737034,5.0487e-05,157,"+Acid"
"210","210",13.2267889380455,0.0428216308355331,-0.701163366436958,-6.93029578030109,35.1369003944748,6.4605e-05,158,"+Acid"
"211","211",10.1926301987148,1.32711445572295,-0.371676897256838,-6.08830108499999,24.9508953136633,8.7394e-05,159,"+Acid"
"212","212",5.06366428732872,3.07949258387089,-1.32162795960903,-6.76153939962387,10.7840481109479,-6.6571e-05,160,"+Acid"
"213","213",7.57306440643857,5.29509713651468,-0.798622936359247,-1.20423453445326,21.473684712838,6.7249e-05,161,"+Acid"
"214","214",13.1588198542595,4.0108906775713,-1.293397590518,-4.55622962117195,29.1640070183314,5.3402e-05,162,"+Acid"
"215","215",12.1844158003366,2.37426650447803,-0.161956433225356,-4.54360880994896,37.1794992670638,0.00013099,163,"+Acid"
"216","216",11.4211282849216,4.48038341419173,-1.24958422312332,-3.24943788032592,28.9576976016034,5.7144e-05,164,"+Acid"
"217","217",7.40168617476707,0.895788547111738,0.28945669928794,-6.79860668219626,30.899816147104,-0.00028155,165,"+Acid"
"218","218",7.21231757709897,1.52631473576184,-1.04831439278154,-6.25205972807435,12.0282850721293,3.4436e-05,166,"+Acid"
"219","219",8.2175929416728,3.96758346611406,-1.37666751253515,-4.17294237216681,20.472495793957,5.4257e-05,167,"+Acid"
"220","220",7.6391524579376,5.464893899858,-0.0114699469413608,-1.532496656687,22.5081329662268,0.00012928,168,"+Acid"
"221","221",13.3364832550287,0.737952917814255,0.412683561444283,-1.93914933502674,41.823288097042,0.00020609,169,"+Acid"
"222","222",10.6494687085918,4.30343783611207,0.395301535187725,-1.77499045476986,35.5843783168943,0.00024427,170,"+Acid"
"223","223",4.03232468957607,4.55330820992591,-1.32336223931862,-3.26094384872537,9.11001773346191,9.5316e-06,171,"+Acid"
"224","224",12.14631511271,0.707457914948463,-0.169294595718384,-1.48521915078163,34.2443861240955,0.00010366,172,"+Acid"
"225","225",11.1441944717834,0.551273560043164,0.483509071243477,-4.98348053984109,28.8085086296155,0.00020453,173,"+Acid"
"226","226",5.59432627353817,3.66224601339747,-0.232063574761797,-3.78791043469406,10.1621248403546,8.6737e-05,174,"+Acid"
"227","227",13.2559870643901,0.0372319250044847,-1.71602287369166,-3.35826607059765,27.7332253962681,4.0219e-05,175,"+Acid"
"228","228",13.4252973402617,5.25314334651921,-0.0660100985551253,-1.89298156176228,41.2389106636849,0.00015741,176,"+Acid"
"229","229",8.6768399846627,0.0174112181412056,-1.01623168669175,-6.37582003272157,15.0069843767759,3.3067e-05,177,"+Acid"
"230","230",13.4179617998889,4.1066076947609,-1.38261769944802,-3.09932321957313,27.0755678953802,5.1596e-05,178,"+Acid"
"231","231",13.3785671427613,2.82097108184826,-1.95584688556846,-1.85092275149655,352.9193689278,-0.0012499,179,"+Acid"
"232","232",12.4235557531938,1.08120001398493,-1.79578779719304,-3.38017460233532,5759.74373341217,-0.00031431,180,"+Acid"
"233","233",8.81548157119535,2.22827529548628,-1.63930416767176,-4.48121040822686,23.0473817366479,5.111e-05,181,"+Acid"
"234","234",10.9575193077326,1.94185231626034,-0.182375729084015,-6.84709499776363,30.854864997317,0.00010714,182,"+Acid"
"235","235",6.43395506679077,4.57143494711852,-0.383955783107247,-0.509298830706243,19.8869646267655,8.6252e-05,183,"+Acid"
"236","236",9.33240373744738,1.33418327620093,-0.819594437694017,-0.375743192047184,29.6533019176306,6.3331e-05,184,"+Acid"
"237","237",6.40561543405056,2.99793171882629,0.157989352941513,-5.20235714316368,12.1253090281735,0.00012846,185,"+Acid"
"238","238",4.81032299346322,3.26014537070079,-1.57255158875298,-2.00056968867594,235.824777256624,-0.00020203,186,"+Acid"
"239","239",9.38115693164193,0.0330187247600406,-0.268066924895643,-3.66839384480627,17.7364726161925,7.5831e-05,187,"+Acid"
"240","240",13.4442853155779,4.5057756400245,-0.323862916829209,-4.76073374971218,39.5323959554324,0.0001151,188,"+Acid"
"241","241",12.1373183726636,3.45035345246851,-1.56391888297447,-2.79860333660971,24.5362781983528,5.0862e-05,189,"+Acid"
"242","242",7.93771238083475,0.0462258376646787,-0.138081827598385,-1.1083329917246,31.9898212933553,-4.4899e-05,190,"+Acid"
"243","243",10.7203484536057,3.65622578494437,-0.224902695115719,-4.36514036615033,32.8266324097736,0.00012068,191,"+Acid"
"244","244",11.0848312450107,1.32068753079511,0.407296001911163,-0.842289565014653,33.9126486780798,0.00019854,192,"+Acid"
"245","245",12.7520495481736,2.91324791793304,-1.38676711417303,-6.54570061934646,26.9432025058787,5.1766e-05,193,"+Acid"
"246","246",12.3645576803461,0.897980371773773,-1.14864679450264,-1.19752601869404,31.6688435551675,5.6685e-05,194,"+Acid"
"247","247",7.62976117432117,0.376153916120529,0.357556059956551,-4.29192028939724,2477.93621773127,-0.00078937,195,"+Acid"
"248","248",6.96777235304153,2.61350397081012,-1.41730943286042,-5.73256235281952,13.7033036135812,4.8547e-05,196,"+Acid"
"249","249",2.16615614295006,0.630172833800316,-1.91986705362797,-3.51139360666275,26.9961886649142,-0.0034295,197,"+Acid"
"250","250",9.18589422898367,0.643327459227294,0.342417053878307,-0.531639523664489,28.8512757130058,0.00016723,198,"+Acid"
"251","251",8.269492339355,0.243699083843546,0.486885380351336,-6.77850853058044,31.8990065305365,-0.00024562,199,"+Acid"
"252","252",10.5074457228184,2.19399408996105,0.458400160074234,-0.618281662464142,36.0804369455846,0.00021165,200,"+Acid"
"253","253",4.30173037946224,0.369355380535126,-0.42090068757534,-5.6133229136467,886.403857662229,-0.0052836,201,"+Acid"
"254","254",3.03242622631751,2.16467933384963,0.327755223023341,-4.89214952892055,4725.92325995287,-0.012171,202,"+Acid"
"255","255",5.27572025358677,0.0677848160266876,0.139870673418045,-1.34120996296406,4045.62925693473,-0.0075255,203,"+Acid"
"256","256",3.48216309613618,2.01757729688844,0.181110021774657,-4.24075645494041,3363.06990996952,-0.010171,204,"+Acid"
"257","257",4.34265138208866,0.127901434898376,-1.94278493523598,-2.58074581623077,26.8959507597418,-0.0033831,205,"+Acid"
"258","258",2.06622608576436,3.97461575010472,-1.94703430625864,0.197690805506285,76.6379085317518,-0.0032738,206,"+Acid"
"259","259",3.55116183974314,0.038595745456405,-1.25525161554106,-2.55752642152365,132.04124692929,-0.0036114,207,"+Acid"
"260","260",9.24215225875378,5.25255946815014,-1.21024921536446,0.622156351804733,183.834885920281,-0.003349,208,"+Acid"
"261","261",5.71114821793094,0.103086808229904,-0.792974650686977,-3.42098732151735,402.0321866803,-0.0035116,209,"+Acid"
"262","262",2.40952363610268,2.14300924539566,-1.88438203930855,-0.655456438660622,44.8945363374673,-0.0033887,210,"+Acid"
"263","263",3.8393148267065,0.234855677350424,-1.6350733742136,-6.83878261759259,54.7226948348021,-0.0034709,211,"+Acid"
"264","264",2.14638648892287,0.382945804507472,-0.971978176268749,-5.89466483388096,248.082278577102,-0.003951,212,"+Acid"
"265","265",4.91518985599276,2.35433550113854,0.384614393813536,-2.07205653734682,8667.15531713274,-0.0035386,213,"+Acid"
"266","266",2.28720057130062,2.56878304821257,-0.126276578825777,-5.99834120860004,1727.27460643603,-0.0074179,214,"+Acid"
"267","267",2.64378291589674,0.0390258051920682,-0.842399936984293,0.380320796393789,542.950859247109,-0.0033703,215,"+Acid"
"268","268",12.6503041551914,4.45154848264065,-0.900375723605976,0.23487669264432,1729719.59801921,-0.00042562,216,"+Acid"
"269","269",7.63373486775762,4.61240943745936,-1.94907360119202,0.32484531873741,49.2054570500408,-0.0033481,217,"+Acid"
"270","270",11.8778657969087,2.46748154878151,-1.59869577549398,0.259475109912455,222.13714466872,-0.0030148,218,"+Acid"
"271","271",2.76189763044475,0.0448453041026369,-0.257113834548976,-3.48806864532416,1315.88054413417,-0.0056692,219,"+Acid"
"272","272",3.27196742594242,1.60007140040398,0.43396732211113,-5.87818968296051,6257.2898304789,-0.01372,220,"+Acid"
"273","273",3.50369728836693,1.60702233056889,-1.88506148326304,-3.86292867493439,33.0494579826695,-0.003296,221,"+Acid"
"274","274",2.62219926714897,1.76179613173008,-1.39413526654243,-6.96004176139832,95.3199986575817,-0.0036137,222,"+Acid"
"275","275",3.68330360914331,0.992110149547529,-1.77970688698466,-1.51736373986484,43.0976758711263,-0.0033981,223,"+Acid"
"276","276",4.33966882526875,0.257127806544304,-1.65878039598465,-0.0355712622404099,221.104331987822,-0.0033895,224,"+Acid"
"277","277",2.54113975167274,2.10976728796959,-1.99808904528618,-5.78018276393414,24.7841668680651,-0.0033754,225,"+Acid"
"278","278",6.09830238563786,1.81969082989877,-1.86962407446851,-0.463865450377147,487.828974264782,-0.0013522,226,"+Acid"
"279","279",2.87873266787169,4.01527513400109,0.00855454679813723,-2.78950864891286,2950.154227132,-0.0033432,227,"+Acid"
"280","280",2.19539980590343,2.85488050477579,-1.67523454746697,-3.28440613693092,53.2882765320976,-0.0033762,228,"+Acid"
"281","281",3.63679089169191,1.04970670597855,-1.61287411355275,-5.28385771324669,59.9774991588978,-0.0034719,229,"+Acid"
"282","282",10.4373678877026,5.30682950886332,-1.86056323603638,0.0449147348757837,478.474143752986,-0.0021896,230,"+Acid"
"283","283",11.0296624153852,3.52013085782528,0.237383529543877,0.576215475797653,5315.30384510613,-0.003349,231,"+Acid"
"284","284",2.05716016888618,1.88087137043476,-1.44021940231323,-3.12242612242699,86.0700481196286,-0.0035963,232,"+Acid"
"285","285",4.29611568398338,4.76019530465135,-1.89534788318578,0.633188217319549,37.7002612560298,-0.0033491,233,"+Acid"
"286","286",5.17003700518654,0.135780815487675,0.324680711118927,-6.79470890312778,4601.48514349066,-0.01041,234,"+Acid"
"287","287",13.0576372969663,1.6452717240144,-1.65589945059977,0.570471011549764,68.2473450261371,-0.003349,235,"+Acid"
"288","288",7.79600562155247,2.87875624001026,-1.85308884084225,0.307073369622231,65.2377513330813,-0.0033475,236,"+Acid"
"289","289",5.28000489980498,1.86394845561315,-0.0938589460673295,-6.85976163043395,5660.39866907131,-0.0018633,237,"+Acid"
"290","290",6.0260543525219,0.0946675986051559,-1.51162071526051,-6.2491409778595,97.48144371727,-0.0024172,238,"+Acid"
"291","291",5.03448442195076,0.707761547295377,-1.99222297861706,-3.08085631865542,27.7098680526736,-0.002939,239,"+Acid"
"292","292",2.91127410211282,1.59397527899011,-1.80138083074897,0.52172019578892,50.562705384321,-0.0033529,240,"+Acid"
"293","293",8.06548594584729,4.17103045310136,-1.44266606316591,0.671284928192676,104.656621010953,-0.003349,241,"+Acid"
"294","294",2.94893694960047,2.4872061831411,-1.97072245168965,-2.09036878198385,28.1933672072126,-0.0031406,242,"+Acid"
"295","295",7.54165612044787,1.40057766451687,-1.88134386220828,0.553288482734934,41.1522335305397,-0.003349,243,"+Acid"
"296","296",2.02339795231819,1.96272907895036,-1.54828893649392,-5.69032779352274,66.9940339898578,-0.0035422,244,"+Acid"
"297","297",2.44550373497036,0.0178123295691068,-1.59806786407601,-5.45767387619112,55.319007570609,-0.003476,245,"+Acid"
"298","298",9.72258557379246,0.565319940447807,-1.99059955775738,0.173261418938637,148.792571026037,-0.002879,246,"+Acid"
"299","299",3.69341140578035,0.0131313506281003,-1.86767043417785,0.0354401273652911,85.6017730165645,-0.0033752,247,"+Acid"
"300","300",11.9720845555679,1.72159072952642,-0.501163632872783,0.516654789592524,1019.06629448923,-0.003349,248,"+Acid"
"301","301",5.89327864521739,4.06332731756094,-1.99148078262806,0.00955391683060944,287.18713411638,-0.0024201,249,"+Acid"
"302","302",5.51788914983196,0.0666483223243421,-1.68408781057732,-3.89603960480308,54.8430517986635,-0.0030354,250,"+Acid"
"303","303",3.52683313571732,1.70631854566324,-0.0711739292493485,-4.20897837783815,1886.25099763865,-0.0077664,251,"+Acid"
"304","304",4.95442896235992,0.00507822004146874,-1.11022833182777,-6.4699697738422,189.065656337636,-0.0036484,252,"+Acid"
"305","305",6.66550381839926,0.200676870440864,0.451587985974347,0.577172943624633,8698.18880086831,-0.003349,253,"+Acid"
"306","306",6.41349428310059,4.758666321286,0.311969642178155,0.693873994704336,5880.30226043969,-0.003349,254,"+Acid"
"307","307",9.67311404651857,3.32122766418297,-0.76470446793935,0.248402095094311,58233.2364035927,-0.00028975,255,"+Acid"
"308","308",3.88081447631397,0.780293814397767,-0.473968766732061,-1.18621106595152,978.743378514044,-0.0051349,256,"+Acid"
"309","309",4.28634425729979,0.375978863681667,0.0277310133678839,-6.77523156132083,2489.38555946298,-0.0080019,257,"+Acid"
"310","310",8.64212044433225,4.99573550873902,-1.71924109151587,0.451527815568261,66.0892470165072,-0.0033489,258,"+Acid"
"311","311",2.31605969369411,0.25346964597702,0.425753369927406,-4.21709457039833,6355.4590577517,-0.012114,259,"+Acid"
"312","312",4.17287716633926,1.41130188087113,-0.156521545511538,-1.35374471857212,2064.39261704045,-0.0060833,260,"+Acid"
"313","313",12.7708455856191,0.0413129006046802,-1.58344981481787,-0.045356557378545,44251.2376383029,-0.00061246,261,"+Acid"
"314","314",2.25795990228653,3.8451207280159,-1.49157091975212,-1.98716060817242,101.977289055299,-0.0025306,262,"+Acid"
"315","315",4.1490379536354,1.96861515597218,-1.90376998634727,-6.01460033290117,38.0479103412764,-0.0026276,263,"+Acid"
"316","316",4.18077093776832,0.298187983730191,-0.586011575602564,-3.62902790155487,610.860060302484,-0.00468,264,"+Acid"
"317","317",2.2657331961175,1.53912959552601,-1.70057094903342,-2.17368043590076,47.3727594187772,-0.0034839,265,"+Acid"
"318","318",2.29763653874397,3.3711583763361,-1.48370209336281,-5.62453259527683,88.3311694564405,-0.0030854,266,"+Acid"
"319","319",2.75198915561216,3.54393012822422,-1.88507862942896,-3.08337122739812,43.3285453315736,-0.0024435,267,"+Acid"
"320","320",2.98934227228165,2.49372336268425,-1.80959513783455,-6.71009141206741,40.753561891963,-0.0031368,268,"+Acid"
"321","321",13.1829737126827,2.1097487360239,-1.26678837835789,0.072029322385788,116.143037345926,4.9921e-05,269,"+Acid"
"322","322",2.70913218187259,2.09066849341092,0.370993603967106,-4.67017219448462,5442.29926892944,-0.01282,270,"+Acid"
"323","323",2.9147817537887,0.520292545552365,-1.82503933948465,-6.9378881000448,34.8430462708309,-0.0034423,271,"+Acid"
"324","324",7.32555839920224,2.94601147617208,-1.32979709080939,0.633203525476101,138.659380792202,-0.003349,272,"+Acid"
"325","325",6.77013670126192,5.12890463898762,-1.62647627786985,0.63965740288073,69.7599570336032,-0.003349,273,"+Acid"
"326","326",4.90109037584625,0.795742613147013,-0.00107358489185572,-2.47536809032317,2247.8832632194,-0.0077019,274,"+Acid"
"327","327",2.34469749312848,0.56934868299868,-1.13770091661718,-2.63043767432682,171.374602955576,-0.0037883,275,"+Acid"
"328","328",8.15699627995491,5.28602105379105,-1.77571333944798,-0.965638756752014,3491.21758331452,-0.00026955,276,"+Acid"
"329","329",3.89939200179651,4.21624819061253,-1.99967097537592,0.0607618374051526,190.413225322969,-0.0026015,277,"+Acid"
"330","330",2.33466804178232,0.123774854042404,-1.48804476793744,-2.72257605133498,72.3840666480622,-0.0035208,278,"+Acid"
"331","331",2.12790850701276,0.0399555453332141,-1.72156238975003,-1.98579342158046,40.5303454872943,-0.0034534,279,"+Acid"
"332","332",3.16406448185444,0.143941983580589,-1.88761807978153,-5.30529716610909,29.7466623788599,-0.0034189,280,"+Acid"
"333","333",3.98821384494448,0.653873399627118,0.441691413208328,-5.03858503694897,6462.12540513148,-0.013223,281,"+Acid"
"334","334",2.05413672327995,4.24846670031548,-0.382825538516045,-0.0280254185199738,8000.77061198235,-0.0040575,282,"+Acid"
"335","335",8.14656888185976,5.39457047193674,-0.652964544386475,0.41364190170374,810.333616090615,-0.003349,283,"+Acid"
"336","336",2.14524433786289,1.21061506459955,-1.69738992953956,-4.67320007011194,47.0084155798563,-0.0034866,284,"+Acid"
"337","337",3.83503816805449,0.349324689762218,-1.54756991067242,-3.90660930543884,66.99803767072,-0.0035047,285,"+Acid"
"338","338",2.46192785690073,4.03422763792332,-1.33968546567485,0.681497397343628,131.733628212444,-0.0033545,286,"+Acid"
"339","339",2.04330682754517,5.03708551824093,-1.18967387080193,-0.0310093909502029,1914.72969393916,-0.0015369,287,"+Acid"
"340","340",2.03469537690534,2.13792699498624,-1.17837552342693,0.627127228861145,196.381691620908,-0.0033667,288,"+Acid"
"341","341",3.50367718522508,1.43780066675911,-1.92830321045653,-0.356461861910398,66.1944364539626,-0.0033339,289,"+Acid"
"342","342",9.18416505100442,3.82484204517535,-1.95507612565129,0.205719677521848,133.627471441352,-0.0029671,290,"+Acid"
"343","343",4.1150216674728,0.327240019105375,-1.81769405119308,-4.91301259083654,35.8219752612892,-0.0034159,291,"+Acid"
"344","344",12.3551016204422,4.99554780971264,-1.91246060187882,-1.35268551761749,682.469397913162,-0.0010352,292,"+Acid"
"345","345",6.03986098384494,0.310942260845324,-1.92946229144975,-4.32270104689294,42.5605448029836,-0.0023247,293,"+Acid"
"346","346",2.77618499042001,2.65292916540056,-1.81983687961474,-0.854254357144236,52.4715586983774,-0.0031448,294,"+Acid"
"347","347",5.77979526330418,2.95299566202713,-1.94938877411187,-5.20113208732667,289.457851762119,-0.0012588,295,"+Acid"
"348","348",6.39952902495861,1.03439219295979,-0.272018671035767,-1.69273647665977,7283.49799956529,-0.00059202,296,"+Acid"
"349","349",2.89273118832861,2.9732659051525,-1.81355957963877,0.611337758251466,46.0126298591477,-0.0033517,297,"+Acid"
"350","350",8.04807592808646,1.76238769002794,-1.44624219279125,0.543622957489707,112.95599501557,-0.003349,298,"+Acid"
"351","351",4.66497265801723,0.604489944696339,-1.92197860373124,-6.00795686062867,30.6149553836264,-0.0032178,299,"+Acid"
"352","352",4.23768659692723,1.10367573343683,-1.48757893871516,-6.46458188390825,83.3964431608868,-0.0033289,300,"+Acid"
"353","x1",3.27131986618042,1.30630049109459,-1.93688321113586,0.640132129192352,34.0718208593511,-0.00335,301,"+Acid"
"354","x11",11.8639442185361,2.7860456737682,-0.258040090391496,-1.42897323229784,36.5388482451249,0.00012137,301,"+Acid"
"355","x12",3.30047532584607,2.07447798069139,-1.68470106716268,-6.41353244675276,53.5806665081769,-0.0032316,302,"+Acid"
"356","x111",4.60196830274072,0.223058192525059,-1.99800459423568,-4.36076149109509,24.9007984242217,-0.0033326,302,"+Acid"
"357","x13",3.94253489375114,0.572256773710251,0.480073824524879,-1.51423907279968,7858.47462703371,-0.013463,303,"+Acid"
"358","x112",7.44119144004325,2.79990444831343,-0.505541833985178,-1.0338633302616,15.412953307534,7.8959e-05,303,"+Acid"
"359","x14",8.48321863345828,2.10368756142121,-1.95126831336561,-0.213364530072992,389.709616095935,-0.0018525,304,"+Acid"
"360","x113",3.05276896566915,0.526250271209822,-1.93951814190732,-2.4251791151976,26.8742551769207,-0.0034207,304,"+Acid"
"361","x15",13.4692997169914,0.062081266194582,-0.674657023511827,0.584311506222003,647.071176462664,-0.003349,305,"+Acid"
"362","x114",2.50229048728943,1.74198795855045,0.433398023247719,-2.64122198522091,6442.19721758994,-0.01373,305,"+Acid"
"363","x16",6.07579660966898,0.254917902870079,-0.988850517836645,-5.07045049164244,342.278834132215,-0.0022394,306,"+Acid"
"364","x115",6.44193371920459,3.80019913995501,-0.797427234359883,0.624219894749109,475.001196462654,-0.003349,306,"+Acid"
"365","x17",2.66448569151303,2.2263522909158,-1.78241717605135,-3.8183123295643,41.252781436025,-0.0033835,307,"+Acid"
"366","x116",3.05890657321176,1.0772754053256,-1.96101621653433,-4.72655476060144,25.7701152000969,-0.0034163,307,"+Acid"
"367","x18",3.45232723653316,1.29639391601086,0.472792536020279,-3.31491628289223,6908.96565265585,-0.014252,308,"+Acid"
"368","x117",3.58234407007694,1.68449351191521,0.496608197689056,-4.58226895332336,6882.76770708717,-0.014719,308,"+Acid"
"369","x19",4.58334303135052,3.37138362391852,-0.0608691845554858,0.426403338182718,3110.03921644784,-0.0033492,309,"+Acid"
"370","x118",2.46226578191799,1.54458259482432,-1.87843732960471,-3.49732064257871,31.2104162050244,-0.0034375,309,"+Acid"
"371","x110",4.08156630396843,1.72519798576832,-1.96358552575111,-2.84786033630371,30.0871201868134,-0.002908,310,"+Acid"
"372","x119",13.3285161403473,1.33717362140305,-0.00296350731514394,-4.85142104558181,40.6763459122424,0.00015158,310,"+Acid"
"373","x120",2.78534087538719,1.46260291337967,-1.93710695207119,-6.63554169237614,27.2537267763092,-0.0034182,311,"+Acid"
"374","x1110",12.5741073617861,1.24566432868478,-1.10838556780734,-4.68744295578073,31.8832880697206,5.8481e-05,311,"+Acid"
"375","x121",2.17780714566721,0.578765100464514,-1.58529759418063,-6.25490231347685,59.3439576894459,-0.0035126,312,"+Acid"
"376","x1111",13.2410564963939,2.10855220153462,0.354622828424908,-4.22393703951966,42.9809688619718,0.0002441,312,"+Acid"
"377","x122",2.86974998400547,5.13038153356575,-1.96878579317126,-1.73382946087199,152.580048956387,-0.0014425,313,"+Acid"
"378","x1112",4.72879817126248,4.71266243754072,-1.54643897921302,0.35973466983976,113.941330293378,-0.0033491,313,"+Acid"
"379","x123",3.0782724916935,1.27350714802742,-1.84587033092976,-6.914749994874,33.6438243943152,-0.0034313,314,"+Acid"
"380","x1113",2.14010299742222,2.98461176455021,0.260007828474045,-2.35204592347145,4351.59131371453,-0.011182,314,"+Acid"
"381","x124",4.10856296732937,3.66443577967584,-0.0805758846861306,-4.82898928202719,941.023614010262,-0.00047384,315,"+Acid"
"382","x1114",10.796661919591,1.86157914621244,-1.14198231344772,0.0856501295373454,89.8813821395578,5.2147e-05,315,"+Acid"
"383","x125",10.8648710504464,4.59650795463996,-0.32377726767333,-1.76955924055113,33.5696399096803,0.00011918,316,"+Acid"
"384","x1115",10.0172361263605,2.49929088404416,-0.693685406689885,-4.75405546043978,26.8193963567405,7.0342e-05,316,"+Acid"
"385","x126",3.81685423851013,3.01807488501072,-1.95480200648308,-4.43406623601913,53.6959279934833,-0.0020144,317,"+Acid"
"386","x1116",12.9558137965965,0.286286783113748,-0.585476597816141,-4.67402879232623,35.2989277092825,7.1109e-05,317,"+Acid"
"387","x127",11.5961628783261,2.44539448828436,-1.95755085488781,-0.0447116581955926,364.463744944441,-0.0021937,318,"+Acid"
"388","x1117",6.95888701481374,1.98265742828053,-1.60901717438339,-2.864919188869,16.1702255520445,2.0448e-06,318,"+Acid"
"389","x128",2.34859776580072,0.0515663642436266,-1.95674329880924,-4.35170027361173,23.5104961357986,-0.0034126,319,"+Acid"
"390","x1118",10.8416313954531,2.84289240220741,-1.25070029030332,-6.90840122301597,27.902583062298,5.6742e-05,319,"+Acid"
"391","x129",5.17159214615822,5.47566957771778,-1.6594800055027,-0.325392246246338,101.663064726563,-0.00014111,320,"+Acid"
"392","x1119",2.37158891558647,4.44891645014286,-1.40878765285015,-3.95327308773994,283.425005638581,-0.0013307,320,"+Acid"
"393","x130",9.54025511443615,1.66585224866867,-1.57817409932613,0.64729306101799,77.6225945232558,-0.003349,321,"+Acid"
"394","x1120",13.2478720545769,2.27605448663235,0.384057134389877,-0.198857501149178,63.2071657958092,0.00023099,321,"+Acid"
"395","x131",5.31987892091274,0.299999535083771,-1.98400308191776,0.320160880684853,46.0028053964983,-0.0033481,322,"+Acid"
"396","x1121",8.73129034238266,3.84356260909837,-1.9285035795765,-4.73780042265608,508.83816401283,-0.0011123,322,"+Acid"
"397","x132",2.71624344058063,2.36168589912059,-1.8293952515092,0.692581483838149,42.3741650912604,-0.0033519,323,"+Acid"
"398","x1122",2.06063531339169,1.00123426318169,-1.97653646767139,-6.84343764185905,24.089967011978,-0.0034236,323,"+Acid"
"399","x133",9.42873009410687,5.39008409355301,-0.534492721082643,-1.27503856478725,29.1924475050366,9.4476e-05,324,"+Acid"
"400","x1123",2.10498089890461,0.998279036604799,-1.76806964899879,0.166809904389083,67.6357855096223,-0.0034188,324,"+Acid"
"401","x134",13.4261163026094,1.04443024098873,-0.113618448376656,-6.58767332136631,40.1341141675096,0.00012975,325,"+Acid"
"402","x1124",2.12742213225041,2.75303991661249,-1.97500780089866,-4.10279770038551,26.4872639103642,-0.0033413,325,"+Acid"
"403","x135",4.11914902986919,4.41918132329157,-1.32958671960739,0.584599350369536,143.187182457962,-0.0033492,326,"+Acid"
"404","x1125",3.01631182432175,1.89846646785736,-1.98315680027008,-3.10906857252121,26.064691115438,-0.0033316,326,"+Acid"
"405","x136",4.75413234531879,1.20130708813667,-1.87395979464054,0.66097754240036,38.9814203597479,-0.003349,327,"+Acid"
"406","x1126",9.16361356314635,3.51547855469914,-0.447511445392725,-3.7907874421218,25.0340036608506,8.4147e-05,327,"+Acid"
"407","x137",2.20659822225571,0.515869826078415,-0.21004918217659,-6.81172448396683,1466.47349610138,-0.0064543,328,"+Acid"
"408","x1127",7.33384650266975,3.5261653390565,-1.75749060459656,0.566481820563786,54.1747483688587,-0.003349,328,"+Acid"
"409","x138",4.10153587763142,1.03831690048289,-1.76751093887041,-2.74106394862559,43.4568351730393,-0.0033097,329,"+Acid"
"410","x1128",3.3354345113039,0.810164600610733,-1.87543374300003,-4.07546065747738,31.41405817681,-0.0034294,329,"+Acid"
"411","x139",2.43035751023584,2.90085392399448,-1.58123400849719,0.569012786354822,80.6571564049269,-0.0033581,330,"+Acid"
"412","x1129",2.45434841292445,3.31945723679382,-1.94468747812789,-5.49763674314599,31.1858863103621,-0.0029327,330,"+Acid"
"413","x140",2.09022974967957,1.78889754414558,-0.876887083053589,-5.25038939714432,315.522348110594,-0.0042222,331,"+Acid"
"414","x1130",4.35896356403828,0.681583523750305,-1.89784051477909,-5.52628637850285,31.8489601140139,-0.0033083,331,"+Acid"
"415","x141",6.74232532691594,4.59001070471542,-1.38973663211435,0.594389472977022,123.827314511441,-0.003349,332,"+Acid"
"416","x1131",7.26316407756635,0.00160593795590103,-1.5230772274652,-3.0972621438619,2743.51038175611,-0.00065826,332,"+Acid"
"417","x142",9.25967982498015,1.25723955738558,-1.91853622064062,0.396855680993432,45.1325912011841,-0.0033488,333,"+Acid"
"418","x1132",4.34617472904688,1.60978858699771,0.399226480569321,0.0425590497306902,63893.1879800587,-0.010266,333,"+Acid"
"419","x143",5.90370662859534,5.0380464949966,-0.531960707981842,0.397143789307915,1098.73902804723,-0.003349,334,"+Acid"
"420","x1133",6.6372963432073,4.02297253268047,-1.73018479651435,-2.88903647656346,24.9125377535805,2.0335e-05,334,"+Acid"
"421","x144",12.7384378962664,5.36763109985514,-1.5395050143241,-3.63882415319514,24.6391052105891,5.092e-05,335,"+Acid"
"422","x1134",8.17085308246084,0.467059980097477,-1.90644005806257,0.352225840995626,50.5656497950063,-0.0033486,335,"+Acid"
"423","x145",2.00315210223198,3.74464869499207,-1.9659801274538,-3.86448483169079,29.5104952550477,-0.0029542,336,"+Acid"
"424","x1135",4.3051126862783,0.290731912100674,-1.89575526911227,-3.69066801310821,29.8599115117427,-0.0033856,336,"+Acid"
"425","x146",4.74009107303826,0.0849991524790943,-1.62127208466491,-4.88009703810532,59.0317248832752,-0.0034093,337,"+Acid"
"426","x1136",7.45373050574211,5.10554251878141,-1.33497984159075,-6.80992778085886,18.8370309768331,5.476e-05,337,"+Acid"
"427","x147",5.18362179467528,1.520897169224,-1.96673947402424,-6.61933864065404,47.7758402582853,-0.0021254,338,"+Acid"
"428","x1137",7.62868764863942,3.64330054683862,-0.679218788855421,-4.489709239905,17.3139827594515,7.0285e-05,338,"+Acid"
"429","x148",2.11452680826187,2.79526031017303,-1.89517599344254,-0.603713691234589,48.1351210929032,-0.0033345,339,"+Acid"
"430","x1138",5.61769089102745,5.255624756217,0.292708277702332,-1.88696181774139,13.1211291919659,0.00017713,339,"+Acid"
"431","x149",3.86363291740417,1.40401361882687,-1.81795896589756,-4.36036463081837,39.0352175314953,-0.0032486,340,"+Acid"
"432","x1139",11.0449566201498,1.23289767742474,-1.2895884465005,-3.75593225321235,26.6236696770095,5.4382e-05,340,"+Acid"
"433","x150",5.72936815023422,0.0984686762094498,-1.94214197993279,-5.79777607321739,31.7966857586395,-0.0028246,341,"+Acid"
"434","x1140",3.62376026809216,0.100446090102196,-1.83020520210266,-6.52902838587761,34.6137576469756,-0.0034241,341,"+Acid"
"435","x151",10.9931815765233,3.6573339235883,-1.68713361828122,-1.55691969350409,26.3224403835432,4.8634e-05,342,"+Acid"
"436","x1141",7.18880985677242,0.172383114695549,-0.59245690703392,-4.11098800599575,13972.5937595329,-0.00049449,342,"+Acid"
"437","x152",2.06631083326502,2.84753095970487,-1.81014038043526,-6.30986887511108,38.7638377224283,-0.0033709,343,"+Acid"
"438","x1142",3.47328376060281,0.852561483873033,-1.90344056102913,-3.55131377212174,29.4480101641594,-0.0034168,343,"+Acid"
"439","x153",3.15325363457264,0.00251479202415794,-1.75922989913893,-3.1921079349323,39.8584787974622,-0.0034333,344,"+Acid"
"440","x1143",7.80520443417809,2.01603679836792,-1.11290000048079,-0.743388644851914,18.0209245987659,5.5894e-05,344,"+Acid"
"441","x154",2.09303699096199,2.79144214454573,-1.7984375746455,-2.38556181169115,39.993906301484,-0.0033774,345,"+Acid"
"442","x1144",3.16874610983287,1.17845470782123,-1.89035622871695,-2.97161156387244,30.3913273880713,-0.0034207,345,"+Acid"
"443","x155",4.68430246582706,0.16435118918113,-1.67346212444347,-2.20577008532442,53.1967513426218,-0.0033882,346,"+Acid"
"444","x1145",2.95037098228931,2.41236957907677,-1.9708856344223,-4.10478220880032,27.6773742379339,-0.0031813,346,"+Acid"
"445","x156",10.8222444802523,0.0194958746433258,-0.949613839387894,-6.35213646292686,24.113747967019,5.6478e-05,347,"+Acid"
"446","x1146",8.65363292165012,1.4928566247119,-0.956446635833395,-6.58248394510809,17.7235320914506,6.0342e-05,347,"+Acid"
"447","x157",10.7323596467249,0.6381547192183,0.414799029278419,0.223304692847111,82.5383336490952,0.00010496,348,"+Acid"
"448","x1147",8.19605997204781,3.91549032926559,0.427319645881653,-3.71902850270271,21.4658653901781,0.00020677,348,"+Acid"
"449","x158",2.41647870757151,0.128764146589674,-1.60226380557287,0.0439277791883796,91.7905416164562,-0.003423,349,"+Acid"
"450","x1148",11.4677830636501,5.24603880941868,-0.135210171341896,0.627128779888153,2178.38780066564,-0.003349,349,"+Acid"
"451","x159",2.49235653877258,1.06647136807442,-1.81702998280525,-1.34494605660439,37.2320276459564,-0.0034471,350,"+Acid"
"452","x1149",9.70366816075495,1.995354172308,-1.78090166640578,-2.58096031991101,1299.3342488565,-0.0002132,350,"+Acid"
"453","1",2,2.75,-0.75,-3.15,414.325483723485,-0.004489,0,"+Base"
"454","2",13.5,2.75,-0.75,-3.15,36.5759588391821,7.3139e-05,0,"+Base"
"455","3",7.75,0,-0.75,-3.15,23.6057072739459,-0.00014918,0,"+Base"
"456","4",7.75,5.5,-0.75,-3.15,21.970764218626,7.042e-05,0,"+Base"
"457","5",7.75,2.75,-2,-3.15,213.782293898205,-0.0014534,0,"+Base"
"458","6",7.75,2.75,0.5,-3.15,16.3385293141826,0.00022249,0,"+Base"
"459","7",7.75,2.75,-0.75,-7,15.8574317208049,6.7345e-05,0,"+Base"
"460","8",7.75,2.75,-0.75,0.7,9.728901208372,3.1514e-05,0,"+Base"
"461","9",2,0,-2,-7,21.1200759368146,-0.0034131,0,"+Base"
"462","10",13.5,0,-2,-7,214.847447944871,-0.0014524,0,"+Base"
"463","11",2,5.5,-2,-7,83.9814746696358,-0.0017067,0,"+Base"
"464","12",13.5,5.5,-2,-7,214.847587466069,-0.0014524,0,"+Base"
"465","13",2,0,0.5,-7,7516.55783353728,-0.012191,0,"+Base"
"466","14",13.5,0,0.5,-7,40.632384817577,0.00018359,0,"+Base"
"467","15",2,5.5,0.5,-7,10246.8707089599,-0.0036056,0,"+Base"
"468","16",13.5,5.5,0.5,-7,45.0304589872741,0.00030867,0,"+Base"
"469","17",2,0,-2,0.7,14.6263859683122,-0.0053934,0,"+Base"
"470","18",13.5,0,-2,0.7,122.223303689917,-0.0014515,0,"+Base"
"471","19",2,5.5,-2,0.7,25.4639722433976,-0.0020953,0,"+Base"
"472","20",13.5,5.5,-2,0.7,122.223609363264,-0.0014515,0,"+Base"
"473","21",2,0,0.5,0.7,180.2461666253,-2.7885,0,"+Base"
"474","22",13.5,0,0.5,0.7,17.1901563754826,-6.6338e-05,0,"+Base"
"475","23",2,5.5,0.5,0.7,40.6734745519308,-0.27478,0,"+Base"
"476","24",13.5,5.5,0.5,0.7,17.1898732363331,-6.621e-05,0,"+Base"
"477","25",10.9649250799557,4.55728338274639,-1.84985046088696,0.595567278028466,2637.93028191696,-0.00067896,0,"+Base"
"478","26",5.10788208816666,3.1660269544227,-1.17214753339067,-2.80218371902592,9.67611975037169,-2.0454e-05,0,"+Base"
"479","27",4.80276892730035,0.0320743630873039,-0.91285048739519,-0.614649977954104,134.131500122433,-0.0065396,0,"+Base"
"480","28",2.00912819383666,0.208845291635953,-0.418709231773391,-3.33982648514211,893.692189262107,-0.0051845,0,"+Base"
"481","29",11.7120627904078,2.910590991145,-1.89868569246028,-1.79998019982595,859.002290393503,-0.00095239,0,"+Base"
"482","30",5.38136066624429,4.66523936623707,-0.114665901521221,-0.979436101717874,10.5576701635537,0.00010839,0,"+Base"
"483","31",2.59654018934816,2.45554977329448,-1.12455236539245,-5.54120586926583,185.154135236801,-0.0037677,0,"+Base"
"484","32",6.30835836194456,4.627021706081,0.469330314779654,-0.558134442963637,13.1244795746913,0.00020988,0,"+Base"
"485","33",2.10587322805077,4.25841421750374,-1.85760348732583,0.242416599020362,19.0766225500558,-0.0031073,0,"+Base"
"486","34",13.3028457867913,3.26630742009729,-0.299506331677549,-1.14175571133383,38.4454264584136,0.0001178,0,"+Base"
"487","35",3.83543653937522,4.93516199674923,-0.959677436505444,0.672782228956931,338.792680816789,-0.00027905,0,"+Base"
"488","36",11.9438392529264,1.28458080207929,-1.10511787456926,-4.02349412767217,30.7065867401855,5.8323e-05,0,"+Base"
"489","37",10.8861048212275,2.40796654834412,-1.74596346786711,-4.51207993139978,32.5576520424301,-1.7722e-05,0,"+Base"
"490","38",5.96185306843836,5.04611130023841,0.0370244310470298,-3.35302291733678,13.461016765882,0.0001329,0,"+Base"
"491","39",13.1383555735229,0.986783910659142,-1.24127537757158,0.0628666264703499,20.8721216941977,5.0934e-05,0,"+Base"
"492","40",3.38448029616848,0.523195687914267,-0.196721791173331,-5.6779296646826,1511.61908077916,-0.0065386,0,"+Base"
"493","41",2.59722832567059,5.17826154921204,-0.46603232959751,-1.27998093392234,472.959709421788,-0.00032453,0,"+Base"
"494","42",13.3565613115206,3.88312612194568,-1.34733943548054,-5.38215112574399,27.9250923260441,5.2215e-05,0,"+Base"
"495","43",7.14764687384013,2.662999567925,-0.935493933968246,-3.6434036452556,13.0234501151304,6.0114e-05,0,"+Base"
"496","44",12.5498553805519,0.452277859789319,0.462157280533575,-3.31352475932799,36.7162823039729,0.00019729,0,"+Base"
"497","45",11.953449181281,2.74757358513307,-0.00444521417375654,-1.86070725992322,37.1024450617557,0.0001562,0,"+Base"
"498","46",6.16318473732099,2.21582438319456,-1.02307321492117,-6.96469844565727,10.3281230250712,3.2479e-06,0,"+Base"
"499","47",12.2940333220176,5.41620596172288,-1.3585055769654,-2.86960626067594,27.5350595600268,5.3009e-05,0,"+Base"
"500","48",8.1681771192234,3.60188396985177,0.12584033200983,0.0249803946120668,15.9067973572978,0.0001341,0,"+Base"
"501","49",4.35210434987675,4.12044426344801,-1.0692978980951,-1.0714482902782,8.76779248340579,3.6694e-06,0,"+Base"
"502","50",7.2632974977605,5.40504489000887,0.0831023290520534,-4.2962169484701,20.2459186618892,0.0001408,0,"+Base"
"503","51",13.3317209590459,3.45120095775928,0.175054753897712,-6.41831546400208,42.3193794967293,0.0002102,0,"+Base"
"504","52",5.06133806623984,2.7985129164299,-1.05862852057908,-2.10358828925528,13.3833337620478,-0.00012633,0,"+Base"
"505","53",13.5,2.75067446843746,-2,0.7,122.2236088215,-0.0014515,1,"+Base"
"506","54",13.5,0,-2,-1.98877940378655,212.918803636806,-0.0014519,2,"+Base"
"507","55",10.9451399380362,0,-2,0.7,122.113347163386,-0.0014517,3,"+Base"
"508","56",13.5,5.5,-2,-1.63665123682143,210.639748758113,-0.0014515,4,"+Base"
"509","57",9.39884746881092,1.81627297081746,-2,0.7,122.141926571943,-0.0014517,5,"+Base"
"510","58",13.5,1.79472545811028,-2,-0.996377978909899,199.316231364411,-0.0014504,6,"+Base"
"511","59",13.5,3.74213373982483,-2,-3.26760496079958,214.743748929255,-0.0014524,7,"+Base"
"512","60",12.0062875349295,1.53608890170639,-2,0.7,122.223278783101,-0.0014515,8,"+Base"
"513","61",7.909837756479,3.46960432402525,-2,0.7,121.572218921523,-0.0014537,9,"+Base"
"514","62",8.35553312799635,0,-2,0.7,86.6763458810939,-0.0015289,10,"+Base"
"515","63",13.5,3.98521467325207,-2,-0.539695366835814,181.69537479306,-0.0014498,11,"+Base"
"516","64",13.5,1.20812512245912,-2,-3.80699466512716,214.817576175197,-0.0014524,12,"+Base"
"517","65",11.782818847107,0,-2,-0.965431724052,198.398329372126,-0.0014503,13,"+Base"
"518","66",13.5,3.91575934599376,-0.698484645627273,0.7,14.9779590293294,3.7161e-05,14,"+Base"
"519","67",13.5,1.61894235006445,-0.566175283979539,0.7,15.0793312455819,3.3785e-05,15,"+Base"
"520","68",8.24524007726435,5.5,-2,0.7,121.945685369063,-0.0014525,16,"+Base"
"521","69",9.62942229800547,1.29864715471428e-10,-2,-0.931953414814178,196.342689636908,-0.0014515,17,"+Base"
"522","70",13.5,0,-0.632447769718436,0.7,15.021604767158,3.5595e-05,18,"+Base"
"523","71",7.0035189369384,1.50218560846547,-2,0.7,84.4619511521105,-0.0015374,19,"+Base"
"524","72",13.5,5.5,-0.581946258919307,0.7,15.0636088318152,3.4244e-05,20,"+Base"
"525","73",13.5,5.5,-2,-4.01959452537737,214.829203261409,-0.0014524,21,"+Base"
"526","74",11.9567492421174,0,-1.99999999997386,-3.36317998910147,214.759322653049,-0.0014524,22,"+Base"
"527","75",6.2118563975693,4.64636424107336,-2,0.7,115.326612529877,-0.0014691,23,"+Base"
"528","76",8.95303170562546,2.83803574507317,-2,-0.681356171774109,188.051772531959,-0.00145,24,"+Base"
"529","77",12.0575654922663,0,-0.807955367896416,0.7,14.9202205598494,3.909e-05,25,"+Base"
"530","78",11.5953456463317,5.5,-2,-2.33922044663307,213.975134919818,-0.0014522,26,"+Base"
"531","79",5.77390510846841,0,-2,0.7,12.7692045197648,-0.0045711,27,"+Base"
"532","80",13.5,1.31951101107058,-2,0.7,122.223594717229,-0.0014515,28,"+Base"
"533","81",13.5,2.33702918519,-0.748751579694676,-1.93121242139839,36.4201086449441,7.3018e-05,29,"+Base"
"534","82",12.4065059317679,2.5914909395627,-0.592529847463281,0.7,15.0534951270267,3.4588e-05,30,"+Base"
"535","83",11.9954824470349,2.05678410758043,-1.99999999471056,-4.2103460557656,214.835672444245,-0.0014524,31,"+Base"
"536","84",13.5,0,-0.887555892965454,-0.66919565265148,31.7578038044709,5.8616e-05,32,"+Base"
"537","85",10.557315620746,1.66813787672726,-2,-0.425081373843055,175.933308723254,-0.0014497,33,"+Base"
"538","86",8.06975780209507,0,-2,-2.63590174319254,181.323365241259,-0.0014945,34,"+Base"
"539","87",13.491891808454,3.05191740576623,-1.98493001077287,-5.29732839215475,250.176677501662,-0.0013853,35,"+Base"
"540","88",12.6347905599645,0.840458571537731,-0.493555595022253,-3.00734554017011,35.595201282389,8.1939e-05,36,"+Base"
"541","89",5.89656760284855,2.71072621828984,-2,0.7,85.3441518934125,-0.0015491,37,"+Base"
"542","90",13.5,2.91534323732489,0.0297449837919795,0.7,16.1770543779739,-1.1039e-06,38,"+Base"
"543","91",6.15212675996002,4.52546291510231,-0.427746077131442,-0.617559388404115,11.8371226979071,8.3136e-05,39,"+Base"
"544","92",4.43144015913695,0,-2,0.7,14.5227921127222,-0.0053455,40,"+Base"
"545","93",5.07538044893735,3.93351931999919,-2,-0.91325778714522,151.757201365468,-0.0014798,41,"+Base"
"546","94",13.5,0,-2,-0.530317450555233,181.243445483752,-0.0014498,42,"+Base"
"547","95",12.6003043817151,1.09349031839413,-0.495213590098922,-0.413469245719306,31.5383718269149,8.0182e-05,43,"+Base"
"548","96",12.6988906667228,0.820448343987641,-0.157010856542398,0.7,15.7422496202861,1.441e-05,44,"+Base"
"549","97",13.5,2.47510088253375,-0.62864416486157,-0.320774731239508,31.5572837073048,7.4181e-05,45,"+Base"
"550","98",9.64546598120824,0,-2,0.7,120.043461460456,-0.0014556,46,"+Base"
"551","99",7.03469726055571,0,-2,0.7,9.27549196358341,-0.0024455,47,"+Base"
"552","100",13.5,0,-2,-4.81223077743673,214.844500019023,-0.0014524,48,"+Base"
"553","101",10.8292136714182,1.40067002076589,-2,-3.51760898476582,214.785915202506,-0.0014524,49,"+Base"
"554","102",8.54087718042541,3.37346136294688,-0.581316813438453,0.7,11.8860701567839,4.4415e-05,50,"+Base"
"555","103",5.09909193546999,0,-2,-0.394167616227236,16.1847371775237,-0.0035359,51,"+Base"
"556","104",7.94106689625197,1.02193174315283,-2,-0.445244704348802,171.385377699766,-0.0014571,52,"+Base"
"557","105",13.5,2.27290707201986,-2,-2.63578911360464,214.404558527379,-0.0014523,53,"+Base"
"558","106",12.2698375888002,0,-2,0.7,122.218388171636,-0.0014515,54,"+Base"
"559","107",13.5,4.72595276053104,-0.168222883651096,-0.0989214958193861,30.7144403957344,0.00011257,55,"+Base"
"560","108",2.69878577699717,4.69026406029511,-1.99759392024617,0.7,22.1657161911551,-0.0021988,56,"+Base"
"561","109",9.13482675864192,5.5,-2,-1.04815414914165,200.717941284838,-0.0014505,57,"+Base"
"562","110",11.2995010538093,1.16592573961628,-0.724314003651797,0.7,14.9319242751239,3.8062e-05,58,"+Base"
"563","111",8.15112106278536,2.27442850227833,-2,0.7,121.462303127667,-0.0014535,59,"+Base"
"564","112",12.5249852551429,2.39406584677846,-0.265461031289261,-1.17232808772552,36.9624229468618,0.0001208,60,"+Base"
"565","113",5.11921888199816,1.13635153317116,-2,0.7,12.4498999573967,-0.0037459,61,"+Base"
"566","114",13.4999999999731,0.776895460675185,-0.222008744977799,-0.154211944758993,30.9567197143294,9.3988e-05,62,"+Base"
"567","115",13.5,5.5,-0.809427142099387,-0.571236587233673,32.5787298620773,6.6552e-05,63,"+Base"
"568","116",13.4987870109444,3.98212274647263,-2,0.7,122.223609327346,-0.0014515,64,"+Base"
"569","117",5.17526399121963,3.41233314666869,-1.31308111294198,-2.00852695775095,9.31830552410429,9.9714e-06,65,"+Base"
"570","118",13.4999999981902,1.01798202603416,-0.739716418776943,-1.30420424480343,35.8285583227482,7.1313e-05,66,"+Base"
"571","119",4.50133904373221,3.98929639978216,-2,0.7,78.7246381804573,-0.0015766,67,"+Base"
"572","120",10.4592508611424,1.14825467362554,-2,0.697437046765085,122.277695585237,-0.0014516,68,"+Base"
"573","121",7.64856717494193,2.71250037618673,-0.50508245282976,-3.09076106404685,15.0758150318223,7.9045e-05,69,"+Base"
"574","122",10.6349020149313,5.50807943382279e-10,-1.99999999998587,-2.13901339192551,213.369997994697,-0.0014522,70,"+Base"
"575","123",10.9217840956771,0,-0.417395405061711,0.7,15.0528368544153,2.2975e-05,71,"+Base"
"576","124",7.02001560459143,5.18970315604075,-0.287489384263898,-3.57242941031334,18.2038567568517,9.5746e-05,72,"+Base"
"577","125",7.87142779475028,3.64957063527419,-0.648218297017113,0.117129053926354,13.9815567061525,6.788e-05,73,"+Base"
"578","126",11.8894205424397,1.84892736620108,-0.164039419314294,0.699999982270874,15.7181199650802,1.5089e-05,74,"+Base"
"579","127",11.8680419897319,0,0.117637799301968,0.7,16.3696128715005,-1.3172e-05,75,"+Base"
"580","128",6.41646808933024,0,-2,-0.252498714227016,19.235143261489,-0.0024776,76,"+Base"
"581","129",13.5,4.3539368855558,0.23667163623043,0.7,16.6818137350636,-2.501e-05,77,"+Base"
"582","130",13.5,3.50763795395894,-0.815030524302091,-2.13381872653928,35.9147273514352,6.9212e-05,78,"+Base"
"583","131",3.05415625164614,0,-2,0.7,14.6223881462123,-0.0053915,79,"+Base"
"584","132",12.8171345099284,2.72218344078426,-0.272106180340649,-2.21410135500691,38.5352061864269,0.00012432,80,"+Base"
"585","133",10.5317464912802,2.09109724816503,-0.660082434183939,0.7,14.8370087005201,3.8691e-05,81,"+Base"
"586","134",12.2875617630264,1.939816044786,-0.944829377669307,-0.0669168344240115,24.6413446620759,5.7706e-05,82,"+Base"
"587","135",13.5,1.41697438322572,0.494540992971283,0.7,17.1827816154961,-6.5256e-05,83,"+Base"
"588","136",12.6532842719919,1.87933365374305e-05,-0.379307565441265,-0.0774518735392153,25.926623198852,6.4006e-05,84,"+Base"
"589","137",13.5,4.38604230982121,-0.760837192403141,-1.20064379314567,35.6177654175409,7.1731e-05,85,"+Base"
"590","138",11.4979496779359,2.18420065244143,-0.957578363585786,0.699999694174371,14.9223097607339,4.1397e-05,86,"+Base"
"591","139",6.98201971764041,5.5,-2,0.7,118.852095599679,-0.0014614,87,"+Base"
"592","140",6.22876939245069,0.810855523638674,-2,0.7,13.8214782196876,-0.0025468,88,"+Base"
"593","141",3.88578983030079,0.937690936240111,-1.99674096777946,0.7,14.4740537950915,-0.0052175,89,"+Base"
"594","142",5.29088456129212,2.89281456730611,-1.99221939426971,-2.40123222905476,149.076272082406,-0.0014995,90,"+Base"
"595","143",13.0328672993637,0.188258155413461,-0.0483567829202631,-2.90597119414393,36.995768824228,0.00010755,91,"+Base"
"596","144",12.5927488891874,4.91856745653982,-2,-2.92255453982149,214.61807484586,-0.0014524,92,"+Base"
"597","145",12.6224058051452,3.25139840504407,-0.31204098261781,-0.201859650938193,30.8595576176589,0.00010633,93,"+Base"
"598","146",4.48595669531234,2.14590442542028,-2,0.7,13.2371961740445,-0.0031716,94,"+Base"
"599","147",12.6588633455626,5.5,-0.0895029973649709,0.7,15.8927590163858,9.4247e-06,95,"+Base"
"600","148",2.00005076497057,4.64233732102433,-2,0.7,13.2996877338625,-0.0031569,96,"+Base"
"601","149",13.5,3.60270180724677,-0.627469720785779,-0.343622447617697,31.8519501335256,7.4775e-05,97,"+Base"
"602","150",13.5,0,-0.179613515831171,-1.34282471963485,37.5156684103106,9.1832e-05,98,"+Base"
"603","151",12.547223854914,0.447634903760775,-0.584241927635272,-1.67751375603042,33.7945498765056,7.1527e-05,99,"+Base"
"604","152",9.34021892216318,2.58365762386696,-0.832282511432007,0.7,13.6703287568918,4.544e-05,100,"+Base"
"605","153",2.12055622122716,2.60870501131285,-1.64178557565901,-6.30214763574768,56.3438877321942,-0.0034608,101,"+Base"
"606","154",3.66131658167973,0.133028745866676,-1.28952692234551,-6.07330088358916,121.653126410613,-0.0036076,102,"+Base"
"607","155",8.66655384004116,3.50633271038532,0.113763928413391,-6.63619400560856,22.6612290957328,0.00014491,103,"+Base"
"608","156",2.26278052455746,1.69281295884866,-0.694440469844267,-6.77372419820167,480.151945403748,-0.0046421,104,"+Base"
"609","157",11.2131664879814,5.36713905972663,0.4809809583344,-3.45741591274273,38.2507671724227,0.00030253,105,"+Base"
"610","158",4.87863651049358,3.45407051389486,0.417758098980027,-6.3806909409635,33.0268353978169,-0.00040356,106,"+Base"
"611","159",6.52826190646091,0.952206698242645,-0.206858080064114,-5.96535607491339,22629.8173849947,-0.00073807,107,"+Base"
"612","160",2.22883047163486,0.988311961293221,-1.01796214282513,-0.220369458198547,73.6866997623463,-0.01042,108,"+Base"
"613","161",2.76758666683342,5.25722549039057,-1.36616106374861,-5.64616726237097,12.0394706625384,-0.00011363,109,"+Base"
"614","162",8.5081966817379,5.4147056043148,-1.68951521813869,-5.38943074643612,24.9595869680768,4.9464e-05,110,"+Base"
"615","163",7.14073502705456,0.154116063434217,0.174902263427554,-4.65441790872479,6720.22015286162,-0.0022168,111,"+Base"
"616","164",10.3355727577582,0.419318264001049,-0.425296183559112,-6.95107092312537,23.1060279617098,7.8379e-05,112,"+Base"
"617","165",5.76381911337376,2.0127972215414,-1.83246622979641,-6.8169487118721,480.055602358423,-0.00098489,113,"+Base"
"618","166",13.4879323095083,5.06080639362335,-0.705335482954979,-6.04052111506462,36.9618864935248,7.6258e-05,114,"+Base"
"619","167",8.34089824438736,5.19917524442451,-1.37797419418463,0.0879622580311853,16.4866982738865,5.3506e-05,115,"+Base"
"620","168",7.20957755254494,5.47618378011975,-1.95730359658509,-6.85719224326334,337.570207943749,-0.0012592,116,"+Base"
"621","169",4.58182197662538,5.27455304779606,0.486713846890784,-6.82995733197313,11.7509368219153,0.00020372,117,"+Base"
"622","170",5.9204954162936,5.11192978406325,-0.97218034030814,-6.80633490886579,13.5026307870589,6.0705e-05,118,"+Base"
"623","171",2.75777994096279,4.38850396871567,-1.14642548561096,-0.607901439070702,596.324490857902,-0.0010282,119,"+Base"
"624","172",10.136163527361,0.742616629422568,-1.353557385748,-6.87582087835763,23.0496279974724,5.3282e-05,120,"+Base"
"625","173",11.5674452077365,4.66272778715938,0.125184261240065,-6.48146432610229,37.3111474957572,0.00019998,121,"+Base"
"626","174",11.833238326828,5.12897882668767,-1.13165655510966,-5.7825715665007,31.0188630557049,6.0292e-05,122,"+Base"
"627","175",11.0217878466739,4.78151504094993,0.459700961685932,-5.56697352146571,37.4198284839653,0.00028701,123,"+Base"
"628","176",12.9050039979629,1.21841054607648,-0.965127494302578,-5.72191010480747,33.9113111464139,6.289e-05,124,"+Base"
"629","177",5.69230719165037,0.197975611168665,-0.660254894620174,-6.78772777280226,534.919025227557,-0.0037216,125,"+Base"
"630","178",11.2773471359463,1.28654931168377,0.437930875650533,0.242644319351968,22.0471214350187,0.00013798,126,"+Base"
"631","179",2.46046118438244,0.149303078651428,-1.19885398447514,-2.56268282234669,145.108473245313,-0.0036756,127,"+Base"
"632","180",13.3834644155577,1.03976826509461,-0.0558564560487866,-5.73630353307817,40.2708670987089,0.00013682,128,"+Base"
"633","181",11.5851403176785,0.398102924227715,-1.94895535707474,-6.13501738011837,380.92359495699,-0.0012153,129,"+Base"
"634","182",11.1157294315078,5.07386385079008,-0.981303518674678,-1.32531306337392,30.5022592781648,6.5934e-05,130,"+Base"
"635","183",13.4722590148449,4.86316168308258,-1.52797931432724,-0.00383806228637695,20.3661781643449,5.0186e-05,131,"+Base"
"636","184",12.5881505194861,3.10184076909314,-0.940230383600161,-6.90104324218037,34.0224485043816,6.6596e-05,132,"+Base"
"637","185",11.6435089409351,2.91659358143806,0.266647145152092,-4.85170044004917,37.3010905906127,0.00020116,133,"+Base"
"638","186",3.6780642991944,2.91402954544997,-1.31261374983623,0.417310851002094,27.8754789327226,-0.0049531,134,"+Base"
"639","187",11.2165325635355,4.85738173087036,-1.56276806385086,-6.70178387274167,24.4849158624013,5.1047e-05,135,"+Base"
"640","188",3.54173015238423,4.12920324777692,-1.97339550712634,-6.73431767433184,113.192261157659,-0.0015546,136,"+Base"
"641","189",5.32235991954803,3.63993072509766,-1.72726874053478,-3.4402642250061,22.1556869328572,-0.00011381,137,"+Base"
"642","190",2.66460473835468,4.91449028253555,-1.95273488759995,-2.88791343569756,117.239489959615,-0.0015228,138,"+Base"
"643","191",12.8850741237402,0.0937438905239105,-1.60820783674717,-2.56601084768772,24.4890468446973,5.0597e-05,139,"+Base"
"644","192",4.07265033976654,5.45351820208741,0.409282031003386,-1.46595488517655,11.6956487864376,0.0001481,140,"+Base"
"645","193",6.34855137765408,5.40247274935246,-0.546520903706551,-0.154924184083939,12.7513186919905,7.4135e-05,141,"+Base"
"646","194",13.0733210712816,5.0952072550968,-0.0258489806726326,-3.53955598969478,40.5421370955739,0.00016698,142,"+Base"
"647","195",6.61267735699052,3.93435824049754,-1.64023911441977,0.180789155045066,13.3322110639809,4.4224e-05,143,"+Base"
"648","196",4.65266988758647,1.35725549785545,-0.772044271849824,-5.4718191761155,445.355292886581,-0.003408,144,"+Base"
"649","197",12.7747655491112,1.83106517710257,0.356773221399635,-6.41593668013811,40.9819621142856,0.00022029,145,"+Base"
"650","198",3.26361308258492,1.30059542064555,-1.98802022833843,-5.23088587089442,24.1900957972297,-0.0033859,146,"+Base"
"651","199",4.56013472378254,5.491246342659,-1.25004294514656,-2.07396483421326,10.9465335417111,5.4708e-05,147,"+Base"
"652","200",8.49355278909206,0.24687148630619,0.0280400067567825,-3.31848247349262,18.4875306984853,4.1092e-05,148,"+Base"
"653","201",3.38502013067281,1.13326930132397,-0.734177573241216,-1.40694780706406,398.344210575727,-0.0047034,149,"+Base"
"654","202",8.68959524762434,3.61345032173844,-1.85687294057508,-6.89380184551701,3031.70507231006,-0.00071085,150,"+Base"
"655","203",9.38336727453535,4.25311100819556,-1.3434877291222,-3.05304299589951,24.1417592973792,5.5028e-05,151,"+Base"
"656","204",11.8373756967496,3.07516373241561,-1.47634656060542,-1.95599129322446,25.0726787809957,5.1253e-05,152,"+Base"
"657","205",10.4165851324797,0.507486060261726,-1.68776239454746,-6.95001642405987,25.6194122138162,4.7862e-05,153,"+Base"
"658","206",7.42376105366514,1.68921532218351,-1.38526053390741,-6.16198155159909,13.8594824995159,3.9265e-05,154,"+Base"
"659","207",3.02609595879428,1.25698183728349,-0.412394954935976,-6.55886820007581,915.190495066179,-0.0056393,155,"+Base"
"660","208",8.15608425284556,1.86891668418052,0.171245728448407,-3.85463681237098,16.2175038921789,0.00014966,156,"+Base"
"661","209",13.1803953796625,0.23235858976841,-0.205751717090607,-4.67319272458553,37.3669095997578,9.5153e-05,157,"+Base"
"662","210",2.67290998015387,4.9252459014994,-0.41558113519568,0.405686700515932,38.9547280975321,-0.0077583,158,"+Base"
"663","211",2.19541238248348,0.606520146131516,-0.123519390821457,0.369290560483932,76.9643639390686,-0.36822,159,"+Base"
"664","212",3.63073334097862,0.723484978079796,-1.64973248541355,0.62714909017086,22.2674523369474,-0.0079334,160,"+Base"
"665","213",8.91630394756794,0.277175396680832,-1.50410577654839,0.678715839982033,13.0928979090079,-2.748e-05,161,"+Base"
"666","214",3.54611854930408,0.42589161824435,-1.73302012484055,-5.3004897342762,43.6238681492078,-0.003456,162,"+Base"
"667","215",2.83685425046203,4.84382331502355,-0.621042032316785,-6.85321420628442,78.7423281161917,-0.0002404,163,"+Base"
"668","216",6.82062740121167,0.201171686574671,-1.52014373860923,-2.6188549088619,508.606629311106,-0.00098659,164,"+Base"
"669","217",10.0585266504804,5.24891928760213,-0.579229395790986,-6.72743923153731,30.2322827493884,9.141e-05,165,"+Base"
"670","218",2.30068691074848,5.49327021837234,-1.52581678330898,-1.20335575938225,1994.90554452363,-0.00033403,166,"+Base"
"671","219",2.23381971920623,0.119058466701288,-1.38950495266664,-2.11178776176742,90.1957040461263,-0.0035642,167,"+Base"
"672","220",9.00210717937443,0.202833155519329,0.300234886934049,-3.25820439893287,19.3164427185298,0.00010524,168,"+Base"
"673","221",2.64977041038219,0.0572096031391993,-0.109487577457912,-5.78570251252968,1848.65816502178,-0.0064811,169,"+Base"
"674","222",10.4156819730997,3.66223695874214,-0.291805356740952,-6.64959633350372,31.4720034876824,0.00010886,170,"+Base"
"675","223",2.39126186445355,4.83458880335093,-0.202531932038255,-1.74197222674265,5610.72046676508,-0.0015236,171,"+Base"
"676","224",12.856021705782,1.203912556055,-1.76741670805495,-6.78391682766378,45.1599551330518,-0.0001257,172,"+Base"
"677","225",2.12992909208295,0.0308039750671014,-1.80696954900015,-2.99932134316934,33.0076281188437,-0.0034377,173,"+Base"
"678","226",3.78356135239989,5.02979687453567,-0.716844134493267,-3.89027956577142,8.89916858233788,4.6854e-05,174,"+Base"
"679","227",12.9243584275246,1.84192834794521,-0.626450449228287,-6.84314376115799,36.7554225871412,8.373e-05,175,"+Base"
"680","228",8.32933266460896,5.45223411917686,-1.43030200898647,-6.70448338985443,21.0376428791117,5.3747e-05,176,"+Base"
"681","229",7.57619084165763,0.147761424144574,-1.28132354804349,-4.20519533137372,105.002442393874,-0.00018313,177,"+Base"
"682","230",10.8671656329414,5.42224316368811,-0.54655524672223,-3.04031397242622,32.5564078788929,9.5059e-05,178,"+Base"
"683","231",2.38873843196779,0.613280266872607,-0.622446693480015,0.205389491119422,53.0323047103677,-0.062788,179,"+Base"
"684","232",13.2368611466372,5.18908440996893,-1.55427085864358,-6.89961314878892,24.5624791789201,5.0869e-05,180,"+Base"
"685","233",12.9618439256171,0.0177977539133281,-1.73165379805751,-0.198046670656249,25.2229285531297,3.4834e-06,181,"+Base"
"686","234",2.5484608936822,2.89961392777669,-1.46900439094557,-2.35770589996318,87.4183218210895,-0.003286,182,"+Base"
"687","235",9.61558352410793,0.47579562664032,-0.774546772241592,-6.35666945576668,19.6987280742934,6.3055e-05,183,"+Base"
"688","236",2.63327186275493,5.47444370260928,-1.73460118204982,-6.76954525881395,5975838.65140468,-0.00046824,184,"+Base"
"689","237",13.2049327801215,4.15819264122712,-1.24642460372166,0.581459129951451,16.1475085999512,4.665e-05,185,"+Base"
"690","238",13.3002516627312,0.352119609713554,-1.38272728025913,-6.84844027459621,26.9895680015195,5.1555e-05,186,"+Base"
"691","239",2.63042347703595,5.46161131095141,0.135358838131651,-0.705379716819152,18680.7928691919,-0.0015826,187,"+Base"
"692","240",7.94945432279543,0.770587463070625,-0.329026437330049,-0.668456634168451,14.4143865574571,-2.5951e-05,188,"+Base"
"693","241",5.98747182489427,0.226760400115868,-1.27987005603141,0.49889849002729,25.6845595294384,-0.0080981,189,"+Base"
"694","242",3.47719971602783,1.16974544816185,0.175488291541114,-6.89835313055664,3500.63413929748,-0.010129,190,"+Base"
"695","243",6.42773348093033,0.494154557585716,-1.97088366746902,-6.6860561221838,68.5421847044137,-0.0018594,191,"+Base"
"696","244",9.66083219647408,0.0854408591985703,-1.1952750235796,-0.990704521536827,18.6553435023038,5.1675e-05,192,"+Base"
"697","245",5.0158763406525,4.27068534059209,-1.47152557482488,-6.6455682668779,10.4136982455955,4.0714e-05,193,"+Base"
"698","246",10.6249903509122,3.61169954464627,-0.742264545423814,-6.02626790518438,30.8536268816121,7.6308e-05,194,"+Base"
"699","247",11.3812309801579,5.39791892468929,-1.36593225598335,0.294027432799339,18.58334133308,5.0036e-05,195,"+Base"
"700","248",9.07425236375268,5.49032344657462,-0.328755966207927,-1.47903157957162,27.7214823053721,0.00011126,196,"+Base"
"701","249",8.29374534978457,0.257949443728354,-1.85211876877226,0.0531484812913103,1383.76767658362,-0.00076488,197,"+Base"
"702","250",2.06603827420622,3.16117385064717,-1.94478388980497,-6.57456275539007,29.0598325499065,-0.0032436,198,"+Base"
"703","251",13.4196395317702,5.02975827960395,-1.74349857519709,-4.88058866025991,31.9095719987867,-9.0224e-06,199,"+Base"
"704","252",9.38859894966046,3.3767117445067,-0.0999849524659451,-4.48253295901586,26.1659877944613,0.00011618,200,"+Base"
"705","x1",3.6050940239802,3.50587580224965,0.498440514900722,-2.17080895670224,3734.52369492327,-0.0072081,201,"+Base"
"706","x11",7.11744219064713,1.26931707561016,0.039476603269577,-1.22622439265251,20.2634600801469,-0.00020959,202,"+Base"
"707","x12",2.55470398731995,0.413643062114716,0.332304247404088,0.157276376524533,165.001982624843,-1.2073,203,"+Base"
"708","x13",5.89449538290501,0.0448969453573227,0.408107489347458,0.144013091921806,104.647113421671,-0.73083,204,"+Base"
"709","x14",2.43422298133373,2.15216392278671,0.357744768261909,0.457544192671776,151.833364302877,-1.7193,205,"+Base"
"710","x15",10.6353964805603,0.512206450104713,0.190609350800514,-6.62693648040295,25.3564227902779,0.0001455,206,"+Base"
"711","x16",13.0196163803339,0.0512791574001312,-1.03093254566193,-3.48661078512669,32.2175032812681,5.6161e-05,207,"+Base"
"712","x17",4.58580843324307,3.10122963949107,0.480856561451219,0.14841544139199,48.26430908868,-0.065489,208,"+Base"
"713","x18",3.79687948251556,2.175610905746,-0.0546085437902176,-0.0546268844422133,88.8391468893431,-0.10626,209,"+Base"
"714","x19",4.95002889633179,3.19441047310829,0.307661056518555,0.207561030983925,50.3939460911379,-0.015893,210,"+Base"
"715","x110",7.61713318806872,0.296427463672508,0.429402531211131,0.419629479620629,31.7012096020059,-0.055162,211,"+Base"
"716","x111",7.01846013544127,0.137839779141359,0.387498889584094,-4.60571187883616,3994.09287616674,-0.0044483,212,"+Base"
"717","x112",5.02403463298868,3.87846944074876,0.171892617527049,-5.19121036022361,12.6803891755802,7.0384e-05,213,"+Base"
"718","x113",2.19550858438015,1.15971603989601,0.156175598502159,0.412551999092102,114.718951265404,-0.9349,214,"+Base"
"719","x114",5.90104664862156,1.95319724082947,0.420848995447159,0.0899917334318161,54.315970953498,-0.033304,215,"+Base"
"720","x115",2.92365495860577,1.89801552891731,0.434292256832123,-0.688979417085648,493.885908533967,-0.18261,216,"+Base"
"721","x116",12.9318476667433,2.83576467923453,-0.863263754639262,-5.14924329204606,35.1165247391367,6.9345e-05,217,"+Base"
"722","x117",7.56894498295151,0.331537599442527,-1.44594223925378,0.6981613479089,168.319539084191,-0.00096539,218,"+Base"
"723","x118",5.9116551063914,2.43110617735233,0.480411923024803,-0.834350751415949,91151.2422841751,-0.0021569,219,"+Base"
"724","x119",6.16589296240635,1.37898178043248,-0.654359442782199,-2.92021570807039,1176.45676970771,-0.00033504,220,"+Base"
"725","x120",2.03486530482769,0.108396962285042,0.273892566561699,-0.16785055398941,174.736248335913,-0.40507,221,"+Base"
"726","x121",4.38711772398358,1.27197427069768,0.0944879987269155,0.584395913831874,81.9090142927224,-0.55114,222,"+Base"
"727","x122",3.24932471345561,1.20374341741189,0.361140899122038,-0.391301539766803,268.016121563167,-0.32333,223,"+Base"
"728","x123",4.01689454186643,1.36938814897265,0.329306550506102,0.606484742066823,125.765732825621,-1.3651,224,"+Base"
"729","x124",12.2902519851923,4.74867571890354,0.436421915888786,-1.95097987353802,41.0448981851024,0.00028795,225,"+Base"
"730","x125",2.04630459786858,0.426446926698789,-0.0333544714562519,-2.52679399421201,2193.53228804572,-0.0075877,226,"+Base"
"731","x126",4.18687951494668,4.99674907222576,-1.53030696792274,-4.44232208006485,10.5383677900399,3.2911e-05,227,"+Base"
"732","x127",4.73410175740719,0.915039494633675,-0.318075254559517,0.500522240996361,50.9712153721102,-0.13488,228,"+Base"
"733","x128",3.26458202302456,3.36843334138393,0.34202815592289,-0.300819024443626,145.062214362872,-0.10981,229,"+Base"
"734","x129",2.59881568434367,0.902034200479607,-0.4501381352311,-4.63578921327978,844.774300056818,-0.0054101,230,"+Base"
"735","x130",5.17967630493116,2.12183578155469,0.155352208928551,-1.67459533320557,3735.19087817059,-0.0029604,231,"+Base"
"736","x131",6.081567466259,4.48411141335964,0.0758088380098343,0.418576002120972,9.57420185441552,3.9083e-05,232,"+Base"
"737","x132",3.56118930294178,4.52362127779498,-0.124948695643685,-6.60021326475685,20.6483988742565,-0.00016074,233,"+Base"
"738","x133",2.19799050688744,1.20607188344002,-0.975608482956886,-4.50461596250534,251.272238648814,-0.0040378,234,"+Base"
"739","x134",12.1238539816248,0.067618545726873,0.2531168060912,-0.630467418936236,30.134007516714,0.00013128,235,"+Base"
"740","x135",8.49594690577779,4.62695615094935,-0.727630089444447,-4.62540712768089,23.8388127636285,7.0777e-05,236,"+Base"
"741","x136",2.34943225979805,0.860036417841911,0.459803402423859,0.465874671936035,193.060123151234,-2.6038,237,"+Base"
"742","x137",12.6407761370892,0.165287165087648,-0.479479067630806,-3.99761140320612,33.9759016100523,7.3141e-05,238,"+Base"
"743","x138",9.12817963349599,0.371868212971562,-1.19810323220467,-4.8744058475327,17.5796335346852,5.1001e-05,239,"+Base"
"744","x139",2.09141153097153,3.94296342134476,0.367803633213043,0.2485441416502,85.8935567687409,-0.71004,240,"+Base"
"745","x140",6.66895992660583,3.9854882201346,-1.50292271599274,-1.53410360359129,15.3102898866119,5.2679e-05,241,"+Base"
"746","x141",13.286863525597,4.81511028550628,-1.48992732013405,-3.75126140161388,25.054316799205,5.1017e-05,242,"+Base"
"747","x142",6.64510472967948,0.0688133910371939,0.241308154213359,-0.275336049199237,112.723187991449,-0.064451,243,"+Base"
"748","x143",7.20348007667026,5.39112813478033,-0.176452497131638,-2.48016561707955,19.6646324794687,0.00010712,244,"+Base"
"749","x144",3.99926213863578,0.589102216607112,0.285128066015135,-3.00405508053319,4508.55986867567,-0.010987,245,"+Base"
"750","x145",3.59706519954622,1.20210300443262,-1.93559292861679,-4.01351544552496,28.8344554201689,-0.0033627,246,"+Base"
"751","x146",12.4122230410576,2.26272693276405,0.327003046870232,-2.37452198565006,39.872266855633,0.00021698,247,"+Base"
"752","x147",10.908324198571,4.11223429159704,0.0528025542192992,-2.63809329684969,34.7760572955252,0.00017293,248,"+Base"
"753","x148",8.33904983926691,2.47974842813285,-0.401312076719249,-5.20149183063939,18.0039600294976,8.6128e-05,249,"+Base"
"754","x149",2.13204449856632,1.30970206038298,-0.542770368821867,-2.23820288714653,678.186788230539,-0.0051116,250,"+Base"
"755","x150",12.7435914540072,5.09798874674612,-0.246274128417599,-5.10999207962673,38.6381833928405,0.00013002,251,"+Base"
"756","x151",2.89097262331255,3.03608221574302,-1.27086129981457,-3.65174420568568,151.533958756412,-0.002888,252,"+Base"
"757","x152",3.52207679289859,4.06744435138535,0.342985722352751,-3.69030762463808,53420.5036515805,-0.0020763,253,"+Base"
"758","x153",13.4833900473313,1.46232795362655,0.0785220180146565,-4.16386388720646,41.6568977832046,0.00017094,254,"+Base"
"759","x154",6.43494841012508,3.04738023682687,-0.353301962628691,-2.58540672142739,10.9358896192487,8.3565e-05,255,"+Base"
"760","x155",8.88856126168767,0.202432668603695,0.442113358820466,-5.71582090204877,20.7921944470094,8.3835e-05,256,"+Base"
"761","x156",2.3774133893894,4.07026498543564,-0.587963537429459,-6.07636051785667,800.701413119972,-0.0027131,257,"+Base"
"762","x157",10.0595661997795,0.544297471642494,-1.72039802372456,-3.4880795031786,27.8840621264672,3.4497e-05,258,"+Base"
"763","x158",8.09473901964734,2.76459621210651,-1.45866577806042,-1.77699854029342,19.0021333118294,5.3341e-05,259,"+Base"
"764","x159",9.73489694297314,5.31835249066353,0.165390387177467,-0.519923195242882,29.1694663129196,0.0001854,260,"+Base"
"765","x160",6.6054676733911,0.0835351687856019,0.138414346845821,0.20495276064612,45.7986093122784,-0.13416,261,"+Base"
"766","x161",2.43490884429775,1.9157497137785,0.1590515418211,-4.35512871481478,3405.89545440699,-0.01008,262,"+Base"
"767","x162",6.29271391057409,3.36172061999609,-0.532734939049431,-5.87312928472651,10.7878692975657,7.4728e-05,263,"+Base"
"768","x163",3.96573316067133,4.40964553371485,-1.75548351821496,-1.21069348721925,17152.5240808786,-0.00040736,264,"+Base"
"769","x164",8.84508361363897,5.40136880391035,-0.0571314437641522,-5.76544871565728,27.774385014417,0.00013914,265,"+Base"
"770","x165",7.26715405285358,0.863202854990959,-0.268311589956284,0.467275008559227,56.8508148430741,-0.0044258,266,"+Base"
"771","x166",5.56441833183635,1.33760391036049,-1.52979003079236,-0.667610685410909,155.203073741851,-0.0014537,267,"+Base"
"772","x167",6.79155538976192,5.03886793553829,-1.15081487596035,-5.10218359529972,16.5750164770535,5.7165e-05,268,"+Base"
"773","x168",7.12599257845432,0.0582989213289693,0.449347323854454,-1.84724174698349,2741.56882206681,-0.0057688,269,"+Base"
"774","x169",12.0249185925068,0.581208000384678,-1.07287918923525,-2.69293335256047,30.0381347882961,5.6686e-05,270,"+Base"
"775","x170",12.1226009118398,3.4820543620495,-0.221835721341958,-5.94920873614028,37.1745078961905,0.00013299,271,"+Base"
"776","x171",7.73682954907417,4.4858700633049,0.330932065844536,-0.0129890441894531,15.963749640175,0.0001696,272,"+Base"
"777","x172",7.22331774234772,4.48953561484814,-0.164986878633499,-6.82831767201424,17.3955644593012,0.00010749,273,"+Base"
"778","x173",8.07223035395145,2.89524388313293,0.332391232252121,-0.751764729619026,17.0956046871409,0.000182,274,"+Base"
"779","x174",4.55198729038239,3.6875057220459,-0.442560583353043,-4.11485703289509,12.3976682311666,-2.7352e-05,275,"+Base"
"780","x175",12.0328034907579,0.16307769715786,-1.57834233343601,-5.45582872629166,24.4341176233356,5.0781e-05,276,"+Base"
"781","x176",12.2492614121279,4.96881598595064,-1.23748997229523,-4.4996389088649,29.9604208970774,5.649e-05,277,"+Base"
"782","x177",11.9720204621553,4.69498045742512,-0.731820315122604,-3.909533649683,34.4186495260398,7.9752e-05,278,"+Base"
"783","x178",12.5907475948334,0.623429656028748,0.386924833059311,-1.40632943809032,36.8086153459728,0.00018588,279,"+Base"
"784","x179",6.70453449838515,5.43902870995649,-0.67624682666601,-1.97771660524747,17.1566214748748,7.0647e-05,280,"+Base"
"785","x180",2.20632325578481,1.16275496408343,0.408223059028387,-0.210094691766426,228.30422600456,-0.61606,281,"+Base"
"786","x181",4.4058479112573,2.15225242672664,-0.495739296997273,-4.13608285991503,1034.51918256342,-0.0026082,282,"+Base"
"787","x182",6.55360655508245,2.16539571287373,0.358521301091468,0.432439484586425,65.5038088381493,-0.0086609,283,"+Base"
"788","x183",6.57101498102282,0.315274722175673,-0.307076794109013,-1.83155840525701,1637.90023900673,-0.0021248,284,"+Base"
"789","x184",3.14763984084129,1.725655823946,0.351030260324478,0.449132472276688,143.511850483383,-1.5872,285,"+Base"
"790","x185",4.33141596212836,1.72622730477808,0.212998996154472,0.141210187252946,80.2418388641391,-0.34442,286,"+Base"
"791","x186",2.98092575371265,4.7832412570715,-0.37891061604023,-5.17547154426575,45.5024981759335,-0.00026325,287,"+Base"
"792","x187",10.6959595955907,4.53462450406844,-1.48980754432594,-0.776607120231751,23.499328676495,5.1945e-05,288,"+Base"
"793","x188",13.3094646990066,0.373873330936794,-0.672602502551578,-4.71418600885695,36.1517062719649,7.0055e-05,289,"+Base"
"794","x189",9.81417747205367,5.22921585331683,-1.15305191767003,-2.27774966600196,26.8320219967145,5.9963e-05,290,"+Base"
"795","x190",3.30975757539272,4.52018046379089,0.441413164138794,0.675860643386841,33.6733172038001,-0.11682,291,"+Base"
"796","x191",4.60108825550139,0.552193232576558,-1.81556144630252,-1.67213234909956,37.4193925839912,-0.003304,292,"+Base"
"797","x192",9.85412081261334,4.47088283973907,-0.519223218719651,0.644245329406113,14.906064215964,4.822e-05,293,"+Base"
"798","x193",8.07716716930736,0.257580480189063,-1.33460882166401,-3.38446370530874,14.867323172808,-1.4394e-05,294,"+Base"
"799","x194",2.12628842890263,4.39127454161644,-1.1255489140749,-4.22506022453308,316.378042169982,-0.0018483,295,"+Base"
"800","x195",12.2691127506908,3.63614761441401,-0.199021243378339,-4.99116596875221,37.6766237488711,0.00013713,296,"+Base"
"801","x196",8.73418079249459,5.11685536882395,-1.77756330335978,-3.94485590984165,610.668863557403,-0.00019089,297,"+Base"
"802","x197",4.11039375024848,1.18252837914042,0.459875397616997,-5.88952396996319,6294.92446876339,-0.01395,298,"+Base"
"803","x198",6.87089497227623,2.36172157411646,0.0939753006483476,-5.14768860516385,12.9580734283046,0.00011065,299,"+Base"
"804","x199",13.1206771880388,0.4933140873909,-1.69255748391151,-1.44514751434326,25.7185437886393,4.7721e-05,300,"+Base"
