adapt,class,typ,mod,n,unc.min,unc.med,unc.max,ptl,adapt.n,unc.min.n,unc.med.n,unc.max.n
0.591111111111111,Pareto Distance,Total,rad,0,0.591111111111111,0.591111111111111,0.591111111111111,NA,1,1,1,1
0.739555555555556,Pareto Distance,Total,lin,0,0.739555555555556,0.739555555555556,0.739555555555556,NA,1,1,1,1
0.863111111111111,Pareto Distance,Total,pol,0,0.863111111111111,0.863111111111111,0.863111111111111,NA,1,1,1,1
0.931555555555556,Pareto Distance,Total,sig,0,0.931555555555556,0.931555555555556,0.931555555555556,NA,1,1,1,1
0.8389076597033,Pareto Distance,False Positive,rad,0,0.8389076597033,0.8389076597033,0.8389076597033,NA,1,1,1,1
0.863136220966729,Pareto Distance,False Positive,lin,0,0.863136220966729,0.863136220966729,0.863136220966729,NA,1,1,1,1
0.863111111111111,Pareto Distance,False Positive,pol,0,0.863111111111111,0.863111111111111,0.863111111111111,NA,1,1,1,1
0.86779575308642,Pareto Distance,False Positive,sig,0,0.86779575308642,0.86779575308642,0.86779575308642,NA,1,1,1,1
0.000700198920148,Pareto Distance,False Negative,rad,0,0.000700198920148,0.000700198920148,0.000700198920148,NA,1,1,1,1
0.003422222222222,Pareto Distance,False Negative,lin,0,0.003422222222222,0.003422222222222,0.003422222222222,NA,1,1,1,1
1E-08,Pareto Distance,False Negative,pol,0,1E-08,1E-08,1E-08,NA,1,1,1,1
1E-08,Pareto Distance,False Negative,sig,0,1E-08,1E-08,1E-08,NA,1,1,1,1
0.371555555555556,Threshold Cutoff,Total,rad,0,0.371555555555556,0.371555555555556,0.371555555555556,NA,1,1,1,1
0.142222222222222,Threshold Cutoff,Total,lin,0,0.142222222222222,0.142222222222222,0.142222222222222,NA,1,1,1,1
0.097777777777778,Threshold Cutoff,Total,pol,0,0.097777777777778,0.097777777777778,0.097777777777778,NA,1,1,1,1
0.097777777777778,Threshold Cutoff,Total,sig,0,0.097777777777778,0.097777777777778,0.097777777777778,NA,1,1,1,1
0.857374918778428,Threshold Cutoff,False Positive,rad,0,0.857374918778428,0.857374918778428,0.857374918778428,NA,1,1,1,1
0.902222222222222,Threshold Cutoff,False Positive,lin,0,0.902222222222222,0.902222222222222,0.902222222222222,NA,1,1,1,1
1E-08,Threshold Cutoff,False Positive,pol,0,1E-08,1E-08,1E-08,NA,1,1,1,1
1E-08,Threshold Cutoff,False Positive,sig,0,1E-08,1E-08,1E-08,NA,1,1,1,1
0.011613452532993,Threshold Cutoff,False Negative,rad,0,0.011613452532993,0.011613452532993,0.011613452532993,NA,1,1,1,1
0.010005167958656,Threshold Cutoff,False Negative,lin,0,0.010005167958656,0.010005167958656,0.010005167958656,NA,1,1,1,1
0.00956049382716,Threshold Cutoff,False Negative,pol,0,0.00956049382716,0.00956049382716,0.00956049382716,NA,1,1,1,1
0.00956049382716,Threshold Cutoff,False Negative,sig,0,0.00956049382716,0.00956049382716,0.00956049382716,NA,1,1,1,1
0.614222222222222,Utopia Distance,Total,rad,0,0.614222222222222,0.614222222222222,0.614222222222222,NA,1,1,1,1
0.741333333333333,Utopia Distance,Total,lin,0,0.741333333333333,0.741333333333333,0.741333333333333,NA,1,1,1,1
0.925333333333333,Utopia Distance,Total,pol,0,0.925333333333333,0.925333333333333,0.925333333333333,NA,1,1,1,1
0.960888888888889,Utopia Distance,Total,sig,0,0.960888888888889,0.960888888888889,0.960888888888889,NA,1,1,1,1
0.904520236471123,Utopia Distance,False Positive,rad,0,0.904520236471123,0.904520236471123,0.904520236471123,NA,1,1,1,1
0.915709480122324,Utopia Distance,False Positive,lin,0,0.915709480122324,0.915709480122324,0.915709480122324,NA,1,1,1,1
0.921921966205837,Utopia Distance,False Positive,pol,0,0.921921966205837,0.921921966205837,0.921921966205837,NA,1,1,1,1
0.923307456790123,Utopia Distance,False Positive,sig,0,0.923307456790123,0.923307456790123,0.923307456790123,NA,1,1,1,1
9.97732426303855E-05,Utopia Distance,False Negative,rad,0,9.97732426303855E-05,9.97732426303855E-05,9.97732426303855E-05,NA,1,1,1,1
0.000463768115942,Utopia Distance,False Negative,lin,0,0.000463768115942,0.000463768115942,0.000463768115942,NA,1,1,1,1
1E-08,Utopia Distance,False Negative,pol,0,1E-08,1E-08,1E-08,NA,1,1,1,1
1E-08,Utopia Distance,False Negative,sig,0,1E-08,1E-08,1E-08,NA,1,1,1,1
0.602666666666667,Pareto Distance,Total,rad,3,0.555555555555556,0.608888888888889,0.653333333333333,0.624,1.01954887218045,0.93984962406015,1.03007518796992,1.10526315789474
0.765333333333333,Pareto Distance,Total,lin,3,0.568888888888889,0.76,0.946666666666667,0.488,1.03485576923077,0.769230769230769,1.02764423076923,1.28004807692308
0.880888888888889,Pareto Distance,Total,pol,3,0.831111111111111,0.862222222222222,0.893333333333333,0.093,1.02059732234809,0.962924819773429,0.998970133882595,1.03501544799176
0.939555555555556,Pareto Distance,Total,sig,3,0.804,0.946666666666667,0.968888888888889,0.745,1.00858778625954,0.863072519083969,1.0162213740458,1.04007633587786
0.86019255222525,Pareto Distance,False Positive,rad,3,0.820350571498651,0.878456790123457,0.923370618941089,0.763,1.02537215184026,0.977879462667903,1.04714360390289,1.10068206942783
0.876918518518519,Pareto Distance,False Positive,lin,3,0.847364918707024,0.895362472321171,0.9351042458327,0.793,1.01596769689071,0.981727910523739,1.03733622871063,1.08337968343556
0.879225264924982,Pareto Distance,False Positive,pol,3,0.848155339805825,0.899573070607553,0.93596548004315,0.806,1.0186698486515,0.982672252607161,1.04224480374202,1.08440902682651
0.882764641975309,Pareto Distance,False Positive,sig,3,0.854597530864197,0.904612345679012,0.938745679012346,0.809,1.01724932259192,0.984791096089971,1.04242541227201,1.08175878445312
0.000927536231884,Pareto Distance,False Negative,rad,3,0,0,0.001039130803837,0.033,1.32467532467532,0,0,1.48405085174566
0.002014814814815,Pareto Distance,False Negative,lin,3,0,0,0.003977594588882,0.153,0.588744588744589,0,0,1.16228413311482
0,Pareto Distance,False Negative,pol,3,0,0,0,0.001,0,0,0,0
0,Pareto Distance,False Negative,sig,3,0,0,0.003034691174035,0.043,0,0,0,303469.117403543
0.197333333333333,Threshold Cutoff,Total,rad,3,0.284444444444444,0.328888888888889,0.373333333333333,1,0.5311004784689,0.76555023923445,0.885167464114833,1.00478468899522
0.090666666666667,Threshold Cutoff,Total,lin,3,0.346666666666667,0.4,0.444444444444444,1,0.6375,2.4375,2.8125,3.125
0.090666666666667,Threshold Cutoff,Total,pol,3,0.044444444444444,0.066666666666667,0.093333333333333,0.037,0.927272727272727,0.454545454545455,0.681818181818182,0.954545454545455
0.090666666666667,Threshold Cutoff,Total,sig,3,0.36,0.413333333333333,0.462222222222222,1,0.927272727272727,3.68181818181818,4.22727272727273,4.72727272727273
0.88768253968254,Threshold Cutoff,False Positive,rad,3,0.839975124378109,0.88781389748882,0.92608367071525,0.501,1.03534932063011,0.979705734306867,1.03550252992444,1.08013851400589
0,Threshold Cutoff,False Positive,lin,3,0.859561438561439,0.900767713858289,0.931961591220851,1,0,0.952715880178934,0.998387860187759,1.03296235480144
0,Threshold Cutoff,False Positive,pol,3,0,0,0,0,0,0,0,0
0,Threshold Cutoff,False Positive,sig,3,0.860397739104566,0.902168674698795,0.932581086519115,1,0,86039773.9104566,90216867.4698795,93258108.6519115
0.008984984984985,Threshold Cutoff,False Negative,rad,3,0.001794303797468,0.004696016771488,0.010125221817503,0.048,0.773670444638187,0.154502185493151,0.40436009516959,0.871852861045217
0.008220444444444,Threshold Cutoff,False Negative,lin,3,0.002028118419423,0.005333333333333,0.011296072186837,0.133,0.821619834710744,0.202707083759455,0.533057851239669,1.12902374388061
0.008220444444444,Threshold Cutoff,False Negative,pol,3,0.001975308641975,0.004444444444444,0.008711111111111,0.037,0.859834710743802,0.206611570247934,0.464876033057851,0.911157024793388
0.008220444444444,Threshold Cutoff,False Negative,sig,3,0.002073692810458,0.005496618257974,0.011587150014736,0.142,0.859834710743802,0.216902269688867,0.574930370475038,1.21198237499178
0.635555555555556,Utopia Distance,Total,rad,3,0.657777777777778,0.737777777777778,0.813444444444444,0.995,1.03473227206946,1.07091172214182,1.20115774240232,1.3243487698987
0.751111111111111,Utopia Distance,Total,lin,3,0.884333333333333,0.968888888888889,0.982222222222222,0.999,1.01318944844125,1.19289568345324,1.30695443645084,1.32494004796163
0.933333333333333,Utopia Distance,Total,pol,3,0.919888888888889,0.942222222222222,0.96,0.733,1.00864553314121,0.99411623439001,1.01825168107589,1.03746397694524
0.966222222222222,Utopia Distance,Total,sig,3,0.955555555555556,0.973333333333333,0.986666666666667,0.733,1.00555041628122,0.994449583718779,1.01295097132285,1.0268270120259
0.922126174496644,Utopia Distance,False Positive,rad,3,0.896924711713247,0.938152610441767,0.968509925682079,0.757,1.01946439373674,0.991602703343035,1.03718255558533,1.07074434228316
0.93278892733564,Utopia Distance,False Positive,lin,3,0.912700705189495,0.947261904761905,0.973333333333333,0.731,1.01865160029908,0.996714269101563,1.0344568067979,1.06292809505839
0.932475490196078,Utopia Distance,False Positive,pol,3,0.911515640704709,0.94642089093702,0.973090235013196,0.733,1.01144730723108,0.988712357571915,1.02657375095639,1.05550173516089
0.933585382716049,Utopia Distance,False Positive,sig,3,0.913086419753086,0.947377777777778,0.973511111111111,0.733,1.01113163968334,0.988929974558453,1.0260696703039,1.05437371262604
0.000355555555556,Utopia Distance,False Negative,rad,3,0,0,0,0.01,3.56363636363636,0,0,0
0.00104737295435,Utopia Distance,False Negative,lin,3,0,0,0,0,2.25839793281654,0,0,0
0,Utopia Distance,False Negative,pol,3,0,0,0,0,0,0,0,0
0,Utopia Distance,False Negative,sig,3,0,0,0,0,0,0,0,0
0.581333333333333,Pareto Distance,Total,rad,6,0.533333333333333,0.6,0.648888888888889,0.746,0.983458646616541,0.902255639097744,1.01503759398496,1.09774436090226
0.912,Pareto Distance,Total,lin,6,0.528777777777778,0.733333333333333,0.946777777777778,0.104,1.23317307692308,0.714993990384615,0.991586538461538,1.28019831730769
0.895111111111111,Pareto Distance,Total,pol,6,0.831111111111111,0.862222222222222,0.893333333333333,0.022,1.03707518022657,0.962924819773429,0.998970133882595,1.03501544799176
0.938666666666667,Pareto Distance,Total,sig,6,0.644444444444444,0.946666666666667,0.964444444444444,0.626,1.00763358778626,0.691793893129771,1.0162213740458,1.03530534351145
0.8501377716135,Pareto Distance,False Positive,rad,6,0.821052631578947,0.876778523489933,0.921135110585815,0.827,1.01338658883407,0.978716336753121,1.04514306592459,1.09801728465752
0.879517808219178,Pareto Distance,False Positive,lin,6,0.843842145369046,0.894158349966733,0.932083237294647,0.726,1.01897914472191,0.977646546247273,1.03594117388013,1.0798796466341
0.878473358116481,Pareto Distance,False Positive,pol,6,0.848523886205046,0.899189093038657,0.935642701525054,0.773,1.01779868988779,0.983099250237566,1.04179992756796,1.0840350558349
0.881095111111111,Pareto Distance,False Positive,sig,6,0.854597530864197,0.90359595959596,0.938745679012346,0.78,1.01532544723501,0.984791096089971,1.04125418496485,1.08175878445312
0.000151815181518,Pareto Distance,False Negative,rad,6,0,0,0.001481897627965,0.243,0.216817217436029,0,0,2.11639519188676
0,Pareto Distance,False Negative,lin,6,0,0.000755609081583,0.004553059477963,0.545,0,0,0.220794861501405,1.33043945784639
0,Pareto Distance,False Negative,pol,6,0,0,0,0.005,0,0,0,0
0,Pareto Distance,False Negative,sig,6,0,0,0.004604709840202,0.13,0,0,0,460470.984020184
0.160888888888889,Threshold Cutoff,Total,rad,6,0.284444444444444,0.328888888888889,0.373333333333333,1,0.433014354066986,0.76555023923445,0.885167464114833,1.00478468899522
0.087111111111111,Threshold Cutoff,Total,lin,6,0.342222222222222,0.395555555555556,0.444444444444444,1,0.6125,2.40625,2.78125,3.125
0.087111111111111,Threshold Cutoff,Total,pol,6,0.044444444444444,0.066666666666667,0.093333333333333,0.069,0.890909090909091,0.454545454545455,0.681818181818182,0.954545454545455
0.087111111111111,Threshold Cutoff,Total,sig,6,0.351111111111111,0.413333333333333,0.462222222222222,1,0.890909090909091,3.59090909090909,4.22727272727273,4.72727272727273
0.872761904761905,Threshold Cutoff,False Positive,rad,6,0.837598625918029,0.887659971183999,0.925053272450533,0.711,1.01794662480377,0.976933903211706,1.03532299784174,1.07893670807228
0,Threshold Cutoff,False Positive,lin,6,0.854543441514537,0.899009429836071,0.930409356725146,1,0,0.947154060791974,0.99643902321732,1.03124189784807
0,Threshold Cutoff,False Positive,pol,6,0,0,0,0,0,0,0,0
0,Threshold Cutoff,False Positive,sig,6,0.858058646087793,0.9004329004329,0.93196878450266,1,0,85805864.6087793,90043290.04329,93196878.450266
0.007919191919192,Threshold Cutoff,False Negative,rad,6,0.001942348913843,0.005031446540881,0.010263374485597,0.109,0.681898160490536,0.167249911972797,0.433242959110275,0.883748778103617
0.007588345679012,Threshold Cutoff,False Negative,lin,6,0.002175224466891,0.005614035087719,0.011333783783784,0.224,0.758442607897153,0.217410090053427,0.561113527620705,1.13279295566227
0.007588345679012,Threshold Cutoff,False Negative,pol,6,0.001975308641975,0.004444444444444,0.008711111111111,0.069,0.793719008264463,0.206611570247934,0.464876033057851,0.911157024793388
0.007588345679012,Threshold Cutoff,False Negative,sig,6,0.002221439749609,0.005797101449275,0.011830985915493,0.249,0.793719008264463,0.232356172156908,0.606360043118936,1.23748690490048
0.597333333333333,Utopia Distance,Total,rad,6,0.653333333333333,0.728888888888889,0.813333333333333,0.999,0.972503617945007,1.06367583212735,1.18668596237337,1.32416787264834
0.696888888888889,Utopia Distance,Total,lin,6,0.813333333333333,0.964444444444444,0.982222222222222,1,0.940047961630695,1.09712230215827,1.30095923261391,1.32494004796163
0.952,Utopia Distance,Total,pol,6,0.911111111111111,0.942222222222222,0.96,0.097,1.02881844380403,0.984630163304515,1.01825168107589,1.03746397694524
0.938666666666667,Utopia Distance,Total,sig,6,0.955555555555556,0.973333333333333,0.986666666666667,1,0.976873265494912,0.994449583718779,1.01295097132285,1.0268270120259
0.932723032069971,Utopia Distance,False Positive,rad,6,0.897634269524514,0.936371308016878,0.968050314465409,0.535,1.03117983928019,0.992387160984397,1.03521322161903,1.07023621521409
0.932059405940594,Utopia Distance,False Positive,lin,6,0.912317747611865,0.946482616722333,0.972165540857491,0.711,1.01785492688804,0.996296060503812,1.03360578575194,1.06165280797096
0.936520325203252,Utopia Distance,False Positive,pol,6,0.911520737327189,0.946296296296296,0.972962962962963,0.713,1.01583470134408,0.98871788582991,1.02643860433305,1.05536368437687
0.936087912087912,Utopia Distance,False Positive,sig,6,0.913086419753086,0.947377777777778,0.973511111111111,0.715,1.01384203626192,0.988929974558453,1.0260696703039,1.05437371262604
0.000801822323462,Utopia Distance,False Negative,rad,6,0,0,0,0.004,8.03644646924829,0,0,0
0.000605678233438,Utopia Distance,False Negative,lin,6,0,0,0,0.007,1.30599369085174,0,0,0
0,Utopia Distance,False Negative,pol,6,0,0,0,0,0,0,0,0
0,Utopia Distance,False Negative,sig,6,0,0,0,0,0,0,0,0
0.616,Pareto Distance,Total,rad,9,0.519888888888889,0.595555555555556,0.648888888888889,0.238,1.04210526315789,0.879511278195489,1.00751879699248,1.09774436090226
0.872,Pareto Distance,Total,lin,9,0.471111111111111,0.728888888888889,0.942222222222222,0.143,1.17908653846154,0.637019230769231,0.985576923076923,1.27403846153846
0.875555555555556,Pareto Distance,Total,pol,9,0.831,0.866666666666667,0.893333333333333,0.196,1.01441812564367,0.962796086508754,1.00411946446962,1.03501544799176
0.928,Pareto Distance,Total,sig,9,0.604444444444444,0.942222222222222,0.964444444444444,0.701,0.99618320610687,0.648854961832061,1.01145038167939,1.03530534351145
0.836661417322835,Pareto Distance,False Positive,rad,9,0.819667070707071,0.877244444444444,0.917894813289872,0.925,0.997322419989275,0.977064711743085,1.04569845595963,1.09415476503637
0.857962264150943,Pareto Distance,False Positive,lin,9,0.844416666666667,0.895070707070707,0.929693031493032,0.924,0.994005631220074,0.978312166903277,1.03699819950576,1.0771104362319
0.857485928705441,Pareto Distance,False Positive,pol,9,0.848155339805825,0.899317931793179,0.928443666932795,0.943,0.993482667140701,0.982672252607161,1.04194920006934,1.07569425880473
0.861184,Pareto Distance,False Positive,sig,9,0.854597530864197,0.904300039148694,0.933533477049532,0.96,0.992380980129363,0.984791096089971,1.04206552743827,1.07575253016543
0.001190082644628,Pareto Distance,False Negative,rad,9,0,0,0.001598456474861,0.053,1.69963507566813,0,0,2.28286052558269
0.001107692307692,Pareto Distance,False Negative,lin,9,0,0.00082304526749,0.004388427901586,0.427,0.323676323676324,0,0.24050024050024,1.28233282838546
0,Pareto Distance,False Negative,pol,9,0,0,0,0.01,0,0,0,0
0,Pareto Distance,False Negative,sig,9,0,0,0.005114506498068,0.202,0,0,0,511450.649806814
0.159111111111111,Threshold Cutoff,Total,rad,9,0.284444444444444,0.324444444444444,0.373333333333333,1,0.42822966507177,0.76555023923445,0.873205741626794,1.00478468899522
0.106666666666667,Threshold Cutoff,Total,lin,9,0.333222222222222,0.391111111111111,0.444444444444444,1,0.75,2.34296875,2.75,3.125
0.106666666666667,Threshold Cutoff,Total,pol,9,0.044444444444444,0.066666666666667,0.093333333333333,0,1.09090909090909,0.454545454545455,0.681818181818182,0.954545454545455
0.106666666666667,Threshold Cutoff,Total,sig,9,0.32,0.408888888888889,0.462222222222222,0.998,1.09090909090909,3.27272727272727,4.18181818181818,4.72727272727273
0.807671232876712,Threshold Cutoff,False Positive,rad,9,0.831997101449275,0.888502415458937,0.926081871345029,0.997,0.942028061687958,0.970400560159481,1.036305583472,1.08013641530883
0,Threshold Cutoff,False Positive,lin,9,0.853890602582496,0.900075063280091,0.931975804452377,1,0,0.946430470842669,0.997620144029657,1.03297810838318
0,Threshold Cutoff,False Positive,pol,9,0,0,0,0,0,0,0,0
0,Threshold Cutoff,False Positive,sig,9,0.856203115492272,0.902723004694836,0.933850448933782,1,0,85620311.5492272,90272300.4694836,93385044.8933782
0.011457541191382,Threshold Cutoff,False Negative,rad,9,0.001862663561765,0.004683464861328,0.010241514726508,0.011,0.986574936164044,0.160388442323564,0.403279287362892,0.881866498994377
0.011377777777778,Threshold Cutoff,False Negative,lin,9,0.002089513283693,0.005333333333333,0.011428878648234,0.027,1.13719008264463,0.20884339896419,0.533057851239669,1.14229753018243
0.011377777777778,Threshold Cutoff,False Negative,pol,9,0.001975308641975,0.004444444444444,0.008711111111111,0,1.1900826446281,0.206611570247934,0.464876033057851,0.911157024793388
0.011377777777778,Threshold Cutoff,False Negative,sig,9,0.002160121328225,0.00543713781809,0.0118420734167,0.034,1.1900826446281,0.225942442647478,0.568708888514083,1.23864662545548
0.576888888888889,Utopia Distance,Total,rad,9,0.64,0.72,0.817777777777778,1,0.939218523878437,1.04196816208394,1.17221418234443,1.33140376266281
0.740444444444444,Utopia Distance,Total,lin,9,0.795555555555556,0.964444444444444,0.982222222222222,0.992,0.998800959232614,1.07314148681055,1.30095923261391,1.32494004796163
0.898666666666667,Utopia Distance,Total,pol,9,0.902222222222222,0.937777777777778,0.955555555555556,0.98,0.971181556195965,0.975024015369837,1.01344860710855,1.03266090297791
0.956444444444444,Utopia Distance,Total,sig,9,0.955444444444445,0.968888888888889,0.982222222222222,0.929,0.995374653098982,0.994333950046254,1.00832562442183,1.02220166512488
0.910363191385218,Utopia Distance,False Positive,rad,9,0.892266950191858,0.933125226860254,0.962596666666667,0.868,1.0064597282388,0.986453275686711,1.0316244891333,1.06420688875035
0.923533875338753,Utopia Distance,False Positive,lin,9,0.904612345679012,0.938745679012346,0.964760493827161,0.844,1.00854462620108,0.987881380848182,1.02515666746941,1.05356613071024
0.924269705603039,Utopia Distance,False Positive,pol,9,0.910100737230121,0.938060606060606,0.964363636363636,0.843,1.00254657062448,0.987177625212288,1.01750542935991,1.04603607649405
0.926502087060227,Utopia Distance,False Positive,sig,9,0.912874567901235,0.938745679012346,0.964760493827161,0.843,1.00345998534574,0.988700525689288,1.01672056486568,1.04489624418409
0.00042042042042,Utopia Distance,False Negative,rad,9,0,0,5.92592592592054E-06,0.019,4.21375921375921,0,0,0.059393939393885
0.000989898989899,Utopia Distance,False Negative,lin,9,0,0,0,0.005,2.1344696969697,0,0,0
0,Utopia Distance,False Negative,pol,9,0,0,0,0,0,0,0,0
0,Utopia Distance,False Negative,sig,9,0,0,0,0,0,0,0,0
0.637333333333333,Pareto Distance,Total,rad,12,0.511111111111111,0.586666666666667,0.644444444444444,0.041,1.0781954887218,0.864661654135338,0.992481203007519,1.09022556390977
0.740444444444444,Pareto Distance,Total,lin,12,0.453333333333333,0.72,0.942222222222222,0.449,1.00120192307692,0.612980769230769,0.973557692307692,1.27403846153846
0.864888888888889,Pareto Distance,Total,pol,12,0.826666666666667,0.862222222222222,0.897777777777778,0.49,1.00205973223481,0.957775489186406,0.998970133882595,1.04016477857878
0.942222222222222,Pareto Distance,Total,sig,12,0.568888888888889,0.942222222222222,0.964444444444444,0.422,1.01145038167939,0.610687022900763,1.01145038167939,1.03530534351145
0.868992515831894,Pareto Distance,False Positive,rad,12,0.81879823633157,0.874744525547445,0.921460761460762,0.592,1.03586193996516,0.976029038310554,1.04271848686758,1.09840546906755
0.877642946317104,Pareto Distance,False Positive,lin,12,0.846586069053913,0.894074074074074,0.933761287934863,0.742,1.01680699407346,0.980825562048272,1.03584353472352,1.08182377850976
0.88321986726611,Pareto Distance,False Positive,pol,12,0.848888888888889,0.895620532136792,0.935804878048781,0.702,1.02329799245559,0.983522142121524,1.03766539511214,1.08422295345508
0.887782716049383,Pareto Distance,False Positive,sig,12,0.854597530864197,0.901286701958402,0.938745679012346,0.685,1.02303187459938,0.984791096089971,1.03859312373086,1.08175878445312
0.000818382121498,Pareto Distance,False Negative,rad,12,0,0,0.001499726177437,0.095,1.16878518082484,0,0,2.14185731266269
0.000983451536643,Pareto Distance,False Negative,lin,12,0,0.000924178895877,0.004314537782892,0.488,0.287372202265819,0,0.270052274769256,1.26074155993603
0,Pareto Distance,False Negative,pol,12,0,0,0,0.008,0,0,0,0
0,Pareto Distance,False Negative,sig,12,0,0,0.004889115646259,0.247,0,0,0,488911.56462585
0.108444444444444,Threshold Cutoff,Total,rad,12,0.28,0.328888888888889,0.377777777777778,1,0.291866028708134,0.753588516746412,0.885167464114833,1.01674641148325
0.086222222222222,Threshold Cutoff,Total,lin,12,0.328888888888889,0.386666666666667,0.444444444444444,1,0.60625,2.3125,2.71875,3.125
0.086222222222222,Threshold Cutoff,Total,pol,12,0.044444444444444,0.066666666666667,0.097777777777778,0.077,0.881818181818182,0.454545454545455,0.681818181818182,1
0.086222222222222,Threshold Cutoff,Total,sig,12,0.248777777777778,0.408888888888889,0.462222222222222,1,0.881818181818182,2.54431818181818,4.18181818181818,4.72727272727273
0.783238095238095,Threshold Cutoff,False Positive,rad,12,0.83413289514867,0.88819879099128,0.924319248826291,1,0.913530449845721,0.97289164504267,1.03595145080377,1.0780805789645
0,Threshold Cutoff,False Positive,lin,12,0.852026227717889,0.89923896499239,0.931054131054131,1,0,0.944364045500123,0.996693434104865,1.03195654919793
0,Threshold Cutoff,False Positive,pol,12,0,0,0,0,0,0,0,0
0,Threshold Cutoff,False Positive,sig,12,0.854497431586812,0.901964573268921,0.933333333333333,1,0,85449743.1586812,90196457.3268921,93333333.3333333
0.00727747196738,Threshold Cutoff,False Negative,rad,12,0.001749822984749,0.004920668420732,0.010520393811533,0.156,0.626641556135489,0.150672074456615,0.423704183295412,0.905879951000408
0.007434271604938,Threshold Cutoff,False Negative,lin,12,0.002042700729927,0.005555555555556,0.011670774647887,0.216,0.743043158861341,0.204164561591362,0.555268595041322,1.16647463551973
0.007434271604938,Threshold Cutoff,False Negative,pol,12,0.001975308641975,0.004444444444444,0.00956049382716,0.077,0.777603305785124,0.206611570247934,0.464876033057851,1
0.007434271604938,Threshold Cutoff,False Negative,sig,12,0.002136169316506,0.005714285714286,0.012176134560457,0.238,0.777603305785124,0.223437131504417,0.597697756788666,1.27358845479987
0.575111111111111,Utopia Distance,Total,rad,12,0.631111111111111,0.715555555555556,0.808888888888889,0.999,0.936324167872648,1.02749638205499,1.16497829232996,1.31693198263386
0.690666666666667,Utopia Distance,Total,lin,12,0.773333333333333,0.96,0.982222222222222,1,0.931654676258993,1.0431654676259,1.29496402877698,1.32494004796163
0.909333333333333,Utopia Distance,Total,pol,12,0.902222222222222,0.937777777777778,0.955555555555556,0.956,0.982708933717579,0.975024015369837,1.01344860710855,1.03266090297791
0.824,Utopia Distance,Total,sig,12,0.955555555555556,0.973333333333333,0.986666666666667,1,0.857539315448659,0.994449583718779,1.01295097132285,1.0268270120259
0.935505729945192,Utopia Distance,False Positive,rad,12,0.89449247049247,0.935287327052033,0.967946856151795,0.498,1.03425627445877,0.988913718483762,1.03401481729247,1.07012183600018
0.938269151138716,Utopia Distance,False Positive,lin,12,0.910903708445962,0.945457279562543,0.972838092765663,0.64,1.02463627548486,0.994751859863108,1.03248606690874,1.06238726788731
0.945603038936372,Utopia Distance,False Positive,pol,12,0.911301295426882,0.945915492957746,0.972836499311744,0.51,1.02568663465954,0.988479859284985,1.02602555056873,1.05522651045559
0.94282131661442,Utopia Distance,False Positive,sig,12,0.913086419753086,0.947377777777778,0.973511111111111,0.518,1.02113473651793,0.988929974558453,1.0260696703039,1.05437371262604
0.000233918128655,Utopia Distance,False Negative,rad,12,0,0,0.000342151675485,0.028,2.3444976076555,0,0,3.42929292929293
8.33333333333333E-05,Utopia Distance,False Negative,lin,12,0,0,0,0.015,0.1796875,0,0,0
0,Utopia Distance,False Negative,pol,12,0,0,0,0,0,0,0,0
0,Utopia Distance,False Negative,sig,12,0,0,0,0,0,0,0,0
0.626666666666667,Pareto Distance,Total,rad,15,0.497777777777778,0.582222222222222,0.644444444444444,0.062,1.06015037593985,0.842105263157895,0.984962406015037,1.09022556390977
0.734222222222222,Pareto Distance,Total,lin,15,0.44,0.702222222222222,0.937777777777778,0.414,0.992788461538462,0.594951923076923,0.949519230769231,1.26802884615385
0.84,Pareto Distance,Total,pol,15,0.826666666666667,0.862222222222222,0.897888888888889,0.897,0.973223480947477,0.957775489186406,0.998970133882595,1.04029351184346
0.920888888888889,Pareto Distance,Total,sig,15,0.546555555555555,0.937777777777778,0.964444444444444,0.598,0.988549618320611,0.586712786259542,1.00667938931298,1.03530534351145
0.82784571099597,Pareto Distance,False Positive,rad,15,0.821187088274045,0.873846153846154,0.921468995510662,0.96,0.986813866127719,0.978876612670908,1.04164760416565,1.09841528427165
0.839603724394786,Pareto Distance,False Positive,lin,15,0.843851445966515,0.893829457364341,0.9351619395898,0.983,0.972736057182739,0.977657321600274,1.03556013019965,1.0834465254423
0.841624758220503,Pareto Distance,False Positive,pol,15,0.850645009604759,0.893081761006289,0.935969456300257,0.988,0.975105924817781,0.985556782497789,1.0347239764491,1.08441363371554
0.848036345679012,Pareto Distance,False Positive,sig,15,0.854597530864197,0.900365432098766,0.938750466988728,0.986,0.977230347881825,0.984791096089971,1.03753150311753,1.08176430185323
0.002465218759836,Pareto Distance,False Negative,rad,15,0,0,0.001562881562882,0.005,3.52074059085391,0,0,2.23205366062509
0.00343961352657,Pareto Distance,False Negative,lin,15,0,0.000998442367601,0.004638337209996,0.075,1.00508187464709,0,0.291752639883481,1.35535827564813
0,Pareto Distance,False Negative,pol,15,0,0,0,0.016,0,0,0,0
0,Pareto Distance,False Negative,sig,15,0,0,0.005312961405476,0.307,0,0,0,531296.140547612
0.106666666666667,Threshold Cutoff,Total,rad,15,0.284444444444444,0.328888888888889,0.373333333333333,1,0.287081339712919,0.76555023923445,0.885167464114833,1.00478468899522
0.096,Threshold Cutoff,Total,lin,15,0.333333333333333,0.386666666666667,0.44,1,0.675,2.34375,2.71875,3.09375
0.096,Threshold Cutoff,Total,pol,15,0.044444444444444,0.066666666666667,0.093333333333333,0.024,0.981818181818182,0.454545454545455,0.681818181818182,0.954545454545455
0.096,Threshold Cutoff,Total,sig,15,0.231,0.408888888888889,0.462222222222222,0.993,0.981818181818182,2.3625,4.18181818181818,4.72727272727273
0.753333333333333,Threshold Cutoff,False Positive,rad,15,0.829722222222222,0.887762962962963,0.925232308201058,1,0.878651004168245,0.967747252747253,1.03544312239485,1.07914552657933
0,Threshold Cutoff,False Positive,lin,15,0.84831079265562,0.900325925925926,0.93106188466948,1,0,0.94024595245081,0.997898193760263,1.03196514310657
0,Threshold Cutoff,False Positive,pol,15,0,0,0,0,0,0,0,0
0,Threshold Cutoff,False Positive,sig,15,0.851674146606827,0.902945736434108,0.933595001741554,0.998,0,85167414.6606827,90294573.6434108,93359500.1741554
0.009105691056911,Threshold Cutoff,False Negative,rad,15,0.001789552430214,0.004898432174506,0.010371980676329,0.056,0.78406408697518,0.154093059331858,0.421789485993919,0.893100535509371
0.009216,Threshold Cutoff,False Negative,lin,15,0.002085545427226,0.00551724137931,0.011873755164166,0.095,0.921123966942149,0.208446818268743,0.55143915645483,1.18676220261681
0.009216,Threshold Cutoff,False Negative,pol,15,0.001975308641975,0.004444444444444,0.008711111111111,0.024,0.96396694214876,0.206611570247934,0.464876033057851,0.911157024793388
0.009216,Threshold Cutoff,False Negative,sig,15,0.002109367428337,0.005656565656566,0.01231366310382,0.115,0.96396694214876,0.220633731528031,0.591660405709992,1.28797354262577
0.576,Utopia Distance,Total,rad,15,0.622222222222222,0.715555555555556,0.813333333333333,0.999,0.937771345875543,1.01302460202605,1.16497829232996,1.32416787264834
0.687111111111111,Utopia Distance,Total,lin,15,0.751111111111111,0.96,0.982222222222222,0.999,0.926858513189448,1.01318944844125,1.29496402877698,1.32494004796163
0.894222222222222,Utopia Distance,Total,pol,15,0.902111111111111,0.937777777777778,0.955555555555556,0.982,0.966378482228626,0.974903938520653,1.01344860710855,1.03266090297791
0.932444444444444,Utopia Distance,Total,sig,15,0.951111111111111,0.973333333333333,0.986666666666667,1,0.970397779833487,0.989824236817761,1.01295097132285,1.0268270120259
0.896108527131783,Utopia Distance,False Positive,rad,15,0.893098111837327,0.935411255411255,0.965974503657262,0.965,0.99070036357378,0.987372173475789,1.03415182733849,1.06794128501303
0.905521935219352,Utopia Distance,False Positive,lin,15,0.904612345679012,0.945323579928843,0.971114447884417,0.973,0.988874697571537,0.987881380848182,1.03234006030227,1.06050496250699
0.913735610373182,Utopia Distance,False Positive,pol,15,0.903550126839168,0.945915492957746,0.972641523707808,0.942,0.991120337585244,0.980072240341253,1.02602555056873,1.05501502226995
0.915444545730781,Utopia Distance,False Positive,sig,15,0.904612345679012,0.947377777777778,0.973511111111111,0.942,0.991483973186269,0.979752019791864,1.0260696703039,1.05437371262604
0.00039054157132,Utopia Distance,False Negative,rad,15,0,0,0.000452115874598,0.029,3.91429165799875,0,0,4.5314341067706
0.000547008547009,Utopia Distance,False Negative,lin,15,0,0,0.000531554349465,0.025,1.17948717948718,0,0,1.14616406603347
0,Utopia Distance,False Negative,pol,15,0,0,0,0,0,0,0,0
0,Utopia Distance,False Negative,sig,15,0,0,0,0,0,0,0,0
0.571555555555556,Pareto Distance,Total,rad,18,0.488888888888889,0.577777777777778,0.648888888888889,0.569,0.966917293233083,0.827067669172932,0.977443609022556,1.09774436090226
0.516444444444444,Pareto Distance,Total,lin,18,0.439888888888889,0.7,0.946666666666667,0.852,0.698317307692308,0.594801682692308,0.946514423076923,1.28004807692308
0.816888888888889,Pareto Distance,Total,pol,18,0.817777777777778,0.866666666666667,0.902222222222222,0.985,0.946446961894954,0.947476828012358,1.00411946446962,1.04531410916581
0.564444444444444,Pareto Distance,Total,sig,18,0.542222222222222,0.933333333333333,0.964444444444444,0.949,0.605916030534351,0.58206106870229,1.00190839694656,1.03530534351145
0.83034634069895,Pareto Distance,False Positive,rad,18,0.821191626409018,0.875022222222222,0.922555739590522,0.949,0.989794682519197,0.978882022247183,1.04304950860944,1.09971071180445
0.852318954248366,Pareto Distance,False Positive,lin,18,0.846088406163172,0.894411184694628,0.936592592592593,0.959,0.9874674860635,0.980248986904451,1.03623409951777,1.08510403090672
0.85271904602697,Pareto Distance,False Positive,pol,18,0.854909951090571,0.899573070607553,0.936282051282051,0.977,0.987959759814975,0.99049814106786,1.04224480374202,1.08477580606829
0.862227751857612,Pareto Distance,False Positive,sig,18,0.858394611296502,0.903555555555555,0.938745679012346,0.969,0.993583742246946,0.989166642315912,1.04120762557543,1.08175878445312
0.001401709401709,Pareto Distance,False Negative,rad,18,0,0,0.001556790123457,0.043,2.00187312687313,0,0,2.22335407647908
0.004675890985325,Pareto Distance,False Negative,lin,18,0,0.000947570947571,0.004598461100029,0.024,1.36633178142612,0,0.276887614549952,1.34370616559274
0.001138888888889,Pareto Distance,False Negative,pol,18,0,0,0,0.015,113888.888888889,0,0,0
0.00559520516367,Pareto Distance,False Negative,sig,18,0,0,0.005491830065359,0.024,559520.516366989,0,0,549183.006535948
0.115555555555556,Threshold Cutoff,Total,rad,18,0.275555555555556,0.324444444444444,0.373333333333333,1,0.311004784688995,0.741626794258373,0.873205741626794,1.00478468899522
0.102222222222222,Threshold Cutoff,Total,lin,18,0.328888888888889,0.386666666666667,0.44,1,0.71875,2.3125,2.71875,3.09375
0.102222222222222,Threshold Cutoff,Total,pol,18,0.044444444444444,0.066666666666667,0.093333333333333,0.003,1.04545454545455,0.454545454545455,0.681818181818182,0.954545454545455
0.102222222222222,Threshold Cutoff,Total,sig,18,0.208555555555556,0.404444444444444,0.457777777777778,0.991,1.04545454545455,2.13295454545455,4.13636363636364,4.68181818181818
0.844967320261438,Threshold Cutoff,False Positive,rad,18,0.833153153153153,0.887431693989071,0.924862407862408,0.938,0.985528386420881,0.97174892209375,1.03505674653216,1.07871409298996
0,Threshold Cutoff,False Positive,lin,18,0.85504531590414,0.899528926516878,0.931674039780521,1,0,0.947710325509514,0.997014820031023,1.03264364015082
0,Threshold Cutoff,False Positive,pol,18,0,0,0,0,0,0,0,0
0,Threshold Cutoff,False Positive,sig,18,0.858921712884361,0.902167319065291,0.934082397003745,0.997,0,85892171.2884361,90216731.9065291,93408239.7003745
0.010517448856799,Threshold Cutoff,False Negative,rad,18,0.001908078742435,0.004838508542212,0.009687370600414,0.014,0.905626369670856,0.164299009016818,0.41662963950354,0.834150789603104
0.010449382716049,Threshold Cutoff,False Negative,lin,18,0.002130898021309,0.005413367390379,0.010959441310771,0.035,1.04439853076217,0.212979735084343,0.541057122953675,1.09537804423252
0.010449382716049,Threshold Cutoff,False Negative,pol,18,0.001975308641975,0.004444444444444,0.008711111111111,0.003,1.09297520661157,0.206611570247934,0.464876033057851,0.911157024793388
0.010449382716049,Threshold Cutoff,False Negative,sig,18,0.00222182821119,0.005563847429519,0.01112702484221,0.045,1.09297520661157,0.232396804114647,0.581962347354138,1.16385461288612
0.592,Utopia Distance,Total,rad,18,0.626555555555556,0.711111111111111,0.817888888888889,0.998,0.963820549927641,1.02007959479016,1.15774240231548,1.33158465991317
0.712888888888889,Utopia Distance,Total,lin,18,0.76,0.955555555555556,0.982222222222222,0.997,0.961630695443645,1.02517985611511,1.28896882494005,1.32494004796163
0.908444444444444,Utopia Distance,Total,pol,18,0.897777777777778,0.937777777777778,0.955555555555556,0.918,0.981748318924112,0.970220941402498,1.01344860710855,1.03266090297791
0.964444444444444,Utopia Distance,Total,sig,18,0.955555555555556,0.973333333333333,0.986666666666667,0.702,1.00370027752081,0.994449583718779,1.01295097132285,1.0268270120259
0.911016414141414,Utopia Distance,False Positive,rad,18,0.895071987054429,0.935533584694875,0.966939824561403,0.865,1.00718190418341,0.989554407921756,1.03428706951295,1.06900850370557
0.922813749000799,Utopia Distance,False Positive,lin,18,0.909347057347931,0.944775705404113,0.97133185549205,0.838,1.00775821265662,0.993051919945677,1.03174175424929,1.06074238235722
0.928118853316593,Utopia Distance,False Positive,pol,18,0.910268562401264,0.945786163522013,0.972771576499495,0.828,1.00672170458879,0.987359663581363,1.0258852681582,1.05515608929781
0.930153086419753,Utopia Distance,False Positive,sig,18,0.913086419753086,0.947377777777778,0.973511111111111,0.706,1.00741424709536,0.988929974558453,1.0260696703039,1.05437371262604
8.44550013196094E-05,Utopia Distance,False Negative,rad,18,0,0,0.000493827160494,0.053,0.846469445044267,0,0,4.94949494949495
0.000488736158839,Utopia Distance,False Negative,lin,18,0,0,0,0.02,1.05383734249714,0,0,0
0,Utopia Distance,False Negative,pol,18,0,0,0,0,0,0,0,0
0,Utopia Distance,False Negative,sig,18,0,0,0,0,0,0,0,0
0.574222222222222,Pareto Distance,Total,rad,21,0.484444444444444,0.573333333333333,0.644444444444444,0.478,0.971428571428571,0.819548872180451,0.969924812030075,1.09022556390977
0.437333333333333,Pareto Distance,Total,lin,21,0.435555555555556,0.68,0.933333333333333,0.968,0.591346153846154,0.588942307692308,0.919471153846154,1.26201923076923
0.809777777777778,Pareto Distance,Total,pol,21,0.817777777777778,0.862222222222222,0.897888888888889,0.984,0.938208032955716,0.947476828012358,0.998970133882595,1.04029351184346
0.096,Pareto Distance,Total,sig,21,0.533333333333333,0.924444444444444,0.964444444444444,1,0.103053435114504,0.572519083969466,0.99236641221374,1.03530534351145
0.828702669149596,Pareto Distance,False Positive,rad,21,0.818010365391897,0.872924032320666,0.915174243730483,0.957,0.98783538279134,0.975089875423484,1.04054841104848,1.09091177454996
0.866220338983051,Pareto Distance,False Positive,lin,21,0.843581871345029,0.893992471159684,0.930424791525806,0.861,1.00357315327686,0.977345001696489,1.03574899238778,1.07795822828952
0.852117290192113,Pareto Distance,False Positive,pol,21,0.848514672545065,0.892827804107425,0.927882142537781,0.968,0.987262565876547,0.983088575296805,1.034429742143,1.07504367698764
0.927111111111111,Pareto Distance,False Positive,sig,21,0.854597530864197,0.901258835978836,0.935490247966285,0.089,1.06835174960667,0.984791096089971,1.03856101251176,1.07800740512857
0.001069274653627,Pareto Distance,False Negative,rad,21,0,0,0.001666830065359,0.096,1.52710126059759,0,0,2.38050933441558
0.005692700357325,Pareto Distance,False Negative,lin,21,0,0.001141229141229,0.004706229394413,0.01,1.6634514031145,0,0.333476047761762,1.37519690096473
0.001071895424837,Pareto Distance,False Negative,pol,21,0,0,0,0.016,107189.54248366,0,0,0
0.005438479425741,Pareto Distance,False Negative,sig,21,0,0,0.005783853362167,0.031,543847.942574057,0,0,578385.336216661
0.108444444444444,Threshold Cutoff,Total,rad,21,0.275555555555556,0.324444444444444,0.377777777777778,1,0.291866028708134,0.741626794258373,0.873205741626794,1.01674641148325
0.108444444444444,Threshold Cutoff,Total,lin,21,0.324333333333333,0.386666666666667,0.448888888888889,0.999,0.7625,2.28046875,2.71875,3.15625
0.108444444444444,Threshold Cutoff,Total,pol,21,0.044444444444444,0.066666666666667,0.093333333333333,0.002,1.10909090909091,0.454545454545455,0.681818181818182,0.954545454545455
0.108444444444444,Threshold Cutoff,Total,sig,21,0.124333333333333,0.404444444444444,0.466666666666667,0.982,1.10909090909091,1.27159090909091,4.13636363636364,4.77272727272727
0,Threshold Cutoff,False Positive,rad,21,0.833869002525253,0.887431693989071,0.925694444444444,1,0,0.972583853646354,1.03505674653216,1.07968453959833
0,Threshold Cutoff,False Positive,lin,21,0.851708795269771,0.89923896499239,0.931371835443038,0.999,0,0.944012211505904,0.996693434104865,1.03230868460435
0,Threshold Cutoff,False Positive,pol,21,0,0,0,0,0,0,0,0
0,Threshold Cutoff,False Positive,sig,21,0.852668322794339,0.902692810457516,0.937148148148148,0.992,0,85266832.2794339,90269281.0457516,93714814.8148148
0.011760197530864,Threshold Cutoff,False Negative,rad,21,0.001806451612903,0.004732455303175,0.01004379316832,0.008,1.0126357771261,0.155548197899915,0.407497709206666,0.864841281245692
0.011760197530864,Threshold Cutoff,False Negative,lin,21,0.002087646035297,0.005323671497585,0.010842741935484,0.018,1.17541230486685,0.208656770573336,0.532092166726554,1.08371413456412
0.011760197530864,Threshold Cutoff,False Negative,pol,21,0.001975308641975,0.004444444444444,0.008711111111111,0.002,1.2300826446281,0.206611570247934,0.464876033057851,0.911157024793388
0.011760197530864,Threshold Cutoff,False Negative,sig,21,0.00220614354125,0.005441110209967,0.011333413848631,0.021,1.2300826446281,0.230756233007805,0.569124389213971,1.18544230596479
0.591111111111111,Utopia Distance,Total,rad,21,0.617666666666667,0.711111111111111,0.804444444444444,0.992,0.962373371924747,1.00560781476122,1.15774240231548,1.30969609261939
0.736888888888889,Utopia Distance,Total,lin,21,0.746666666666667,0.951111111111111,0.982222222222222,0.983,0.99400479616307,1.00719424460432,1.28297362110312,1.32494004796163
0.897777777777778,Utopia Distance,Total,pol,21,0.897777777777778,0.933333333333333,0.955555555555556,0.959,0.970220941402498,0.970220941402498,1.00864553314121,1.03266090297791
0.957333333333333,Utopia Distance,Total,sig,21,0.955555555555556,0.973333333333333,0.982222222222222,0.944,0.996299722479186,0.994449583718779,1.01295097132285,1.02220166512488
0.89522143864598,Utopia Distance,False Positive,rad,21,0.89543371268843,0.93516339869281,0.961437185556484,0.975,0.98971963539321,0.989954316756755,1.03387780724646,1.06292501459936
0.910850096339114,Utopia Distance,False Positive,lin,21,0.909717700258398,0.943838383838384,0.964760493827161,0.972,0.994693312793309,0.993456680318385,1.0307181527839,1.05356613071024
0.913900441083806,Utopia Distance,False Positive,pol,21,0.910688502081672,0.94565560821485,0.964365656565657,0.947,0.991299127891438,0.987815168163965,1.02574365605658,1.046038267788
0.916487111111111,Utopia Distance,False Positive,sig,21,0.913086419753086,0.947377777777778,0.964760493827161,0.947,0.992613137012103,0.988929974558453,1.0260696703039,1.04489624418409
0.000205128205128,Utopia Distance,False Negative,rad,21,0,0,0.000503723932473,0.053,2.05594405594406,0,0,5.04868759591947
0.000984615384615,Utopia Distance,False Negative,lin,21,0,0,0.000412345679012,0.009,2.12307692307692,0,0,0.889120370370369
0,Utopia Distance,False Negative,pol,21,0,0,0,0,0,0,0,0
0,Utopia Distance,False Negative,sig,21,0,0,0,0,0,0,0,0
0.561777777777778,Pareto Distance,Total,rad,24,0.48,0.568888888888889,0.640111111111111,0.604,0.950375939849624,0.81203007518797,0.962406015037594,1.0828947368421
0.112888888888889,Pareto Distance,Total,lin,24,0.417777777777778,0.666666666666667,0.933333333333333,1,0.152644230769231,0.564903846153846,0.901442307692308,1.26201923076923
0.831111111111111,Pareto Distance,Total,pol,24,0.817777777777778,0.862222222222222,0.902222222222222,0.905,0.962924819773429,0.947476828012358,0.998970133882595,1.04531410916581
0.067555555555556,Pareto Distance,Total,sig,24,0.528777777777778,0.915555555555556,0.964444444444444,1,0.072519083969466,0.567628816793893,0.982824427480916,1.03530534351145
0.84875896446374,Pareto Distance,False Positive,rad,24,0.820428552778371,0.874850574712644,0.920788022064618,0.829,1.01174301443847,0.977972418404828,1.04284490026239,1.0976035460092
0.936888888888889,Pareto Distance,False Positive,lin,24,0.845854635742904,0.894074074074074,0.933351962741184,0.018,1.08544730962577,0.97997814851928,1.03584353472352,1.08134954838972
0.872372588157019,Pareto Distance,False Positive,pol,24,0.849250398724083,0.898930127142067,0.93596548004315,0.873,1.01073034158254,0.983940987193196,1.04149988984019,1.08440902682651
0.936888888888889,Pareto Distance,False Positive,sig,24,0.854597530864197,0.903271941831119,0.938745679012346,0.035,1.07961912184605,0.984791096089971,1.04088080474988,1.08175878445312
0.000872503840246,Pareto Distance,False Negative,rad,24,0,0,0.001706268958544,0.131,1.24607995690945,0,0,2.43683460434914
0.004191664068184,Pareto Distance,False Negative,lin,24,0,0.001142365591398,0.004651690821256,0.04,1.22483690304083,0,0.333808127356514,1.35926030491248
0.001026196928636,Pareto Distance,False Negative,pol,24,0,0,0.001685823754789,0.028,102619.692863595,0,0,168582.375478927
0.004000793650794,Pareto Distance,False Negative,sig,24,0,0,0.00569396567299,0.085,400079.365079365,0,0,569396.567299006
0.099555555555556,Threshold Cutoff,Total,rad,24,0.271111111111111,0.32,0.373333333333333,1,0.267942583732057,0.729665071770335,0.861244019138756,1.00478468899522
0.099555555555556,Threshold Cutoff,Total,lin,24,0.32,0.382222222222222,0.44,0.999,0.7,2.25,2.6875,3.09375
0.099555555555556,Threshold Cutoff,Total,pol,24,0.044444444444444,0.066666666666667,0.093333333333333,0.005,1.01818181818182,0.454545454545455,0.681818181818182,0.954545454545455
0.099555555555556,Threshold Cutoff,Total,sig,24,0.097777777777778,0.4,0.457777777777778,0.972,1.01818181818182,1,4.09090909090909,4.68181818181818
0,Threshold Cutoff,False Positive,rad,24,0.830347670250896,0.887296849087894,0.926599326599327,1,0,0.968476744612451,1.03489947006159,1.08073994970547
0,Threshold Cutoff,False Positive,lin,24,0.852378806865649,0.898845081640781,0.932189671037497,0.999,0,0.944754835195916,0.996256863887565,1.03321515262777
0,Threshold Cutoff,False Positive,pol,24,0,0,0,0,0,0,0,0
0,Threshold Cutoff,False Positive,sig,24,0.854747842688049,0.902898550724638,0.938193939393939,0.99,0,85474784.2688049,90289855.0724638,93819393.9393939
0.009911308641975,Threshold Cutoff,False Negative,rad,24,0.001749900793651,0.004732455303175,0.009937961703848,0.026,0.853433431085044,0.150678774350649,0.407497709206666,0.855728447299814
0.009911308641975,Threshold Cutoff,False Negative,lin,24,0.001971752213505,0.005298013245033,0.011223818755464,0.061,0.990618916437098,0.197073374645231,0.529527666794374,1.12180213284212
0.009911308641975,Threshold Cutoff,False Negative,pol,24,0.001975308641975,0.004444444444444,0.008711111111111,0.005,1.03669421487603,0.206611570247934,0.464876033057851,0.911157024793388
0.009911308641975,Threshold Cutoff,False Negative,sig,24,0.002073317112733,0.00551119582995,0.011430528375734,0.067,1.03669421487603,0.21686297279363,0.576455142337277,1.19560020458993
0.586666666666667,Utopia Distance,Total,rad,24,0.608888888888889,0.702222222222222,0.800111111111111,0.988,0.955137481910275,0.991316931982634,1.14327062228654,1.30264109985528
0.642666666666667,Utopia Distance,Total,lin,24,0.737777777777778,0.946666666666667,0.982222222222222,0.999,0.866906474820144,0.995203836930456,1.27697841726619,1.32494004796163
0.908444444444444,Utopia Distance,Total,pol,24,0.893333333333333,0.933333333333333,0.955666666666667,0.859,0.981748318924112,0.965417867435158,1.00864553314121,1.03278097982709
0.909333333333333,Utopia Distance,Total,sig,24,0.951111111111111,0.973333333333333,0.986666666666667,0.998,0.946345975948196,0.989824236817761,1.01295097132285,1.0268270120259
0.908778749595076,Utopia Distance,False Positive,rad,24,0.893896802122609,0.935287327052033,0.967692307692308,0.888,1.00470803521275,0.988255172277891,1.03401481729247,1.06984041779722
0.91070975357828,Utopia Distance,False Positive,lin,24,0.90723772112661,0.944705882352941,0.972439285714286,0.965,0.994540051563759,0.99074842056393,1.03166550402726,1.06195175088106
0.917801081980857,Utopia Distance,False Positive,pol,24,0.90983519404572,0.94565560821485,0.972771576499495,0.935,0.995530116022792,0.986889593042392,1.02574365605658,1.05515608929781
0.91866125169218,Utopia Distance,False Positive,sig,24,0.913086419753086,0.947377777777778,0.973511111111111,0.936,0.994967867893003,0.988929974558453,1.0260696703039,1.05437371262604
0.000931409769679,Utopia Distance,False Negative,rad,24,0,0,0.000582877959927,0.004,9.33526610064196,0,0,5.84202682563338
0.000879330943847,Utopia Distance,False Negative,lin,24,0,0,0.000703441295547,0.02,1.89605734767025,0,0,1.51679529352226
0,Utopia Distance,False Negative,pol,24,0,0,0,0,0,0,0,0
0.000704980842912,Utopia Distance,False Negative,sig,24,0,0,0,0.002,70498.0842911877,0,0,0
0.56,Pareto Distance,Total,rad,27,0.475444444444444,0.564444444444444,0.644444444444444,0.535,0.947368421052632,0.804323308270677,0.954887218045113,1.09022556390977
0.067555555555556,Pareto Distance,Total,lin,27,0.422111111111111,0.671111111111111,0.933333333333333,1,0.091346153846154,0.570763221153846,0.907451923076923,1.26201923076923
0.067555555555556,Pareto Distance,Total,pol,27,0.804444444444444,0.862222222222222,0.902222222222222,0.999,0.07826982492276,0.932028836251287,0.998970133882595,1.04531410916581
0.073777777777778,Pareto Distance,Total,sig,27,0.511111111111111,0.911111111111111,0.964444444444444,0.999,0.079198473282443,0.548664122137405,0.978053435114504,1.03530534351145
0.840551368760065,Pareto Distance,False Positive,rad,27,0.818970917225951,0.873034825870647,0.914635431372549,0.88,1.00195934443768,0.976234878479474,1.04068047987477,1.09026949604445
0,Pareto Distance,False Positive,lin,27,0.845743334886369,0.89316954221302,0.929098082191781,1,0,0.979849199167103,1.03479557515574,1.07642114839205
0,Pareto Distance,False Positive,pol,27,0.849250398724083,0.893173359135623,0.928570485740701,0.999,0,0.983940987193196,1.03483010198515,1.07584119099721
0.932444444444444,Pareto Distance,False Positive,sig,27,0.854597530864197,0.899964680306144,0.938141081637726,0.034,1.07449758900996,0.984791096089971,1.0370696988379,1.08106207975911
0.001242401021711,Pareto Distance,False Negative,rad,27,0,0,0.001887770789658,0.082,1.77435438125093,0,0,2.69604927305399
0.00456375308642,Pareto Distance,False Negative,lin,27,0,0.001292410481261,0.004575726842461,0.028,1.33356421356421,0,0.377652413355514,1.3370630383815
0.00456375308642,Pareto Distance,False Negative,pol,27,0,0,0.001631623931624,0.002,456375.308641975,0,0,163162.393162393
0.004592327569072,Pareto Distance,False Negative,sig,27,0,0,0.005470588235294,0.057,459232.756907176,0,0,547058.823529412
0.094222222222222,Threshold Cutoff,Total,rad,27,0.271111111111111,0.324444444444444,0.373333333333333,1,0.253588516746411,0.729665071770335,0.873205741626794,1.00478468899522
0.094222222222222,Threshold Cutoff,Total,lin,27,0.32,0.382222222222222,0.440111111111111,0.999,0.6625,2.25,2.6875,3.09453125
0.094222222222222,Threshold Cutoff,Total,pol,27,0.044444444444444,0.066666666666667,0.093333333333333,0.022,0.963636363636364,0.454545454545455,0.681818181818182,0.954545454545455
0.094222222222222,Threshold Cutoff,Total,sig,27,0.097777777777778,0.404444444444444,0.462222222222222,0.976,0.963636363636364,1,4.13636363636364,4.72727272727273
0,Threshold Cutoff,False Positive,rad,27,0.82835246792781,0.884656084656085,0.925220458553792,1,0,0.966149638606215,1.03181941211498,1.07913170573269
0,Threshold Cutoff,False Positive,lin,27,0.85268759018759,0.898703703703704,0.931666666666667,0.999,0,0.945097082720235,0.996100164203613,1.0326354679803
0,Threshold Cutoff,False Positive,pol,27,0,0,0,0.001,0,0,0,0
0,Threshold Cutoff,False Positive,sig,27,0.851166297153139,0.90187265917603,0.937777777777778,0.991,0,85116629.7153139,90187265.917603,93777777.7777778
0.008877827160494,Threshold Cutoff,False Negative,rad,27,0.001707058388766,0.004819277108434,0.009916666666667,0.056,0.764443401759531,0.146989741759921,0.41497367770201,0.853894794721407
0.008877827160494,Threshold Cutoff,False Negative,lin,27,0.001930720251385,0.005370415077334,0.011333783783784,0.104,0.887324150596878,0.192972297852798,0.536764110260408,1.13279295566227
0.008877827160494,Threshold Cutoff,False Negative,pol,27,0.001975308641975,0.004444444444444,0.008711111111111,0.021,0.928595041322314,0.206611570247934,0.464876033057851,0.911157024793388
0.008877827160494,Threshold Cutoff,False Negative,sig,27,0.001985773387369,0.00551724137931,0.011587150014736,0.114,0.928595041322314,0.207706152346203,0.577087489313195,1.21198237499178
0.564444444444444,Utopia Distance,Total,rad,27,0.613222222222222,0.702222222222222,0.804444444444444,0.998,0.918958031837916,0.998371924746744,1.14327062228654,1.30969609261939
0.622222222222222,Utopia Distance,Total,lin,27,0.746666666666667,0.951111111111111,0.982222222222222,0.999,0.839328537170264,1.00719424460432,1.28297362110312,1.32494004796163
0.889777777777778,Utopia Distance,Total,pol,27,0.888888888888889,0.933333333333333,0.955555555555556,0.972,0.961575408261287,0.960614793467819,1.00864553314121,1.03266090297791
0.482666666666667,Utopia Distance,Total,sig,27,0.951111111111111,0.973333333333333,0.982222222222222,1,0.502312673450509,0.989824236817761,1.01295097132285,1.02220166512488
0.904872944693572,Utopia Distance,False Positive,rad,27,0.888453638906925,0.935411255411255,0.961214915108532,0.918,1.00038993955937,0.982237437133657,1.03415182733849,1.06267928162514
0.914565044383226,Utopia Distance,False Positive,lin,27,0.903973273273273,0.944133333333333,0.964760493827161,0.92,0.998750219623209,0.987183482202802,1.03104025220664,1.05356613071024
0.920430409356725,Utopia Distance,False Positive,pol,27,0.902443927648579,0.945786163522013,0.964363636363636,0.878,0.998382122453107,0.978872356586295,1.0258852681582,1.04603607649405
0.938841725090291,Utopia Distance,False Positive,sig,27,0.904612345679012,0.947377777777778,0.964760493827161,0.532,1.01682458880401,0.979752019791864,1.0260696703039,1.04489624418409
0.000428849902534,Utopia Distance,False Negative,rad,27,0,0,0.000522875816993,0.043,4.29824561403509,0,0,5.24064171122995
0.000882205513784,Utopia Distance,False Negative,lin,27,0,0,0.00048173546681,0.018,1.90225563909774,0,0,1.03874210030926
0,Utopia Distance,False Negative,pol,27,0,0,0,0,0,0,0,0
0.002078995939461,Utopia Distance,False Negative,sig,27,0,0,0,0,207899.593946106,0,0,0
0.547555555555556,Pareto Distance,Total,rad,30,0.475555555555556,0.56,0.64,0.613,0.926315789473684,0.804511278195489,0.947368421052632,1.08270676691729
0.067555555555556,Pareto Distance,Total,lin,30,0.417777777777778,0.648888888888889,0.933333333333333,1,0.091346153846154,0.564903846153846,0.877403846153846,1.26201923076923
0.067555555555556,Pareto Distance,Total,pol,30,0.804444444444444,0.862222222222222,0.906666666666667,0.998,0.07826982492276,0.932028836251287,0.998970133882595,1.05046343975283
0.071111111111111,Pareto Distance,Total,sig,30,0.506666666666667,0.857777777777778,0.964444444444444,1,0.076335877862595,0.543893129770992,0.920801526717557,1.03530534351145
0.836457516339869,Pareto Distance,False Positive,rad,30,0.81879823633157,0.87361316872428,0.917517833507489,0.909,0.997079364653438,0.976029038310554,1.0413698797711,1.09370539521834
0,Pareto Distance,False Positive,lin,30,0.842679920794609,0.893884977619633,0.931769858308287,1,0,0.976300032746617,1.0356244540618,1.07951657649668
0,Pareto Distance,False Positive,pol,30,0.848514672545065,0.898003384094755,0.934648022513694,0.998,0,0.983088575296805,1.04042616591823,1.08288262134697
0.932444444444444,Pareto Distance,False Positive,sig,30,0.854597530864197,0.902174628240558,0.937230993407464,0.042,1.07449758900996,0.984791096089971,1.03961632104313,1.08001334423923
0.000910861423221,Pareto Distance,False Negative,rad,30,0,0,0.001768934240363,0.144,1.30086093681599,0,0,2.52633100318049
0.00456375308642,Pareto Distance,False Negative,lin,30,0,0.001239001733556,0.004531112091792,0.024,1.33356421356421,0,0.362045961103953,1.32402626058848
0.00456375308642,Pareto Distance,False Negative,pol,30,0,0,0.001810699588477,0,456375.308641975,0,0,181069.958847737
0.004580037664783,Pareto Distance,False Negative,sig,30,0,0,0.005718575718576,0.068,458003.766478343,0,0,571857.571857571
0.096,Threshold Cutoff,Total,rad,30,0.266666666666667,0.324444444444444,0.373333333333333,1,0.258373205741627,0.717703349282297,0.873205741626794,1.00478468899522
0.096,Threshold Cutoff,Total,lin,30,0.315555555555556,0.382222222222222,0.44,0.998,0.675,2.21875,2.6875,3.09375
0.096,Threshold Cutoff,Total,pol,30,0.044444444444444,0.066666666666667,0.093333333333333,0.021,0.981818181818182,0.454545454545455,0.681818181818182,0.954545454545455
0.096,Threshold Cutoff,Total,sig,30,0.088888888888889,0.4,0.462222222222222,0.97,0.981818181818182,0.909090909090909,4.09090909090909,4.72727272727273
0,Threshold Cutoff,False Positive,rad,30,0.832349206349206,0.886666666666667,0.924319248826291,1,0,0.970811238023061,1.03416445623342,1.0780805789645
0,Threshold Cutoff,False Positive,lin,30,0.852314952669791,0.898243348982786,0.930735930735931,0.998,0,0.944684060840902,0.995589918823285,1.03160386411618
0,Threshold Cutoff,False Positive,pol,30,0,0,0,0,0,0,0,0
0,Threshold Cutoff,False Positive,sig,30,0.85065,0.902146811503127,0.935872886257698,0.985,0,85065000,90214681.1503127,93587288.6257698
0.009216,Threshold Cutoff,False Negative,rad,30,0.001981285889615,0.004721682428639,0.009979559748428,0.044,0.793562463343108,0.170602659629931,0.406570088888332,0.859310331710286
0.009216,Threshold Cutoff,False Negative,lin,30,0.002278582930757,0.005299110142185,0.011129561313836,0.082,0.921123966942149,0.227740597676368,0.529637299851681,1.11238125734881
0.009216,Threshold Cutoff,False Negative,pol,30,0.001975308641975,0.004444444444444,0.008711111111111,0.021,0.96396694214876,0.206611570247934,0.464876033057851,0.911157024793388
0.009216,Threshold Cutoff,False Negative,sig,30,0.002321724709784,0.005355242253552,0.011666666666667,0.092,0.96396694214876,0.242845688910818,0.560142849351428,1.22029958677686
0.534222222222222,Utopia Distance,Total,rad,30,0.591,0.697777777777778,0.795666666666667,0.997,0.869753979739508,0.962192474674385,1.13603473227207,1.29540520984081
0.550222222222222,Utopia Distance,Total,lin,30,0.733333333333333,0.942222222222222,0.982222222222222,1,0.74220623501199,0.989208633093525,1.27098321342926,1.32494004796163
0.859555555555556,Utopia Distance,Total,pol,30,0.893222222222222,0.928888888888889,0.955555555555556,1,0.928914505283381,0.965297790585975,1.00384245917387,1.03266090297791
0.041777777777778,Utopia Distance,Total,sig,30,0.951111111111111,0.973333333333333,0.982222222222222,1,0.043478260869565,0.989824236817761,1.01295097132285,1.02220166512488
0.913235978835979,Utopia Distance,False Positive,rad,30,0.889928525016244,0.9344,0.96087812911726,0.84,1.00963576270981,0.983868009949886,1.03303382536299,1.06230694502315
0.920083333333333,Utopia Distance,False Positive,lin,30,0.904399525766958,0.943687899402185,0.964760493827161,0.888,1.00477646383046,0.987648970988206,1.03055381634372,1.05356613071024
0.9279098740888,Utopia Distance,False Positive,pol,30,0.903338406900051,0.945523809523809,0.964284128960841,0.825,1.00649502680537,0.979842589734284,1.02560069526828,1.04594983556943
0.965333333333333,Utopia Distance,False Positive,sig,30,0.904612345679012,0.947377777777778,0.964760493827161,0.019,1.04551666536877,0.979752019791864,1.0260696703039,1.04489624418409
0.000350168350168,Utopia Distance,False Negative,rad,30,0,0,0.000533675213675,0.06,3.50964187327824,0,0,5.34888111888112
0.000643298969072,Utopia Distance,False Negative,lin,30,0,0,0.000530746268657,0.018,1.38711340206186,0,0,1.14442164179104
0,Utopia Distance,False Negative,pol,30,0,0,0,0,0,0,0,0
0.001210384959714,Utopia Distance,False Negative,sig,30,0,0,0,0,121038.495971352,0,0,0
0.569777777777778,Pareto Distance,Total,rad,33,0.462222222222222,0.557777777777778,0.635555555555556,0.379,0.96390977443609,0.781954887218045,0.943609022556391,1.07518796992481
0.058666666666667,Pareto Distance,Total,lin,33,0.413333333333333,0.626666666666667,0.937777777777778,1,0.079326923076923,0.558894230769231,0.847355769230769,1.26802884615385
0.058666666666667,Pareto Distance,Total,pol,33,0.795555555555556,0.862222222222222,0.902222222222222,1,0.067971163748713,0.92173017507724,0.998970133882595,1.04531410916581
0.061333333333333,Pareto Distance,Total,sig,33,0.502222222222222,0.815555555555556,0.964444444444444,1,0.065839694656489,0.53912213740458,0.875477099236641,1.03530534351145
0.861190957190957,Pareto Distance,False Positive,rad,33,0.816663082437276,0.873236502960641,0.917904250676442,0.667,1.02656227682501,0.973483878697816,1.04092088427168,1.09416601464943
0,Pareto Distance,False Positive,lin,33,0.840867684633786,0.89313233965673,0.930906333870102,1,0,0.974200438132463,1.03475247355094,1.07851612672154
0,Pareto Distance,False Positive,pol,33,0.848505368995719,0.897320410021441,0.935317666249384,1,0,0.983077796210282,1.03963487257891,1.08365847016535
0.941333333333333,Pareto Distance,False Positive,sig,33,0.848602075505457,0.90068006112909,0.938240793874043,0.012,1.08474065468213,0.977882263755385,1.03789406427228,1.08117698264491
0.000950617283951,Pareto Distance,False Negative,rad,33,0,0,0.001867101449275,0.159,1.35763888888889,0,0,2.66653003246753
0.003441777777778,Pareto Distance,False Negative,lin,33,0,0.001298554652213,0.004542826516598,0.089,1.00571428571429,0,0.379447787984373,1.32744930679812
0.003441777777778,Pareto Distance,False Negative,pol,33,0,0,0.001777777777778,0.004,344177.777777778,0,0,177777.777777778
0.003450980392157,Pareto Distance,False Negative,sig,33,0,0.000818940956872,0.00559670781893,0.141,345098.039215686,0,81894.0956871991,559670.781893004
0.092444444444444,Threshold Cutoff,Total,rad,33,0.271111111111111,0.32,0.368888888888889,1,0.248803827751196,0.729665071770335,0.861244019138756,0.992822966507177
0.092444444444444,Threshold Cutoff,Total,lin,33,0.32,0.377777777777778,0.435555555555556,0.998,0.65,2.25,2.65625,3.0625
0.092444444444444,Threshold Cutoff,Total,pol,33,0.044444444444444,0.066666666666667,0.097777777777778,0.052,0.945454545454545,0.454545454545455,0.681818181818182,1
0.092444444444444,Threshold Cutoff,Total,sig,33,0.075555555555556,0.4,0.462222222222222,0.959,0.945454545454545,0.772727272727273,4.09090909090909,4.72727272727273
0,Threshold Cutoff,False Positive,rad,33,0.826661016949153,0.884214896214896,0.924692353643967,1,0,0.964176813251039,1.03130483158372,1.07851575010084
0,Threshold Cutoff,False Positive,lin,33,0.851834795321638,0.897345399698341,0.931343808384239,0.998,0,0.944151866735805,0.994594654838063,1.03227762013031
0,Threshold Cutoff,False Positive,pol,33,0,0,0,0,0,0,0,0
0,Threshold Cutoff,False Positive,sig,33,0.839446331620358,0.902167319065291,0.937777777777778,0.98,0,83944633.1620358,90216731.9065291,93777777.7777778
0.008545975308642,Threshold Cutoff,False Negative,rad,33,0.001738942217203,0.004833011393858,0.01006397468253,0.074,0.73586862170088,0.149735163790691,0.416156296340628,0.866579051659212
0.008545975308642,Threshold Cutoff,False Negative,lin,33,0.001917808219178,0.00547476876244,0.011579128856624,0.124,0.854156106519743,0.191681761575908,0.547194088601311,1.15731479016364
0.008545975308642,Threshold Cutoff,False Negative,pol,33,0.001975308641975,0.004444444444444,0.00956049382716,0.052,0.893884297520661,0.206611570247934,0.464876033057851,1
0.008545975308642,Threshold Cutoff,False Negative,sig,33,0.002022773505334,0.00551724137931,0.011666666666667,0.133,0.893884297520661,0.211576257660159,0.577087489313195,1.22029958677686
0.545777777777778,Utopia Distance,Total,rad,33,0.582222222222222,0.693333333333333,0.791111111111111,0.995,0.888567293777135,0.947901591895803,1.1287988422576,1.28798842257598
0.471111111111111,Utopia Distance,Total,lin,33,0.724444444444444,0.942222222222222,0.982222222222222,1,0.635491606714628,0.977218225419664,1.27098321342926,1.32494004796163
0.877333333333333,Utopia Distance,Total,pol,33,0.888888888888889,0.928888888888889,0.955555555555556,0.994,0.948126801152738,0.960614793467819,1.00384245917387,1.03266090297791
0.077333333333333,Utopia Distance,Total,sig,33,0.946666666666667,0.968888888888889,0.982222222222222,1,0.080481036077706,0.985198889916744,1.00832562442183,1.02220166512488
0.90926261050442,Utopia Distance,False Positive,rad,33,0.890102094403945,0.933057471264368,0.960515653775322,0.883,1.00524297173472,0.984059901054918,1.03154958136103,1.0619062073422
0.917002276019036,Utopia Distance,False Positive,lin,33,0.904612345679012,0.940054548996688,0.964760493827161,0.915,1.00141179699979,0.987881380848182,1.02658601816715,1.05356613071024
0.921625889967638,Utopia Distance,False Positive,pol,33,0.903113737040638,0.94525641025641,0.964363636363636,0.853,0.999678848916663,0.979598892471774,1.02531064982279,1.04603607649405
0.961777777777778,Utopia Distance,False Positive,sig,33,0.904612345679012,0.947377777777778,0.964760493827161,0.113,1.04166577525692,0.979752019791864,1.0260696703039,1.04489624418409
0.000631772268136,Utopia Distance,False Negative,rad,33,0,0,0.000579789340303,0.018,6.3320811419985,0,0,5.81107043348668
0.001170068027211,Utopia Distance,False Negative,lin,33,0,0,0.000755792076547,0.012,2.52295918367347,0,0,1.62967666505402
0,Utopia Distance,False Negative,pol,33,0,0,0,0,0,0,0,0
0.001520402919108,Utopia Distance,False Negative,sig,33,0,0,0,0,152040.291910782,0,0,0
0.544,Pareto Distance,Total,rad,36,0.457777777777778,0.555555555555556,0.635666666666667,0.601,0.920300751879699,0.774436090225564,0.93984962406015,1.07537593984962
0.066666666666667,Pareto Distance,Total,lin,36,0.408888888888889,0.631111111111111,0.924444444444444,1,0.090144230769231,0.552884615384615,0.853365384615385,1.25
0.329777777777778,Pareto Distance,Total,pol,36,0.795444444444445,0.862222222222222,0.902222222222222,0.992,0.382080329557158,0.921601441812564,0.998970133882595,1.04531410916581
0.071111111111111,Pareto Distance,Total,sig,36,0.493333333333333,0.811111111111111,0.964444444444444,1,0.076335877862595,0.529580152671756,0.870706106870229,1.03530534351145
0.844645550527903,Pareto Distance,False Positive,rad,36,0.816252525252525,0.87187949143173,0.916568066921258,0.835,1.00683971681297,0.972994483732826,1.03930329082952,1.09257324846149
0,Pareto Distance,False Positive,lin,36,0.839563725490196,0.892988672521319,0.929254838780386,1,0,0.972689715824773,1.03458602573897,1.07660276119522
0.870565302144249,Pareto Distance,False Positive,pol,36,0.841507244414353,0.89511424813535,0.933215864447443,0.861,1.0086364211249,0.974969773394591,1.03707881478091,1.08122332389637
0.933333333333333,Pareto Distance,False Positive,sig,36,0.852868822057769,0.901506751954513,0.937637992831541,0.039,1.07552189557718,0.982799027333838,1.03884669721901,1.08048234794503
0.001731601731602,Pareto Distance,False Negative,rad,36,0,0,0.002000682261209,0.045,2.47301399898803,0,0,2.85730555080884
0.004444444444444,Pareto Distance,False Negative,lin,36,0,0.00132782369146,0.004745863342965,0.032,1.2987012987013,0,0.388000429322743,1.38677824956774
0.004427415921669,Pareto Distance,False Negative,pol,36,0,0,0.002390199430199,0.006,442741.59216688,0,0,239019.943019943
0.004464285714286,Pareto Distance,False Negative,sig,36,0,0.000862206292314,0.006210134326373,0.082,446428.571428571,0,86220.6292313819,621013.432637319
0.101333333333333,Threshold Cutoff,Total,rad,36,0.266666666666667,0.32,0.368888888888889,0.998,0.272727272727273,0.717703349282297,0.861244019138756,0.992822966507177
0.101333333333333,Threshold Cutoff,Total,lin,36,0.306666666666667,0.377777777777778,0.44,0.989,0.7125,2.15625,2.65625,3.09375
0.101333333333333,Threshold Cutoff,Total,pol,36,0.04,0.066666666666667,0.093333333333333,0.011,1.03636363636364,0.409090909090909,0.681818181818182,0.954545454545455
0.101333333333333,Threshold Cutoff,Total,sig,36,0.075555555555556,0.395555555555556,0.457777777777778,0.95,1.03636363636364,0.772727272727273,4.04545454545454,4.68181818181818
0,Threshold Cutoff,False Positive,rad,36,0.825290695523492,0.884224921277553,0.924319248826291,0.999,0,0.962578537635964,1.03131652432448,1.0780805789645
0,Threshold Cutoff,False Positive,lin,36,0.84601503164557,0.896332695679898,0.931768006866046,0.993,0,0.937701389754942,0.993472199645207,1.03274779086138
0,Threshold Cutoff,False Positive,pol,36,0,0,0,0,0,0,0,0
0,Threshold Cutoff,False Positive,sig,36,0,0.901195203264169,0.937931034482759,0.972,0,0,90119520.3264169,93793103.4482759
0.010268444444444,Threshold Cutoff,False Negative,rad,36,0.001782603503185,0.004798909338787,0.009916666666667,0.021,0.884185337243402,0.153494707807217,0.413219869384524,0.853894794721407
0.010268444444444,Threshold Cutoff,False Negative,lin,36,0.001999857549858,0.005450427703561,0.011267794687589,0.047,1.02631404958678,0.199882456558593,0.544761239999499,1.12619745457045
0.010268444444444,Threshold Cutoff,False Negative,pol,36,0.0016,0.004444444444444,0.008711111111111,0.011,1.07404958677686,0.167355371900826,0.464876033057851,0.911157024793388
0.010268444444444,Threshold Cutoff,False Negative,sig,36,0.002057454890788,0.005479452054795,0.011666873963516,0.05,1.07404958677686,0.215203830260648,0.573134835276803,1.22032126942766
0.537777777777778,Utopia Distance,Total,rad,36,0.582222222222222,0.693333333333333,0.786777777777778,0.989,0.875542691751085,0.947901591895803,1.1287988422576,1.28093342981187
0.418666666666667,Utopia Distance,Total,lin,36,0.715555555555556,0.937777777777778,0.982222222222222,1,0.564748201438849,0.965227817745803,1.26498800959233,1.32494004796163
0.861333333333333,Utopia Distance,Total,pol,36,0.888888888888889,0.928888888888889,0.955555555555556,1,0.930835734870317,0.960614793467819,1.00384245917387,1.03266090297791
0.069333333333333,Utopia Distance,Total,sig,36,0.946666666666667,0.973333333333333,0.982222222222222,1,0.072155411655874,0.985198889916744,1.01295097132285,1.02220166512488
0.909438651922064,Utopia Distance,False Positive,rad,36,0.889177449482085,0.9344,0.960025109855618,0.854,1.00543759581337,0.983037652038725,1.03303382536299,1.06136388236159
0.923500356887937,Utopia Distance,False Positive,lin,36,0.902443927648579,0.944089108215729,0.964760493827161,0.816,1.00850802239655,0.985513361211491,1.03099195619293,1.05356613071024
0.922674579624135,Utopia Distance,False Positive,pol,36,0.902898105478751,0.945523809523809,0.964363636363636,0.825,1.00081635262624,0.97936499896474,1.02560069526828,1.04603607649405
0.962666666666667,Utopia Distance,False Positive,sig,36,0.904612345679012,0.947377777777778,0.964760493827161,0.123,1.04262849778488,0.979752019791864,1.0260696703039,1.04489624418409
0.000531165311653,Utopia Distance,False Negative,rad,36,0,0,0.000538897749424,0.026,5.32372505543237,0,0,5.40122517036392
0.001304964539007,Utopia Distance,False Negative,lin,36,0,0,0.000721221221221,0.009,2.81382978723404,0,0,1.55513325825826
0,Utopia Distance,False Negative,pol,36,0,0,0,0,0,0,0,0
0.001439853076217,Utopia Distance,False Negative,sig,36,0,0,0,0.003,143985.307621671,0,0,0
0.582222222222222,Pareto Distance,Total,rad,39,0.453333333333333,0.551111111111111,0.631222222222222,0.22,0.984962406015037,0.766917293233083,0.932330827067669,1.06785714285714
0.126222222222222,Pareto Distance,Total,lin,39,0.408888888888889,0.617777777777778,0.924444444444444,1,0.170673076923077,0.552884615384615,0.835336538461538,1.25
0.794666666666667,Pareto Distance,Total,pol,39,0.795555555555556,0.857777777777778,0.897777777777778,0.978,0.920700308959835,0.92173017507724,0.993820803295571,1.04016477857878
0.079111111111111,Pareto Distance,Total,sig,39,0.497666666666667,0.786666666666667,0.964444444444444,0.999,0.084923664122137,0.534231870229008,0.844465648854962,1.03530534351145
0.811672955974843,Pareto Distance,False Positive,rad,39,0.818342410694125,0.871246819338422,0.915007993605116,0.983,0.967535516676425,0.975485682159048,1.03854912905022,1.09071360002689
0.888576998050682,Pareto Distance,False Positive,lin,39,0.841788413167104,0.892571428571429,0.931971003746186,0.559,1.02947481112015,0.9752671626088,1.03410262121978,1.07974961669707
0.838281119039529,Pareto Distance,False Positive,pol,39,0.848879763821793,0.893582554517134,0.928402907580478,0.989,0.971231986528805,0.983511569824425,1.03530419550131,1.07564703504432
0,Pareto Distance,False Positive,sig,39,0.854597530864197,0.900756904912503,0.938614475308642,1,0,0.984791096089971,1.03798261481328,1.08160759253586
0.000206556425878,Pareto Distance,False Negative,rad,39,0,0,0.001947896012338,0.467,0.294996778678241,0,0,2.7819180468408
0.006444444444444,Pareto Distance,False Negative,lin,39,0,0.001450261263926,0.004880517000808,0.002,1.88311688311688,0,0.423777642056258,1.42612509763865
0.000549382716049,Pareto Distance,False Negative,pol,39,0,0,0.002051851851852,0.047,54938.2716049383,0,0,205185.185185185
0.006258567901235,Pareto Distance,False Negative,sig,39,0,0.001188853948288,0.006064129668781,0.022,625856.790123457,0,118885.394828791,606412.966878083
0.104888888888889,Threshold Cutoff,Total,rad,39,0.262222222222222,0.32,0.368888888888889,0.998,0.282296650717703,0.705741626794258,0.861244019138756,0.992822966507177
0.104888888888889,Threshold Cutoff,Total,lin,39,0.306666666666667,0.377777777777778,0.435555555555556,0.993,0.7375,2.15625,2.65625,3.0625
0.104888888888889,Threshold Cutoff,Total,pol,39,0.044444444444444,0.066666666666667,0.093333333333333,0.005,1.07272727272727,0.454545454545455,0.681818181818182,0.954545454545455
0.104888888888889,Threshold Cutoff,Total,sig,39,0.075444444444445,0.4,0.457777777777778,0.948,1.07272727272727,0.771590909090909,4.09090909090909,4.68181818181818
0,Threshold Cutoff,False Positive,rad,39,0.827088378222552,0.884190476190476,0.924228199799892,0.999,0,0.964675266452829,1.0312763492665,1.07797438385148
0,Threshold Cutoff,False Positive,lin,39,0.849541084562824,0.898703703703704,0.930739400079826,0.994,0,0.941609576485888,0.996100164203613,1.03160770944808
0,Threshold Cutoff,False Positive,pol,39,0,0,0,0,0,0,0,0
0,Threshold Cutoff,False Positive,sig,39,0.83835217035217,0.903484797861677,0.937777777777778,0.977,0,83835217.035217,90348479.7861677,93777777.7777778
0.011001679012346,Threshold Cutoff,False Negative,rad,39,0.001932068944951,0.004928954111344,0.009938916884774,0.012,0.947321994134897,0.166364734299517,0.424417639572843,0.855810695100237
0.011001679012346,Threshold Cutoff,False Negative,lin,39,0.002237809752198,0.005562248995984,0.011100061012813,0.027,1.09959963269054,0.22366538587312,0.555937593348601,1.10943275102234
0.011001679012346,Threshold Cutoff,False Negative,pol,39,0.001975308641975,0.004444444444444,0.008711111111111,0.005,1.15074380165289,0.206611570247934,0.464876033057851,0.911157024793388
0.011001679012346,Threshold Cutoff,False Negative,sig,39,0.002285608465608,0.005671017918937,0.011253006105754,0.029,1.15074380165289,0.239068034238489,0.593172070549919,1.17703188864418
0.552888888888889,Utopia Distance,Total,rad,39,0.573333333333333,0.691111111111111,0.782222222222222,0.986,0.900144717800289,0.93342981186686,1.12518089725036,1.27351664254703
0.424,Utopia Distance,Total,lin,39,0.719888888888889,0.937777777777778,0.982222222222222,1,0.571942446043165,0.97107314148681,1.26498800959233,1.32494004796163
0.611555555555556,Utopia Distance,Total,pol,39,0.888777777777778,0.928888888888889,0.955555555555556,1,0.66090297790586,0.960494716618636,1.00384245917387,1.03266090297791
0.049777777777778,Utopia Distance,Total,sig,39,0.946666666666667,0.973333333333333,0.982222222222222,1,0.051803885291397,0.985198889916744,1.01295097132285,1.02220166512488
0.899704834605598,Utopia Distance,False Positive,rad,39,0.892397378246532,0.934079794079794,0.965839321644151,0.942,0.994676291727522,0.986597471526025,1.03267981899885,1.06779183339475
0.911921568627451,Utopia Distance,False Positive,lin,39,0.905757669753086,0.943229440680218,0.968538288051417,0.956,0.995863413476546,0.989132131330661,1.03005315676563,1.05769166867426
0.907437780877111,Utopia Distance,False Positive,pol,39,0.909829698809962,0.945390749601276,0.972437599681021,0.98,0.984289141749887,0.98688363241236,1.02545636643416,1.05479382781504
0.958222222222222,Utopia Distance,False Positive,sig,39,0.913086419753086,0.947377777777778,0.972973716990533,0.113,1.03781488514506,0.988929974558453,1.0260696703039,1.05379168102148
0.000622222222222,Utopia Distance,False Negative,rad,39,0,0,0.000579923273657,0.02,6.23636363636364,0,0,5.81241281097419
0.001544940934771,Utopia Distance,False Negative,lin,39,0,0,0.000676849483755,0.006,3.33127889060092,0,0,1.4594566993464
0.000921568627451,Utopia Distance,False Negative,pol,39,0,0,0,0,92156.862745098,0,0,0
0.001759458383114,Utopia Distance,False Negative,sig,39,0,0,0,0.002,175945.83831143,0,0,0
0.609777777777778,Pareto Distance,Total,rad,42,0.453333333333333,0.546666666666667,0.626666666666667,0.069,1.03157894736842,0.766917293233083,0.924812030075188,1.06015037593985
0.494222222222222,Pareto Distance,Total,lin,42,0.408888888888889,0.617777777777778,0.933333333333333,0.742,0.668269230769231,0.552884615384615,0.835336538461538,1.26201923076923
0.821333333333333,Pareto Distance,Total,pol,42,0.791,0.862222222222222,0.906666666666667,0.893,0.951596292481977,0.91645211122554,0.998970133882595,1.05046343975283
0.136888888888889,Pareto Distance,Total,sig,42,0.488777777777778,0.795555555555556,0.964444444444444,1,0.146946564885496,0.524689885496183,0.854007633587786,1.03530534351145
0.850317545427465,Pareto Distance,False Positive,rad,42,0.813713383838384,0.871851851851852,0.917894736842105,0.797,1.01360088394973,0.969967760368493,1.03927034372317,1.09415467390862
0.880985294117647,Pareto Distance,False Positive,lin,42,0.843576318742986,0.892853811350765,0.933357638888889,0.693,1.02067932351504,0.977338568642344,1.03442978021563,1.08135612457963
0.872258503401361,Pareto Distance,False Positive,pol,42,0.849927157186722,0.894195255162997,0.93515066581285,0.871,1.01059816305513,0.984725079129827,1.03601407009101,1.08346498356278
0.901633074935401,Pareto Distance,False Positive,sig,42,0.854597530864197,0.902060178248371,0.938745679012346,0.507,1.03899226486029,0.984791096089971,1.03948443517969,1.08175878445312
0.001214892993257,Pareto Distance,False Negative,rad,42,0,0,0.00192702020202,0.105,1.73506836171744,0,0,2.75210393299882
0.004868234844138,Pareto Distance,False Negative,lin,42,0,0.001344260212185,0.004664503642987,0.022,1.42253615575474,0,0.392803308755281,1.36300431126251
0.00408275862069,Pareto Distance,False Negative,pol,42,0,0,0.001975609756098,0,408275.862068965,0,0,197560.975609756
0.004494920329377,Pareto Distance,False Negative,sig,42,0,0.001071873701703,0.006031895777179,0.088,449492.032937654,0,107187.370170337,603189.57771788
0.100444444444444,Threshold Cutoff,Total,rad,42,0.253333333333333,0.315555555555556,0.368888888888889,0.999,0.270334928229665,0.681818181818182,0.849282296650718,0.992822966507177
0.100444444444444,Threshold Cutoff,Total,lin,42,0.302222222222222,0.373333333333333,0.44,0.987,0.70625,2.125,2.625,3.09375
0.100444444444444,Threshold Cutoff,Total,pol,42,0.04,0.066666666666667,0.093333333333333,0.006,1.02727272727273,0.409090909090909,0.681818181818182,0.954545454545455
0.100444444444444,Threshold Cutoff,Total,sig,42,0.066666666666667,0.391111111111111,0.457777777777778,0.933,1.02727272727273,0.681818181818182,4,4.68181818181818
0,Threshold Cutoff,False Positive,rad,42,0.826111748866213,0.884696016771488,0.924319248826291,1,0,0.963536173933385,1.03186598697334,1.0780805789645
0,Threshold Cutoff,False Positive,lin,42,0.851169590643275,0.897860810329927,0.933333333333333,0.991,0,0.943414570910034,0.995165922779476,1.03448275862069
0,Threshold Cutoff,False Positive,pol,42,0,0,0,0,0,0,0,0
0,Threshold Cutoff,False Positive,sig,42,0,0.903468834688347,0.94176339869281,0.969,0,0,90346883.4688347,94176339.869281
0.010089086419753,Threshold Cutoff,False Negative,rad,42,0.001675450010844,0.004728460596162,0.009656719259418,0.015,0.868741348973607,0.144268037957174,0.407153736817589,0.83151149341542
0.010089086419753,Threshold Cutoff,False Negative,lin,42,0.001943452380952,0.00529003055988,0.010884750980684,0.045,1.00838751147842,0.194244853158205,0.528729810607848,1.08791286919546
0.010089086419753,Threshold Cutoff,False Negative,pol,42,0.0016,0.004444444444444,0.008711111111111,0.006,1.05528925619835,0.167355371900826,0.464876033057851,0.911157024793388
0.010089086419753,Threshold Cutoff,False Negative,sig,42,0.001983906525573,0.005410628019324,0.011126289084379,0.051,1.05528925619835,0.207510884002361,0.565936040244341,1.16377765474527
0.580444444444444,Utopia Distance,Total,rad,42,0.573333333333333,0.684444444444444,0.786666666666667,0.966,0.945007235890014,0.93342981186686,1.11432706222865,1.28075253256151
0.420444444444444,Utopia Distance,Total,lin,42,0.733333333333333,0.937777777777778,0.982222222222222,1,0.567146282973621,0.989208633093525,1.26498800959233,1.32494004796163
0.035555555555556,Utopia Distance,Total,pol,42,0.888888888888889,0.924444444444444,0.955555555555556,1,0.038424591738713,0.960614793467819,0.999039385206532,1.03266090297791
0.044444444444444,Utopia Distance,Total,sig,42,0.946666666666667,0.973333333333333,0.986666666666667,1,0.046253469010176,0.985198889916744,1.01295097132285,1.0268270120259
0.911253023705854,Utopia Distance,False Positive,rad,42,0.891413287390607,0.934912280701754,0.965852656779529,0.856,1.00744348988918,0.985509501554491,1.03360018162689,1.06780657616648
0.935155459146782,Utopia Distance,False Positive,lin,42,0.905757669753086,0.94512077294686,0.969217884293261,0.705,1.02123596997364,0.989132131330661,1.0321185850567,1.05843382135106
0,Utopia Distance,False Positive,pol,42,0.91004746715273,0.94565560821485,0.972505673274094,1,0,0.98711984366532,1.02574365605658,1.05486766659486
0.964444444444444,Utopia Distance,False Positive,sig,42,0.913086419753086,0.947377777777778,0.973511111111111,0.134,1.04455394284081,0.988929974558453,1.0260696703039,1.05437371262604
0.000163098878695,Utopia Distance,False Negative,rad,42,0,0,0.000555751173709,0.078,1.63469557964971,0,0,5.57014244558259
0.001392235609103,Utopia Distance,False Negative,lin,42,0,0,0.000613205025394,0.002,3.00200803212851,0,0,1.32222333600642
0.001264197530864,Utopia Distance,False Negative,pol,42,0,0,0,0,126419.75308642,0,0,0
0.001275535625311,Utopia Distance,False Negative,sig,42,0,0,0,0.002,127553.562531141,0,0,0
0.574222222222222,Pareto Distance,Total,rad,45,0.448888888888889,0.546666666666667,0.631222222222222,0.243,0.971428571428571,0.759398496240602,0.924812030075188,1.06785714285714
0.496,Pareto Distance,Total,lin,45,0.404444444444444,0.613333333333333,0.924444444444444,0.717,0.670673076923077,0.546875,0.829326923076923,1.25
0.820444444444444,Pareto Distance,Total,pol,45,0.786666666666667,0.862222222222222,0.902222222222222,0.884,0.950566426364573,0.911431513903192,0.998970133882595,1.04531410916581
0.496888888888889,Pareto Distance,Total,sig,45,0.493333333333333,0.782222222222222,0.964444444444444,0.973,0.533396946564885,0.529580152671756,0.83969465648855,1.03530534351145
0.837376784605835,Pareto Distance,False Positive,rad,45,0.812986603624902,0.871340848962809,0.920451351351351,0.869,0.998175156610196,0.969101419234191,1.03866121483618,1.09720222566199
0.879308823529412,Pareto Distance,False Positive,lin,45,0.840393939393939,0.892606387764282,0.934773392832241,0.7,1.01873702223337,0.973651573158037,1.03414312374071,1.08299636850517
0.864698733041821,Pareto Distance,False Positive,pol,45,0.846634987876897,0.896045258255846,0.93580889309864,0.889,1.0018394177879,0.98091077380176,1.03815748253123,1.08422760528936
0.88092817679558,Pareto Distance,False Positive,sig,45,0.854597530864197,0.901291005291005,0.940352777777778,0.786,1.01513308132986,0.984791096089971,1.03859808265419,1.08361071650017
0.000495517522412,Pareto Distance,False Negative,rad,45,0,0.000364824717766,0.002007494297817,0.409,0.707681071984251,0,0.521030106257379,2.8670342670526
0.005232358003442,Pareto Distance,False Negative,lin,45,0,0.001378716326591,0.00496165374677,0.021,1.52893578022666,0,0.40287165387406,1.44983388704319
0.002016583747927,Pareto Distance,False Negative,pol,45,0,0,0.002298992479069,0.029,201658.374792703,0,0,229899.247906911
0.005339442535319,Pareto Distance,False Negative,sig,45,0,0.001282544260194,0.006486111111111,0.058,533944.253531882,0,128254.426019386,648611.111111111
0.098666666666667,Threshold Cutoff,Total,rad,45,0.262222222222222,0.315555555555556,0.368888888888889,0.999,0.26555023923445,0.705741626794258,0.849282296650718,0.992822966507177
0.098666666666667,Threshold Cutoff,Total,lin,45,0.284333333333333,0.373333333333333,0.431111111111111,0.992,0.69375,1.99921875,2.625,3.03125
0.098666666666667,Threshold Cutoff,Total,pol,45,0.044444444444444,0.066666666666667,0.093333333333333,0.005,1.00909090909091,0.454545454545455,0.681818181818182,0.954545454545455
0.099555555555556,Threshold Cutoff,Total,sig,45,0.066666666666667,0.391111111111111,0.448888888888889,0.924,1.01818181818182,0.681818181818182,4,4.59090909090909
0,Threshold Cutoff,False Positive,rad,45,0.824443722943723,0.883813431428032,0.923936507936508,1,0,0.96159067041333,1.03083658277207,1.07763416878688
0,Threshold Cutoff,False Positive,lin,45,0.846467761340722,0.897435897435897,0.930425476083371,0.994,0,0.938203183752031,0.994694960212202,1.03125976413181
0,Threshold Cutoff,False Positive,pol,45,0,0,0,0,0,0,0,0
0.901333333333333,Threshold Cutoff,False Positive,sig,45,0,0.903004115226338,0.942222222222222,0.541,90133333.3333333,0,90300411.5226337,94222222.2222222
0.009735111111111,Threshold Cutoff,False Negative,rad,45,0.001782331764054,0.004746331236897,0.009958238993711,0.03,0.838261583577713,0.153471309155554,0.408692524760693,0.857474464671056
0.009735111111111,Threshold Cutoff,False Negative,lin,45,0.001993055555556,0.005333333333333,0.011156322573772,0.065,0.97300826446281,0.199202608471074,0.533057851239669,1.11505600104593
0.009735111111111,Threshold Cutoff,False Negative,pol,45,0.001975308641975,0.004444444444444,0.008711111111111,0.005,1.01826446280992,0.206611570247934,0.464876033057851,0.911157024793388
0.009743772241993,Threshold Cutoff,False Negative,sig,45,0.001985773387369,0.005333333333333,0.011277076157673,0.072,1.01917039204729,0.207706152346203,0.557851239669421,1.17954954645084
0.545777777777778,Utopia Distance,Total,rad,45,0.564444444444444,0.684444444444444,0.791111111111111,0.985,0.888567293777135,0.918958031837916,1.11432706222865,1.28798842257598
0.284444444444444,Utopia Distance,Total,lin,45,0.724444444444444,0.937777777777778,0.982222222222222,1,0.383693045563549,0.977218225419664,1.26498800959233,1.32494004796163
0.036444444444444,Utopia Distance,Total,pol,45,0.884444444444444,0.924444444444444,0.951111111111111,1,0.039385206532181,0.95581171950048,0.999039385206532,1.02785782901057
0.043555555555556,Utopia Distance,Total,sig,45,0.924444444444444,0.968888888888889,0.986666666666667,1,0.045328399629972,0.962072155411656,1.00832562442183,1.0268270120259
0.908452687618066,Utopia Distance,False Positive,rad,45,0.885310971348707,0.932410608259665,0.966936600441501,0.871,1.00434755463547,0.978763034426561,1.03083443649349,1.06900493925253
0.931329617242661,Utopia Distance,False Positive,lin,45,0.903616068868153,0.938745679012346,0.972440955766193,0.687,1.01705796156904,0.986793397341966,1.02515666746941,1.06195357466026
0,Utopia Distance,False Positive,pol,45,0.903113737040638,0.938060606060606,0.972571428571429,1,0,0.979598892471774,1.01750542935991,1.05493899074131
0.963555555555556,Utopia Distance,False Positive,sig,45,0.904612345679012,0.938745679012346,0.973511111111111,0.139,1.04359122031285,0.979752019791864,1.01672056486568,1.05437371262604
0.000304974430497,Utopia Distance,False Negative,rad,45,0,0,0.000645372127346,0.104,3.05667554203119,0,0,6.46838882180438
0.001367769706753,Utopia Distance,False Negative,lin,45,0,0,0.000826873385013,0.007,2.94925343018563,0,0,1.78294573643411
0.001328197530864,Utopia Distance,False Negative,pol,45,0,0,0,0,132819.75308642,0,0,0
0.001337710136278,Utopia Distance,False Negative,sig,45,0,0,0,0.003,133771.013627773,0,0,0
0.598222222222222,Pareto Distance,Total,rad,48,0.453222222222222,0.542222222222222,0.626666666666667,0.092,1.01203007518797,0.766729323308271,0.917293233082707,1.06015037593985
0.507555555555556,Pareto Distance,Total,lin,48,0.404444444444444,0.595555555555556,0.92,0.666,0.686298076923077,0.546875,0.805288461538461,1.24399038461538
0.816888888888889,Pareto Distance,Total,pol,48,0.791,0.857777777777778,0.902222222222222,0.896,0.946446961894954,0.91645211122554,0.993820803295571,1.04531410916581
0.2,Pareto Distance,Total,sig,48,0.493333333333333,0.737777777777778,0.964444444444444,0.997,0.21469465648855,0.529580152671756,0.791984732824427,1.03530534351145
0.868584022038567,Pareto Distance,False Positive,rad,48,0.816769476372925,0.872027904406686,0.918650205761317,0.56,1.03537500461703,0.973610703068077,1.03948020300005,1.09505521273488
0.894140845070422,Pareto Distance,False Positive,lin,48,0.843087895424837,0.892955082742317,0.934894912280702,0.472,1.03592089330809,0.976772698150197,1.03454710977392,1.08313715676721
0.887670781893004,Pareto Distance,False Positive,pol,48,0.84701833336043,0.895312195800306,0.935804878048781,0.655,1.028454819392,0.981354917642104,1.03730815682322,1.08422295345508
0.921788235294118,Pareto Distance,False Positive,sig,48,0.854597530864197,0.901569030489894,0.938745679012346,0.164,1.06221796086886,0.984791096089971,1.0389184635709,1.08175878445312
0.000701754385965,Pareto Distance,False Negative,rad,48,0,0.000446483180428,0.002240979560141,0.256,1.00222146274778,0,0.637651912307876,3.20048988317199
0.003317773788151,Pareto Distance,False Negative,lin,48,0,0.001502136752137,0.004965738815123,0.112,0.969479353680431,0,0.438936063936064,1.4510275758476
0.001830065359477,Pareto Distance,False Negative,pol,48,0,0,0.002222222222222,0.038,183006.535947712,0,0,222222.222222222
0.003459685863874,Pareto Distance,False Negative,sig,48,0,0.00165873015873,0.006294423374069,0.197,345968.586387435,0,165873.015873016,629442.337406939
0.089777777777778,Threshold Cutoff,Total,rad,48,0.257777777777778,0.315555555555556,0.368888888888889,0.998,0.241626794258373,0.69377990430622,0.849282296650718,0.992822966507177
0.089777777777778,Threshold Cutoff,Total,lin,48,0.297777777777778,0.377777777777778,0.44,0.995,0.63125,2.09375,2.65625,3.09375
0.089777777777778,Threshold Cutoff,Total,pol,48,0.044444444444444,0.066666666666667,0.093333333333333,0.034,0.918181818181818,0.454545454545455,0.681818181818182,0.954545454545455
0.089777777777778,Threshold Cutoff,Total,sig,48,0.071,0.391111111111111,0.462222222222222,0.942,0.918181818181818,0.726136363636364,4,4.72727272727273
0,Threshold Cutoff,False Positive,rad,48,0.831032098765432,0.884385490870384,0.921857239057239,1,0,0.969275028419856,1.03150380481207,1.07520901167798
0,Threshold Cutoff,False Positive,lin,48,0.851721187331625,0.897113526570048,0.930417521075416,0.997,0,0.944025946549831,0.99433765260227,1.03125094700477
0,Threshold Cutoff,False Positive,pol,48,0,0,0,0,0,0,0,0
0,Threshold Cutoff,False Positive,sig,48,0.785373333333335,0.902898550724638,0.942020671834625,0.975,0,78537333.3333335,90289855.0724638,94202067.1834625
0.008060049382716,Threshold Cutoff,False Negative,rad,48,0.001720364140115,0.004698435736172,0.010121743383792,0.082,0.694026979472141,0.148135460598593,0.404568385053778,0.871553343421056
0.008060049382716,Threshold Cutoff,False Negative,lin,48,0.002019696969697,0.005263157894737,0.010885749171464,0.146,0.805588613406795,0.201865373779113,0.526043932144411,1.08801263671394
0.008060049382716,Threshold Cutoff,False Negative,pol,48,0.001975308641975,0.004444444444444,0.008711111111111,0.034,0.843057851239669,0.206611570247934,0.464876033057851,0.911157024793388
0.008060049382716,Threshold Cutoff,False Negative,sig,48,0.00203865816934,0.005258215962441,0.011174958374958,0.155,0.843057851239669,0.213237747567803,0.549994179955768,1.16886832176088
0.570666666666667,Utopia Distance,Total,rad,48,0.568888888888889,0.68,0.773555555555555,0.972,0.929088277858176,0.926193921852388,1.10709117221418,1.25940665701881
0.303111111111111,Utopia Distance,Total,lin,48,0.724444444444444,0.937777777777778,0.982222222222222,1,0.408872901678657,0.977218225419664,1.26498800959233,1.32494004796163
0.032,Utopia Distance,Total,pol,48,0.884444444444444,0.924444444444444,0.955555555555556,1,0.034582132564842,0.95581171950048,0.999039385206532,1.03266090297791
0.036444444444444,Utopia Distance,Total,sig,48,0.933333333333333,0.968888888888889,0.982222222222222,1,0.037927844588344,0.971322849213691,1.00832562442183,1.02220166512488
0.920464285714286,Utopia Distance,False Positive,rad,48,0.890871461979544,0.932410608259665,0.962848684210526,0.731,1.01762707853322,0.984910481887251,1.03083443649349,1.06448550887813
0.949678233438486,Utopia Distance,False Positive,lin,48,0.904612345679012,0.939280565755474,0.964760493827161,0.304,1.03709555711013,0.987881380848182,1.02574079022312,1.05356613071024
0,Utopia Distance,False Positive,pol,48,0.903555555555555,0.944983818770227,0.964365656565657,1,0,0.980078128818355,1.0250149724269,1.046038267788
0.968,Utopia Distance,False Positive,sig,48,0.904612345679012,0.946847936377348,0.964819259259259,0.024,1.04840483295267,0.979752019791864,1.02549581876991,1.0449598908401
0.000211920529801,Utopia Distance,False Negative,rad,48,0,0,0.00067365967366,0.127,2.12402167369055,0,0,6.75190718372536
0.001188118811881,Utopia Distance,False Negative,lin,48,0,0,0.000670996262875,0.008,2.56188118811881,0,0,1.4468356918239
0.001024,Utopia Distance,False Negative,pol,48,0,0,0,0,102400,0,0,0
0.001028571428571,Utopia Distance,False Negative,sig,48,0,0,0,0.001,102857.142857143,0,0,0
0.582222222222222,Pareto Distance,Total,rad,51,0.444444444444444,0.542222222222222,0.622222222222222,0.128,0.984962406015037,0.75187969924812,0.917293233082707,1.05263157894737
0.52,Pareto Distance,Total,lin,51,0.4,0.577777777777778,0.915555555555556,0.615,0.703125,0.540865384615385,0.78125,1.23798076923077
0.806222222222222,Pareto Distance,Total,pol,51,0.782111111111111,0.857777777777778,0.897777777777778,0.917,0.934088568486097,0.906153450051493,0.993820803295571,1.04016477857878
0.086222222222222,Pareto Distance,Total,sig,51,0.48,0.735555555555556,0.96,0.999,0.092557251908397,0.515267175572519,0.789599236641221,1.03053435114504
0.853917963224894,Pareto Distance,False Positive,rad,51,0.809732360097324,0.873151183970856,0.918521810699588,0.741,1.01789267668256,0.965222275338033,1.04081918179132,1.09490216244354
0.874233502538071,Pareto Distance,False Positive,lin,51,0.835720987654321,0.894074074074074,0.934464629222008,0.78,1.01285692953415,0.968237651663253,1.03584353472352,1.08263864558411
0.869623843782117,Pareto Distance,False Positive,pol,51,0.839219512195122,0.898537130094919,0.935804878048781,0.855,1.00754564804828,0.972319208259024,1.04104456370421,1.08422295345508
0.936,Pareto Distance,False Positive,sig,51,0.854582054958184,0.904082792469889,0.94271044377711,0.056,1.07859481527883,0.984773262508788,1.04181518433849,1.08632756086239
0.001531100478469,Pareto Distance,False Negative,rad,51,0,0.000428615044975,0.002121821664925,0.064,2.18666500963152,0,0.612133256196351,3.03031267811342
0.003955056179775,Pareto Distance,False Negative,lin,51,0,0.001481481481481,0.00504024181507,0.071,1.15569823434992,0,0.432900432900433,1.47279793297492
0.001263157894737,Pareto Distance,False Negative,pol,51,0,0,0.002312857142857,0.083,126315.789473684,0,0,231285.714285714
0.004189090909091,Pareto Distance,False Negative,sig,51,0,0.001533866372576,0.0063159194282,0.116,418909.090909091,0,153386.637257605,631591.942820013
0.094222222222222,Threshold Cutoff,Total,rad,51,0.257777777777778,0.311111111111111,0.364444444444444,0.998,0.253588516746411,0.69377990430622,0.837320574162679,0.980861244019139
0.094222222222222,Threshold Cutoff,Total,lin,51,0.279888888888889,0.373333333333333,0.435555555555556,0.989,0.6625,1.96796875,2.625,3.0625
0.094222222222222,Threshold Cutoff,Total,pol,51,0.044444444444444,0.066666666666667,0.093333333333333,0.015,0.963636363636364,0.454545454545455,0.681818181818182,0.954545454545455
0.095111111111111,Threshold Cutoff,Total,sig,51,0.066666666666667,0.388888888888889,0.453333333333333,0.925,0.972727272727273,0.681818181818182,3.97727272727273,4.63636363636364
0,Threshold Cutoff,False Positive,rad,51,0.829702976190476,0.884676050713787,0.923183158461124,0.999,0,0.967724805120987,1.03184269954416,1.07675549895542
0,Threshold Cutoff,False Positive,lin,51,0.850299422799423,0.898703703703704,0.930735930735931,0.994,0,0.942450099161922,0.996100164203613,1.03160386411618
0,Threshold Cutoff,False Positive,pol,51,0,0,0,0,0,0,0,0
0.905777777777778,Threshold Cutoff,False Positive,sig,51,0,0.90388219544846,0.942222222222222,0.457,90577777.7777778,0,90388219.544846,94222222.2222222
0.008877827160494,Threshold Cutoff,False Negative,rad,51,0.001885237921383,0.004674637762134,0.009558376967787,0.052,0.764443401759531,0.162332253567723,0.402519211996032,0.823043529960817
0.008877827160494,Threshold Cutoff,False Negative,lin,51,0.002204210289317,0.005263157894737,0.010650066259137,0.089,0.887324150596878,0.220307175094409,0.526043932144411,1.06445651918547
0.008877827160494,Threshold Cutoff,False Negative,pol,51,0.001975308641975,0.004444444444444,0.008711111111111,0.015,0.928595041322314,0.206611570247934,0.464876033057851,0.911157024793388
0.008885725583234,Threshold Cutoff,False Negative,sig,51,0.00222182821119,0.005302406290842,0.011030801117419,0.095,0.929421193494309,0.232396804114647,0.554616360483173,1.15378988960608
0.588444444444444,Utopia Distance,Total,rad,51,0.559888888888889,0.675555555555556,0.777777777777778,0.939,0.958031837916064,0.911541244573082,1.09985528219971,1.26628075253256
0.105777777777778,Utopia Distance,Total,lin,51,0.702222222222222,0.933333333333333,0.982222222222222,1,0.142685851318945,0.947242206235012,1.2589928057554,1.32494004796163
0.029333333333333,Utopia Distance,Total,pol,51,0.884444444444444,0.92,0.955555555555556,1,0.031700288184438,0.95581171950048,0.994236311239193,1.03266090297791
0.034666666666667,Utopia Distance,Total,sig,51,0.893111111111111,0.973333333333333,0.986666666666667,1,0.036077705827937,0.929463459759482,1.01295097132285,1.0268270120259
0.932294777940459,Utopia Distance,False Positive,rad,51,0.887259434179394,0.934528918322296,0.966933333333333,0.535,1.03070637930412,0.98091717399373,1.0331763521049,1.06900132727346
0.970666666666667,Utopia Distance,False Positive,lin,51,0.902898105478751,0.944705882352941,0.970677192982456,0.025,1.06001596329111,0.986009345844206,1.03166550402726,1.06002745854809
0,Utopia Distance,False Positive,pol,51,0.902898105478751,0.945523809523809,0.972571428571429,1,0,0.97936499896474,1.02560069526828,1.05493899074131
0.970666666666667,Utopia Distance,False Positive,sig,51,0.904612345679012,0.947377777777778,0.973511111111111,0.032,1.05129300053656,0.979752019791864,1.0260696703039,1.05437371262604
0.000398190045249,Utopia Distance,False Negative,rad,51,0,0,0.000615873015873,0.075,3.99095022624434,0,0,6.17272727272727
0.00093166506256,Utopia Distance,False Negative,lin,51,0,0,0.000676964149504,0.019,2.00890279114533,0,0,1.45970394736842
0.000860444444444,Utopia Distance,False Negative,pol,51,0,0,0,0,86044.4444444444,0,0,0
0.000865058087578,Utopia Distance,False Negative,sig,51,0,0,0,0.008,86505.8087578195,0,0,0
