"","x","prob","psd","var","cat"
"1",0,0.6,0.0692820323027551,"x1","tru"
"2",0,0,0,"x2","tru"
"3",0.102040816326531,0.66,0.0669925368977769,"x1","tru"
"4",0.102040816326531,0,0,"x2","tru"
"5",0.204081632653061,0.74,0.0620322496770833,"x1","tru"
"6",0.204081632653061,0,0,"x2","tru"
"7",0.306122448979592,0.74,0.0620322496770833,"x1","tru"
"8",0.306122448979592,0,0,"x2","tru"
"9",0.408163265306122,0.76,0.060398675482166,"x1","tru"
"10",0.408163265306122,0,0,"x2","tru"
"11",0.510204081632653,0.76,0.060398675482166,"x1","tru"
"12",0.510204081632653,0,0,"x2","tru"
"13",0.612244897959184,0.76,0.060398675482166,"x1","tru"
"14",0.612244897959184,0,0,"x2","tru"
"15",0.714285714285714,0.76,0.060398675482166,"x1","tru"
"16",0.714285714285714,0,0,"x2","tru"
"17",0.816326530612245,0.76,0.060398675482166,"x1","tru"
"18",0.816326530612245,0.08,0.0383666521865018,"x2","tru"
"19",0.918367346938776,0.76,0.060398675482166,"x1","tru"
"20",0.918367346938776,0.32,0.0659696900098826,"x2","tru"
"21",1.02040816326531,0.76,0.060398675482166,"x1","tru"
"22",1.02040816326531,0.42,0.0697997134664606,"x2","tru"
"23",1.12244897959184,0.76,0.060398675482166,"x1","tru"
"24",1.12244897959184,0.5,0.0707106781186548,"x2","tru"
"25",1.22448979591837,0.76,0.060398675482166,"x1","tru"
"26",1.22448979591837,0.56,0.070199715099137,"x2","tru"
"27",1.3265306122449,0.76,0.060398675482166,"x1","tru"
"28",1.3265306122449,0.58,0.0697997134664606,"x2","tru"
"29",1.42857142857143,0.76,0.060398675482166,"x1","tru"
"30",1.42857142857143,0.6,0.0692820323027551,"x2","tru"
"31",1.53061224489796,0.76,0.060398675482166,"x1","tru"
"32",1.53061224489796,0.6,0.0692820323027551,"x2","tru"
"33",1.63265306122449,0.74,0.0620322496770833,"x1","tru"
"34",1.63265306122449,0.6,0.0692820323027551,"x2","tru"
"35",1.73469387755102,0.74,0.0620322496770833,"x1","tru"
"36",1.73469387755102,0.62,0.0686440092069221,"x2","tru"
"37",1.83673469387755,0.74,0.0620322496770833,"x1","tru"
"38",1.83673469387755,0.6,0.0692820323027551,"x2","tru"
"39",1.93877551020408,0.72,0.0634980314655502,"x1","tru"
"40",1.93877551020408,0.6,0.0692820323027551,"x2","tru"
"41",2.04081632653061,0.72,0.0634980314655502,"x1","tru"
"42",2.04081632653061,0.58,0.0697997134664606,"x2","tru"
"43",2.14285714285714,0.7,0.0648074069840786,"x1","tru"
"44",2.14285714285714,0.56,0.070199715099137,"x2","tru"
"45",2.24489795918367,0.7,0.0648074069840786,"x1","tru"
"46",2.24489795918367,0.54,0.0704840407468244,"x2","tru"
"47",2.3469387755102,0.7,0.0648074069840786,"x1","tru"
"48",2.3469387755102,0.52,0.0706540869306228,"x2","tru"
"49",2.44897959183673,0.58,0.0697997134664606,"x1","tru"
"50",2.44897959183673,0.48,0.0706540869306228,"x2","tru"
"51",2.55102040816327,0.48,0.0706540869306228,"x1","tru"
"52",2.55102040816327,0.48,0.0706540869306228,"x2","tru"
"53",2.6530612244898,0.44,0.070199715099137,"x1","tru"
"54",2.6530612244898,0.44,0.070199715099137,"x2","tru"
"55",2.75510204081633,0.38,0.0686440092069221,"x1","tru"
"56",2.75510204081633,0.44,0.070199715099137,"x2","tru"
"57",2.85714285714286,0.3,0.0648074069840786,"x1","tru"
"58",2.85714285714286,0.44,0.070199715099137,"x2","tru"
"59",2.95918367346939,0.2,0.0565685424949238,"x1","tru"
"60",2.95918367346939,0.46,0.0704840407468244,"x2","tru"
"61",3.06122448979592,0.02,0.0197989898732233,"x1","tru"
"62",3.06122448979592,0.48,0.0706540869306228,"x2","tru"
"63",3.16326530612245,0,0,"x1","tru"
"64",3.16326530612245,0.5,0.0707106781186548,"x2","tru"
"65",3.26530612244898,0,0,"x1","tru"
"66",3.26530612244898,0.5,0.0707106781186548,"x2","tru"
"67",3.36734693877551,0,0,"x1","tru"
"68",3.36734693877551,0.52,0.0706540869306228,"x2","tru"
"69",3.46938775510204,0,0,"x1","tru"
"70",3.46938775510204,0.54,0.0704840407468244,"x2","tru"
"71",3.57142857142857,0,0,"x1","tru"
"72",3.57142857142857,0.56,0.070199715099137,"x2","tru"
"73",3.6734693877551,0,0,"x1","tru"
"74",3.6734693877551,0.56,0.070199715099137,"x2","tru"
"75",3.77551020408163,0,0,"x1","tru"
"76",3.77551020408163,0.58,0.0697997134664606,"x2","tru"
"77",3.87755102040816,0,0,"x1","tru"
"78",3.87755102040816,0.58,0.0697997134664606,"x2","tru"
"79",3.97959183673469,0,0,"x1","tru"
"80",3.97959183673469,0.6,0.0692820323027551,"x2","tru"
"81",4.08163265306122,0,0,"x1","tru"
"82",4.08163265306122,0.6,0.0692820323027551,"x2","tru"
"83",4.18367346938776,0,0,"x1","tru"
"84",4.18367346938776,0.6,0.0692820323027551,"x2","tru"
"85",4.28571428571429,0,0,"x1","tru"
"86",4.28571428571429,0.6,0.0692820323027551,"x2","tru"
"87",4.38775510204082,0,0,"x1","tru"
"88",4.38775510204082,0.58,0.0697997134664606,"x2","tru"
"89",4.48979591836735,0,0,"x1","tru"
"90",4.48979591836735,0.54,0.0704840407468244,"x2","tru"
"91",4.59183673469388,0,0,"x1","tru"
"92",4.59183673469388,0.44,0.070199715099137,"x2","tru"
"93",4.69387755102041,0,0,"x1","tru"
"94",4.69387755102041,0.22,0.0585832740635072,"x2","tru"
"95",4.79591836734694,0,0,"x1","tru"
"96",4.79591836734694,0,0,"x2","tru"
"97",4.89795918367347,0,0,"x1","tru"
"98",4.89795918367347,0,0,"x2","tru"
"99",5,0,0,"x1","tru"
"100",5,0,0,"x2","tru"
"25%",0,0.456458301669002,0.387335689151207,"x1","start"
"25%1",0.102040816326531,0.501810857140184,0.384048289502622,"x1","start"
"25%2",0.204081632653061,0.517919708123028,0.383363711396758,"x1","start"
"25%3",0.306122448979592,0.56393625461328,0.371394300266848,"x1","start"
"25%4",0.408163265306122,0.585723462595403,0.37392130932643,"x1","start"
"25%5",0.510204081632653,0.601596326880749,0.377626124659501,"x1","start"
"25%6",0.612244897959184,0.614897462258347,0.385807861345931,"x1","start"
"25%7",0.714285714285714,0.615221181530254,0.387839037582013,"x1","start"
"25%8",0.816326530612245,0.63494173332693,0.390089021876571,"x1","start"
"25%9",0.918367346938776,0.652136846630413,0.388448007155918,"x1","start"
"25%10",1.02040816326531,0.673107580327525,0.383831248918833,"x1","start"
"25%11",1.12244897959184,0.66459953258803,0.396589850816073,"x1","start"
"25%12",1.22448979591837,0.677229722761471,0.38935734686458,"x1","start"
"25%13",1.3265306122449,0.681063892654515,0.389314696192008,"x1","start"
"25%14",1.42857142857143,0.645415388346587,0.406208362378677,"x1","start"
"25%15",1.53061224489796,0.659383105005106,0.396343343624897,"x1","start"
"25%16",1.63265306122449,0.649958659583424,0.394103521560213,"x1","start"
"25%17",1.73469387755102,0.636630398043959,0.393811894408092,"x1","start"
"25%18",1.83673469387755,0.624870349822057,0.39487484312292,"x1","start"
"25%19",1.93877551020408,0.616072424737066,0.385793368363585,"x1","start"
"25%20",2.04081632653061,0.601258772612403,0.392745849923407,"x1","start"
"25%21",2.14285714285714,0.568830009138269,0.394122453749279,"x1","start"
"25%22",2.24489795918367,0.535997009957468,0.401107200506372,"x1","start"
"25%23",2.3469387755102,0.495008213773844,0.409789810980905,"x1","start"
"25%24",2.44897959183673,0.452405420616859,0.398328290522791,"x1","start"
"25%25",2.55102040816327,0.433849602115892,0.397663389526577,"x1","start"
"25%26",2.6530612244898,0.38112170832822,0.387499702808061,"x1","start"
"25%27",2.75510204081633,0.310717040991856,0.354895087462829,"x1","start"
"25%28",2.85714285714286,0.256597693189882,0.315544408720578,"x1","start"
"25%29",2.95918367346939,0.172924523674359,0.25943229956891,"x1","start"
"25%30",3.06122448979592,0.116869477166278,0.21217595549781,"x1","start"
"25%31",3.16326530612245,0.0763079965055576,0.13974853088818,"x1","start"
"25%32",3.26530612244898,0.0510705289101738,0.0901573799943008,"x1","start"
"25%33",3.36734693877551,0.0357798066234874,0.0766485963252802,"x1","start"
"25%34",3.46938775510204,0.0344137874731587,0.0723702246588239,"x1","start"
"25%35",3.57142857142857,0.0320037423655304,0.0678410269917025,"x1","start"
"25%36",3.6734693877551,0.0267793533449472,0.059868494701479,"x1","start"
"25%37",3.77551020408163,0.0262479988725027,0.0572100333341118,"x1","start"
"25%38",3.87755102040816,0.0228182905334534,0.0507133458304633,"x1","start"
"25%39",3.97959183673469,0.0214520185833772,0.0479039611586499,"x1","start"
"25%40",4.08163265306122,0.019588735782478,0.0429811662930853,"x1","start"
"25%41",4.18367346938776,0.0218961937243622,0.0436023159834453,"x1","start"
"25%42",4.28571428571429,0.0167418062504095,0.0361959954131271,"x1","start"
"25%43",4.38775510204082,0.0171139924839003,0.0358038756292738,"x1","start"
"25%44",4.48979591836735,0.0194043212613034,0.0365844838059303,"x1","start"
"25%45",4.59183673469388,0.0186388980961696,0.0352666918254763,"x1","start"
"25%46",4.69387755102041,0.0179644290101844,0.0328032399817253,"x1","start"
"25%47",4.79591836734694,0.0177447247376376,0.032171234147783,"x1","start"
"25%48",4.89795918367347,0.0191354696633276,0.0329899168843747,"x1","start"
"25%49",5,0.0193244819236703,0.0323480644693313,"x1","start"
"25%50",0,3.9232229897813e-135,2.43560528715099e-134,"x2","start"
"25%110",0.102040816326531,1.17406361388753e-193,0,"x2","start"
"25%210",0.204081632653061,1.38941828965073e-43,2.55062003704285e-42,"x2","start"
"25%310",0.306122448979592,1.8070303399266e-16,2.44222599024927e-15,"x2","start"
"25%410",0.408163265306122,9.04350391689497e-10,6.19262944113341e-09,"x2","start"
"25%51",0.510204081632653,2.31830854017467e-08,1.36008979390074e-07,"x2","start"
"25%61",0.612244897959184,2.28237528725217e-07,1.06337774231343e-06,"x2","start"
"25%71",0.714285714285714,5.22912355330386e-05,0.000125494561682186,"x2","start"
"25%81",0.816326530612245,0.00328174906383893,0.0071493459034518,"x2","start"
"25%91",0.918367346938776,0.071045743533539,0.145721315180561,"x2","start"
"25%101",1.02040816326531,0.366860369598574,0.468286590695888,"x2","start"
"25%111",1.12244897959184,0.454621450697704,0.487943009859665,"x2","start"
"25%121",1.22448979591837,0.477730738974366,0.490960745323686,"x2","start"
"25%131",1.3265306122449,0.543012148475344,0.491506478554914,"x2","start"
"25%141",1.42857142857143,0.582125225601913,0.488410384105252,"x2","start"
"25%151",1.53061224489796,0.570272041665257,0.489832399704339,"x2","start"
"25%161",1.63265306122449,0.604057203352052,0.481237929791009,"x2","start"
"25%171",1.73469387755102,0.614708032929127,0.478114228873187,"x2","start"
"25%181",1.83673469387755,0.633734858800461,0.466886008627619,"x2","start"
"25%191",1.93877551020408,0.531099502375578,0.455014641711792,"x2","start"
"25%201",2.04081632653061,0.392227806917003,0.350846193667012,"x2","start"
"25%211",2.14285714285714,0.349265279701998,0.303421925093765,"x2","start"
"25%221",2.24489795918367,0.426615518796675,0.359559266445803,"x2","start"
"25%231",2.3469387755102,0.478609861079808,0.426521717439362,"x2","start"
"25%241",2.44897959183673,0.38817807278497,0.418150398520886,"x2","start"
"25%251",2.55102040816327,0.297832002329418,0.362646043438438,"x2","start"
"25%261",2.6530612244898,0.3327214067673,0.401799514376177,"x2","start"
"25%271",2.75510204081633,0.329129394105392,0.380112705061992,"x2","start"
"25%281",2.85714285714286,0.303990930843313,0.303081368029293,"x2","start"
"25%291",2.95918367346939,0.32805754612885,0.258662424704948,"x2","start"
"25%301",3.06122448979592,0.348617934041143,0.218545344611502,"x2","start"
"25%311",3.16326530612245,0.364273992748201,0.198481501004862,"x2","start"
"25%321",3.26530612244898,0.389844327596675,0.186695494490216,"x2","start"
"25%331",3.36734693877551,0.402560226247426,0.19339915947221,"x2","start"
"25%341",3.46938775510204,0.409926915410027,0.215700082386502,"x2","start"
"25%351",3.57142857142857,0.451757073412525,0.269885457370318,"x2","start"
"25%361",3.6734693877551,0.517116207505725,0.367713409054225,"x2","start"
"25%371",3.77551020408163,0.559413200493404,0.421522950684328,"x2","start"
"25%381",3.87755102040816,0.537327360325479,0.447874904929272,"x2","start"
"25%391",3.97959183673469,0.568120737460555,0.466128088232704,"x2","start"
"25%401",4.08163265306122,0.590178176003869,0.469249919960696,"x2","start"
"25%411",4.18367346938776,0.613620244668054,0.457086972040875,"x2","start"
"25%421",4.28571428571429,0.589592633388953,0.471141144050523,"x2","start"
"25%431",4.38775510204082,0.497611117148344,0.450834735241236,"x2","start"
"25%441",4.48979591836735,0.391468268511222,0.379674961711286,"x2","start"
"25%451",4.59183673469388,0.289027070620635,0.302604812727867,"x2","start"
"25%461",4.69387755102041,0.0958073801134723,0.145331929255523,"x2","start"
"25%471",4.79591836734694,0.00647188077028054,0.0137831795774439,"x2","start"
"25%481",4.89795918367347,2.60849174032886e-05,6.93639743758609e-05,"x2","start"
"25%491",5,2.67726846577954e-08,7.23818570680297e-08,"x2","start"
"25%52",0,0.496741275151416,0.46521665510949,"x1","adapt"
"25%112",0.102040816326531,0.539663832486807,0.463947008440542,"x1","adapt"
"25%212",0.204081632653061,0.564573239086717,0.457361737421199,"x1","adapt"
"25%312",0.306122448979592,0.623626445135296,0.432487358712743,"x1","adapt"
"25%412",0.408163265306122,0.68196151973437,0.416517098925115,"x1","adapt"
"25%53",0.510204081632653,0.720850925278239,0.413495112519246,"x1","adapt"
"25%62",0.612244897959184,0.722480080465859,0.422832300875958,"x1","adapt"
"25%72",0.714285714285714,0.773589979347333,0.400298641813262,"x1","adapt"
"25%82",0.816326530612245,0.763150559410733,0.41492043598349,"x1","adapt"
"25%92",0.918367346938776,0.770177851971587,0.413583180291242,"x1","adapt"
"25%102",1.02040816326531,0.756871779233924,0.423048911097108,"x1","adapt"
"25%113",1.12244897959184,0.750857725693238,0.425646372914092,"x1","adapt"
"25%122",1.22448979591837,0.750155226708055,0.425610809451819,"x1","adapt"
"25%132",1.3265306122449,0.753551568859668,0.423146180507722,"x1","adapt"
"25%142",1.42857142857143,0.760581175241081,0.41871614328635,"x1","adapt"
"25%152",1.53061224489796,0.754862588181349,0.421125914120743,"x1","adapt"
"25%162",1.63265306122449,0.734564864856814,0.432980484550193,"x1","adapt"
"25%172",1.73469387755102,0.739288961783011,0.428934354166322,"x1","adapt"
"25%182",1.83673469387755,0.712664149347311,0.440839621676721,"x1","adapt"
"25%192",1.93877551020408,0.703523202902325,0.437575975040065,"x1","adapt"
"25%202",2.04081632653061,0.668372752766938,0.446468053305071,"x1","adapt"
"25%213",2.14285714285714,0.639882161413601,0.436569707549289,"x1","adapt"
"25%222",2.24489795918367,0.568696435170856,0.452699392574962,"x1","adapt"
"25%232",2.3469387755102,0.534674747985268,0.464648577293804,"x1","adapt"
"25%242",2.44897959183673,0.475118277859227,0.469087498239785,"x1","adapt"
"25%252",2.55102040816327,0.390081617867354,0.462895173289576,"x1","adapt"
"25%262",2.6530612244898,0.339423623539914,0.457799762916193,"x1","adapt"
"25%272",2.75510204081633,0.270540549949192,0.413851214075246,"x1","adapt"
"25%282",2.85714285714286,0.178421747719443,0.32911046732014,"x1","adapt"
"25%292",2.95918367346939,0.0890836573537026,0.252085666780841,"x1","adapt"
"25%302",3.06122448979592,0.0499698741042176,0.192788345099702,"x1","adapt"
"25%313",3.16326530612245,0.0188732773851101,0.0944416447183637,"x1","adapt"
"25%322",3.26530612244898,0.00315763539674046,0.0182354671771071,"x1","adapt"
"25%332",3.36734693877551,0.000240890994302115,0.00100910573350605,"x1","adapt"
"25%342",3.46938775510204,5.78983324418944e-05,0.000142487387640382,"x1","adapt"
"25%352",3.57142857142857,3.55656343532333e-05,8.91754434671684e-05,"x1","adapt"
"25%362",3.6734693877551,2.54772351538451e-05,6.00286632037642e-05,"x1","adapt"
"25%372",3.77551020408163,1.93722951788787e-05,5.01819257145191e-05,"x1","adapt"
"25%382",3.87755102040816,2.03014722276451e-05,7.15747140676787e-05,"x1","adapt"
"25%392",3.97959183673469,2.32990545701703e-05,9.62921738015599e-05,"x1","adapt"
"25%402",4.08163265306122,3.01038634170673e-05,0.000131687003406952,"x1","adapt"
"25%413",4.18367346938776,4.72739509992081e-05,0.000198838865460228,"x1","adapt"
"25%422",4.28571428571429,7.32207482306358e-05,0.000280560042755532,"x1","adapt"
"25%432",4.38775510204082,8.84186882095047e-05,0.00033816663645287,"x1","adapt"
"25%442",4.48979591836735,0.000113924811229624,0.000422445359259191,"x1","adapt"
"25%452",4.59183673469388,0.000163323931131595,0.000553366556319669,"x1","adapt"
"25%462",4.69387755102041,0.000209558110248959,0.000647832141070071,"x1","adapt"
"25%472",4.79591836734694,0.000259631298949899,0.000750059918125105,"x1","adapt"
"25%482",4.89795918367347,0.000323921954017761,0.000889761003711152,"x1","adapt"
"25%492",5,0.000456349723309768,0.00106117201464695,"x1","adapt"
"25%501",0,2.45373823665264e-126,1.85401320167459e-125,"x2","adapt"
"25%1101",0.102040816326531,1.52495385352468e-188,0,"x2","adapt"
"25%2101",0.204081632653061,3.0273764940189e-45,7.58714958791885e-44,"x2","adapt"
"25%3101",0.306122448979592,4.32094538790357e-19,4.94967555245498e-18,"x2","adapt"
"25%4101",0.408163265306122,6.04156350886629e-12,5.34192125360617e-11,"x2","adapt"
"25%511",0.510204081632653,3.93003086076272e-09,2.80124739408013e-08,"x2","adapt"
"25%611",0.612244897959184,6.54535543374531e-07,3.02058491342885e-06,"x2","adapt"
"25%711",0.714285714285714,0.000224866297066743,0.000638175151656661,"x2","adapt"
"25%811",0.816326530612245,0.0290604468980538,0.0769168310739833,"x2","adapt"
"25%911",0.918367346938776,0.238024348914441,0.405751862868345,"x2","adapt"
"25%1011",1.02040816326531,0.365130591028952,0.468998008053516,"x2","adapt"
"25%1111",1.12244897959184,0.456991525654689,0.488786317154018,"x2","adapt"
"25%1211",1.22448979591837,0.481131843757622,0.493254814432796,"x2","adapt"
"25%1311",1.3265306122449,0.506573730288358,0.494868907198059,"x2","adapt"
"25%1411",1.42857142857143,0.560340702724558,0.491003176750601,"x2","adapt"
"25%1511",1.53061224489796,0.585087027635686,0.488024575608743,"x2","adapt"
"25%1611",1.63265306122449,0.613159166546549,0.48037815595782,"x2","adapt"
"25%1711",1.73469387755102,0.643216072376353,0.470581220989975,"x2","adapt"
"25%1811",1.83673469387755,0.625328706717593,0.474687624336322,"x2","adapt"
"25%1911",1.93877551020408,0.591319988652611,0.477765760323255,"x2","adapt"
"25%2011",2.04081632653061,0.573020849141846,0.485157498398162,"x2","adapt"
"25%2111",2.14285714285714,0.547190382939654,0.490469205739449,"x2","adapt"
"25%2211",2.24489795918367,0.494958810706427,0.483859790825676,"x2","adapt"
"25%2311",2.3469387755102,0.433915972026196,0.453967321240663,"x2","adapt"
"25%2411",2.44897959183673,0.381693825538464,0.446389596668344,"x2","adapt"
"25%2511",2.55102040816327,0.369038896729038,0.426913409633921,"x2","adapt"
"25%2611",2.6530612244898,0.338817783529065,0.423985553179959,"x2","adapt"
"25%2711",2.75510204081633,0.33224873089407,0.43595868485707,"x2","adapt"
"25%2811",2.85714285714286,0.339378762851747,0.444384045307308,"x2","adapt"
"25%2911",2.95918367346939,0.355309352713272,0.439301934848278,"x2","adapt"
"25%3011",3.06122448979592,0.368428422089933,0.464271716951428,"x2","adapt"
"25%3111",3.16326530612245,0.424570153546363,0.466411300210244,"x2","adapt"
"25%3211",3.26530612244898,0.466598844531744,0.479926917836075,"x2","adapt"
"25%3311",3.36734693877551,0.465398267716083,0.478645675332604,"x2","adapt"
"25%3411",3.46938775510204,0.487736821953998,0.495729977571382,"x2","adapt"
"25%3511",3.57142857142857,0.516085049860391,0.494352156513015,"x2","adapt"
"25%3611",3.6734693877551,0.536726467898326,0.495376075650172,"x2","adapt"
"25%3711",3.77551020408163,0.559478539474265,0.490741618928361,"x2","adapt"
"25%3811",3.87755102040816,0.560776722070602,0.489727502080679,"x2","adapt"
"25%3911",3.97959183673469,0.597540007265716,0.482468475943321,"x2","adapt"
"25%4011",4.08163265306122,0.562817481950861,0.487169081353459,"x2","adapt"
"25%4111",4.18367346938776,0.569087454525525,0.483244581310446,"x2","adapt"
"25%4211",4.28571428571429,0.564634641990151,0.486882541160614,"x2","adapt"
"25%4311",4.38775510204082,0.55629693360236,0.485558466267432,"x2","adapt"
"25%4411",4.48979591836735,0.534116151265661,0.485527018542608,"x2","adapt"
"25%4511",4.59183673469388,0.382568210197623,0.458742879268229,"x2","adapt"
"25%4611",4.69387755102041,0.0620827551966027,0.124583937424193,"x2","adapt"
"25%4711",4.79591836734694,0.00165795893100146,0.00412532166384492,"x2","adapt"
"25%4811",4.89795918367347,2.68848602658537e-06,8.49908174607222e-06,"x2","adapt"
"25%4911",5,1.13313160499866e-09,3.59059076791331e-09,"x2","adapt"
"25%54",0,0.50764365606556,0.380565725003429,"x1","rando"
"25%114",0.102040816326531,0.546211814054859,0.393044523475358,"x1","rando"
"25%214",0.204081632653061,0.563854181122185,0.387882363199964,"x1","rando"
"25%314",0.306122448979592,0.588413954270153,0.390992926542477,"x1","rando"
"25%414",0.408163265306122,0.61135242736901,0.379423511789841,"x1","rando"
"25%55",0.510204081632653,0.622915432050462,0.380099550095125,"x1","rando"
"25%63",0.612244897959184,0.636818072218492,0.381689194761943,"x1","rando"
"25%73",0.714285714285714,0.615368769194286,0.393627341294996,"x1","rando"
"25%83",0.816326530612245,0.633075026691957,0.400051076187844,"x1","rando"
"25%93",0.918367346938776,0.662574924286424,0.393015781205957,"x1","rando"
"25%103",1.02040816326531,0.678352283418701,0.3912805388786,"x1","rando"
"25%115",1.12244897959184,0.680776837646754,0.387386817990229,"x1","rando"
"25%123",1.22448979591837,0.640621621756062,0.407772727845406,"x1","rando"
"25%133",1.3265306122449,0.669827455126324,0.401119582088582,"x1","rando"
"25%143",1.42857142857143,0.654453018386234,0.41191266120627,"x1","rando"
"25%153",1.53061224489796,0.654210786779174,0.40405760028615,"x1","rando"
"25%163",1.63265306122449,0.639535742662738,0.40792329912863,"x1","rando"
"25%173",1.73469387755102,0.632719609983903,0.412956294539083,"x1","rando"
"25%183",1.83673469387755,0.611334110933244,0.415173752689203,"x1","rando"
"25%193",1.93877551020408,0.603807634303219,0.415708440818006,"x1","rando"
"25%203",2.04081632653061,0.582628297926401,0.424550024014068,"x1","rando"
"25%215",2.14285714285714,0.588138361973071,0.422568578836606,"x1","rando"
"25%223",2.24489795918367,0.551934053948587,0.429905956758568,"x1","rando"
"25%233",2.3469387755102,0.532524593448456,0.42785022084553,"x1","rando"
"25%243",2.44897959183673,0.451757155368141,0.422173550384649,"x1","rando"
"25%253",2.55102040816327,0.408602711678727,0.413198208262078,"x1","rando"
"25%263",2.6530612244898,0.353801242558843,0.386267190890461,"x1","rando"
"25%273",2.75510204081633,0.278466444846808,0.341026031950935,"x1","rando"
"25%283",2.85714285714286,0.249204311603199,0.305744072697959,"x1","rando"
"25%293",2.95918367346939,0.188635032089546,0.248125965791416,"x1","rando"
"25%303",3.06122448979592,0.120087442159737,0.181218336554083,"x1","rando"
"25%315",3.16326530612245,0.0756487002590769,0.120072739125365,"x1","rando"
"25%323",3.26530612244898,0.038961483334627,0.0702191552420262,"x1","rando"
"25%333",3.36734693877551,0.0191834214086578,0.0433819962747985,"x1","rando"
"25%343",3.46938775510204,0.0123447931056301,0.0319399442446781,"x1","rando"
"25%353",3.57142857142857,0.00745706631022118,0.0222891839769516,"x1","rando"
"25%363",3.6734693877551,0.00664410836828631,0.017178988114318,"x1","rando"
"25%373",3.77551020408163,0.00634928012503051,0.0140686093123862,"x1","rando"
"25%383",3.87755102040816,0.00492118688682089,0.0105882845760639,"x1","rando"
"25%393",3.97959183673469,0.00558947764109075,0.0105751503922061,"x1","rando"
"25%403",4.08163265306122,0.00574795027368721,0.0109460047647102,"x1","rando"
"25%415",4.18367346938776,0.00616739400578618,0.0120488385674711,"x1","rando"
"25%423",4.28571428571429,0.00646056607044378,0.0128396090463092,"x1","rando"
"25%433",4.38775510204082,0.00788301770191656,0.0145768236488397,"x1","rando"
"25%443",4.48979591836735,0.00874784256420788,0.0153450963646349,"x1","rando"
"25%453",4.59183673469388,0.00847047177788904,0.0155849651078789,"x1","rando"
"25%463",4.69387755102041,0.00846891468092823,0.0157026952485196,"x1","rando"
"25%473",4.79591836734694,0.00850445514012068,0.0158403149268265,"x1","rando"
"25%483",4.89795918367347,0.00930552806835596,0.0160755320148556,"x1","rando"
"25%493",5,0.00975828728442016,0.0167581222807447,"x1","rando"
"25%502",0,1.05737555990255e-44,5.98633230224923e-44,"x2","rando"
"25%1102",0.102040816326531,5.88232109199147e-62,3.94189368838499e-61,"x2","rando"
"25%2102",0.204081632653061,1.77499781643387e-26,3.75159667332632e-25,"x2","rando"
"25%3102",0.306122448979592,7.73575905057727e-13,7.78757661282737e-12,"x2","rando"
"25%4102",0.408163265306122,9.20895485828772e-08,5.63923287741495e-07,"x2","rando"
"25%512",0.510204081632653,2.92396379671941e-05,0.000111268885612594,"x2","rando"
"25%612",0.612244897959184,0.0010044478972839,0.00287384214061497,"x2","rando"
"25%712",0.714285714285714,0.0171938628572949,0.0423679943821003,"x2","rando"
"25%812",0.816326530612245,0.110630816715053,0.224958558359196,"x2","rando"
"25%912",0.918367346938776,0.217125667836033,0.393109150639164,"x2","rando"
"25%1012",1.02040816326531,0.336461725711863,0.463160034207419,"x2","rando"
"25%1112",1.12244897959184,0.424704114919597,0.482035710961096,"x2","rando"
"25%1212",1.22448979591837,0.526693201585029,0.481813865274669,"x2","rando"
"25%1312",1.3265306122449,0.566461621473401,0.473438549154809,"x2","rando"
"25%1412",1.42857142857143,0.594980062698645,0.467691665948626,"x2","rando"
"25%1512",1.53061224489796,0.628894164081127,0.45980846878744,"x2","rando"
"25%1612",1.63265306122449,0.619800791185789,0.466745807965942,"x2","rando"
"25%1712",1.73469387755102,0.643372892279724,0.461492489835097,"x2","rando"
"25%1812",1.83673469387755,0.622721938642056,0.469765812283687,"x2","rando"
"25%1912",1.93877551020408,0.554610294288278,0.484311662022896,"x2","rando"
"25%2012",2.04081632653061,0.526233077626528,0.468657441832813,"x2","rando"
"25%2112",2.14285714285714,0.508950506508674,0.451005906701727,"x2","rando"
"25%2212",2.24489795918367,0.421058471673367,0.427480442855178,"x2","rando"
"25%2312",2.3469387755102,0.401666560709284,0.43076567963687,"x2","rando"
"25%2412",2.44897959183673,0.364579691859566,0.436681805345363,"x2","rando"
"25%2512",2.55102040816327,0.335597781016129,0.418079669693261,"x2","rando"
"25%2612",2.6530612244898,0.301368769607791,0.377962264233728,"x2","rando"
"25%2712",2.75510204081633,0.206925939839477,0.266142318009255,"x2","rando"
"25%2812",2.85714285714286,0.191543079875702,0.209071556997794,"x2","rando"
"25%2912",2.95918367346939,0.198829971701685,0.189112994514087,"x2","rando"
"25%3012",3.06122448979592,0.242751526480454,0.18270147375683,"x2","rando"
"25%3112",3.16326530612245,0.277419381863158,0.185493815810476,"x2","rando"
"25%3212",3.26530612244898,0.315098186333576,0.199515138653825,"x2","rando"
"25%3312",3.36734693877551,0.328113004452369,0.221381309157794,"x2","rando"
"25%3412",3.46938775510204,0.367565660106165,0.260914632238502,"x2","rando"
"25%3512",3.57142857142857,0.429333982319064,0.328165162085571,"x2","rando"
"25%3612",3.6734693877551,0.54195401761227,0.407223587585252,"x2","rando"
"25%3712",3.77551020408163,0.565935640860939,0.445878669502242,"x2","rando"
"25%3812",3.87755102040816,0.570914262288352,0.450618238714766,"x2","rando"
"25%3912",3.97959183673469,0.582445973003182,0.455144581266134,"x2","rando"
"25%4012",4.08163265306122,0.592705287427883,0.462150614890068,"x2","rando"
"25%4112",4.18367346938776,0.589759515391077,0.460801622496655,"x2","rando"
"25%4212",4.28571428571429,0.584970208201282,0.466733789119704,"x2","rando"
"25%4312",4.38775510204082,0.522281907112154,0.45966823584442,"x2","rando"
"25%4412",4.48979591836735,0.427893253512901,0.417483215767262,"x2","rando"
"25%4512",4.59183673469388,0.306280541802953,0.330969890446919,"x2","rando"
"25%4612",4.69387755102041,0.108577423058647,0.158718944051322,"x2","rando"
"25%4712",4.79591836734694,0.029244884246619,0.0531398598303985,"x2","rando"
"25%4812",4.89795918367347,0.00577165506846194,0.0123555480611876,"x2","rando"
"25%4912",5,0.000977453655138971,0.00230195739046459,"x2","rando"
